-- phpMyAdmin SQL Dump
-- version 5.2.3
-- https://www.phpmyadmin.net/
--
-- Host: localhost
-- Generation Time: Mar 16, 2026 at 11:42 AM
-- Server version: 9.5.0
-- PHP Version: 8.4.17

SET SQL_MODE = "NO_AUTO_VALUE_ON_ZERO";
START TRANSACTION;
SET time_zone = "+00:00";


/*!40101 SET @OLD_CHARACTER_SET_CLIENT=@@CHARACTER_SET_CLIENT */;
/*!40101 SET @OLD_CHARACTER_SET_RESULTS=@@CHARACTER_SET_RESULTS */;
/*!40101 SET @OLD_COLLATION_CONNECTION=@@COLLATION_CONNECTION */;
/*!40101 SET NAMES utf8mb4 */;

--
-- Database: `almufeed_pos`
--

-- --------------------------------------------------------

--
-- Table structure for table `attendances`
--

CREATE TABLE `attendances` (
  `id` bigint UNSIGNED NOT NULL,
  `branch_id` bigint UNSIGNED DEFAULT NULL,
  `employee_id` bigint UNSIGNED NOT NULL,
  `date` date NOT NULL,
  `session` enum('morning','evening','night') COLLATE utf8mb4_unicode_ci NOT NULL DEFAULT 'morning',
  `check_in` time DEFAULT NULL,
  `check_out` time DEFAULT NULL,
  `status` enum('present','absent','late','on_leave','half_day') COLLATE utf8mb4_unicode_ci DEFAULT 'present',
  `notes` text COLLATE utf8mb4_unicode_ci,
  `created_at` timestamp NULL DEFAULT NULL,
  `updated_at` timestamp NULL DEFAULT NULL
) ENGINE=InnoDB DEFAULT CHARSET=utf8mb4 COLLATE=utf8mb4_unicode_ci;

--
-- Dumping data for table `attendances`
--

INSERT INTO `attendances` (`id`, `branch_id`, `employee_id`, `date`, `session`, `check_in`, `check_out`, `status`, `notes`, `created_at`, `updated_at`) VALUES
(45, 1, 4, '2025-09-16', 'morning', NULL, NULL, 'present', '', '2025-09-16 02:18:07', '2025-09-16 02:18:07'),
(46, 1, 4, '2025-09-15', 'morning', NULL, NULL, 'present', '', '2025-09-16 02:20:55', '2025-09-16 02:20:55'),
(47, 1, 4, '2025-09-14', 'morning', NULL, NULL, 'present', '', '2025-09-16 02:21:37', '2025-09-16 02:21:37'),
(48, 1, 4, '2025-09-01', 'morning', NULL, NULL, 'present', '', '2025-09-16 02:23:24', '2025-09-16 02:23:24'),
(49, 1, 4, '2025-09-02', 'morning', NULL, NULL, 'present', '', '2025-09-16 02:23:58', '2025-09-16 02:23:58'),
(50, 1, 4, '2025-09-03', 'morning', NULL, NULL, 'present', '', '2025-09-16 02:24:28', '2025-09-16 02:24:28'),
(51, 1, 4, '2025-09-04', 'morning', NULL, NULL, 'present', '', '2025-09-16 02:25:13', '2025-09-16 02:25:13'),
(52, 1, 4, '2025-09-05', 'morning', NULL, NULL, 'present', '', '2025-09-16 02:25:45', '2025-09-16 02:25:45'),
(53, 1, 4, '2025-09-06', 'morning', NULL, NULL, 'present', '', '2025-09-16 02:26:08', '2025-09-16 02:26:08'),
(54, 1, 4, '2025-09-07', 'morning', NULL, NULL, 'present', '', '2025-09-16 02:26:40', '2025-09-16 02:26:40'),
(55, 1, 4, '2025-09-08', 'morning', NULL, NULL, 'present', '', '2025-09-16 02:27:10', '2025-09-16 02:27:10'),
(56, 1, 4, '2025-09-09', 'morning', NULL, NULL, 'present', '', '2025-09-16 02:27:39', '2025-09-16 02:27:39'),
(57, 1, 4, '2025-09-10', 'morning', NULL, NULL, 'present', '', '2025-09-16 02:28:08', '2025-09-16 02:28:08'),
(58, 1, 4, '2025-09-11', 'morning', NULL, NULL, 'present', '', '2025-09-16 02:28:35', '2025-09-16 02:28:35'),
(59, 1, 4, '2025-09-12', 'morning', NULL, NULL, 'present', '', '2025-09-16 02:29:10', '2025-09-16 02:29:10'),
(60, 1, 4, '2025-09-13', 'morning', NULL, NULL, 'present', '', '2025-09-16 02:29:36', '2025-09-16 02:29:36'),
(61, 1, 5, '2025-09-16', 'morning', NULL, NULL, 'present', '', '2025-09-16 07:06:28', '2025-09-16 07:06:28'),
(62, 1, 5, '2025-09-15', 'morning', NULL, NULL, 'present', '', '2025-09-16 07:07:14', '2025-09-16 07:07:14'),
(63, 1, 5, '2025-09-14', 'morning', NULL, NULL, 'present', '', '2025-09-16 07:07:54', '2025-09-16 07:07:54'),
(64, 1, 5, '2025-09-13', 'morning', NULL, NULL, 'present', '', '2025-09-16 07:09:33', '2025-09-16 07:09:33'),
(65, 1, 5, '2025-09-12', 'morning', NULL, NULL, 'present', '', '2025-09-16 07:09:56', '2025-09-16 07:09:56'),
(66, 1, 5, '2025-09-11', 'morning', NULL, NULL, 'present', '', '2025-09-16 07:10:19', '2025-09-16 07:10:19'),
(67, 1, 5, '2025-09-10', 'morning', NULL, NULL, 'present', '', '2025-09-16 07:10:46', '2025-09-16 07:10:46'),
(68, 1, 5, '2025-09-09', 'morning', NULL, NULL, 'present', '', '2025-09-16 07:11:20', '2025-09-16 07:11:20'),
(69, 1, 5, '2025-09-08', 'morning', NULL, NULL, 'present', '', '2025-09-16 07:11:55', '2025-09-16 07:11:55'),
(70, 1, 5, '2025-09-06', 'morning', NULL, NULL, 'present', '', '2025-09-16 07:12:44', '2025-09-16 07:12:44'),
(71, 1, 5, '2025-09-05', 'morning', NULL, NULL, 'present', '', '2025-09-16 07:13:17', '2025-09-16 07:13:17'),
(72, 1, 5, '2025-09-03', 'morning', NULL, NULL, 'present', '', '2025-09-16 07:13:42', '2025-09-16 07:13:42'),
(73, 1, 5, '2025-09-02', 'morning', NULL, NULL, 'present', '', '2025-09-16 07:14:18', '2025-09-16 07:14:18'),
(74, 1, 5, '2025-09-01', 'morning', NULL, NULL, 'present', '', '2025-09-16 07:14:50', '2025-09-16 07:14:50'),
(75, 1, 4, '2025-09-17', 'morning', NULL, NULL, 'present', '', '2025-09-16 22:42:37', '2025-09-16 22:42:37'),
(76, 1, 4, '2025-09-18', 'morning', NULL, NULL, 'present', '', '2025-09-18 00:25:00', '2025-09-18 00:25:00'),
(77, 1, 4, '2025-09-19', 'morning', NULL, NULL, 'present', '', '2025-09-18 22:41:39', '2025-09-18 22:41:39'),
(78, 1, 4, '2025-09-22', 'morning', NULL, NULL, 'present', '', '2025-09-22 01:48:38', '2025-09-22 01:48:38'),
(79, 1, 4, '2025-09-20', 'morning', NULL, NULL, 'present', '', '2025-09-22 01:49:15', '2025-09-22 01:49:15'),
(80, 1, 4, '2025-09-21', 'morning', NULL, NULL, 'present', '', '2025-09-22 01:49:41', '2025-09-22 01:49:41'),
(81, 1, 4, '2025-09-23', 'morning', NULL, NULL, 'present', '', '2025-09-23 08:56:21', '2025-09-23 08:56:21'),
(82, 1, 4, '2025-09-24', 'morning', NULL, NULL, 'present', '', '2025-09-24 08:44:39', '2025-09-24 08:44:39'),
(83, 1, 4, '2025-09-25', 'morning', NULL, NULL, 'present', '', '2025-09-24 23:53:55', '2025-09-24 23:53:55'),
(84, 1, 4, '2025-09-26', 'morning', NULL, NULL, 'present', '', '2025-09-25 23:24:29', '2025-09-25 23:24:29'),
(85, 1, 4, '2025-09-27', 'morning', NULL, NULL, 'present', '', '2025-09-27 10:38:36', '2025-09-27 10:38:36'),
(86, 1, 4, '2025-09-28', 'morning', NULL, NULL, 'present', '', '2025-09-28 23:18:52', '2025-09-28 23:18:52'),
(87, 1, 4, '2025-09-29', 'morning', NULL, NULL, 'present', '', '2025-09-28 23:19:13', '2025-09-28 23:19:13'),
(88, 1, 5, '2025-12-21', 'morning', NULL, NULL, 'present', '', '2025-12-21 01:18:48', '2025-12-21 01:18:48'),
(89, 1, 5, '2025-12-20', 'morning', NULL, NULL, 'present', '', '2025-12-21 01:19:33', '2025-12-21 01:19:33'),
(90, 1, 4, '2025-12-21', 'morning', NULL, NULL, 'present', '', '2025-12-21 04:23:14', '2025-12-21 04:23:14'),
(91, 1, 5, '2025-12-22', 'morning', NULL, NULL, 'present', '', '2025-12-22 01:24:23', '2025-12-22 01:24:23'),
(92, 1, 4, '2025-12-22', 'morning', NULL, NULL, 'present', '', '2025-12-22 01:25:28', '2025-12-22 01:25:28');

-- --------------------------------------------------------

--
-- Table structure for table `attendance_sessions`
--

CREATE TABLE `attendance_sessions` (
  `id` bigint UNSIGNED NOT NULL,
  `attendance_id` bigint UNSIGNED NOT NULL,
  `check_in` time NOT NULL,
  `check_out` time DEFAULT NULL,
  `created_at` timestamp NULL DEFAULT NULL,
  `updated_at` timestamp NULL DEFAULT NULL
) ENGINE=InnoDB DEFAULT CHARSET=utf8mb4 COLLATE=utf8mb4_unicode_ci;

--
-- Dumping data for table `attendance_sessions`
--

INSERT INTO `attendance_sessions` (`id`, `attendance_id`, `check_in`, `check_out`, `created_at`, `updated_at`) VALUES
(21, 45, '08:00:00', '14:52:00', '2025-09-16 02:18:07', '2025-09-16 09:52:25'),
(22, 46, '08:00:00', '18:00:00', '2025-09-16 02:20:55', '2025-09-16 02:20:55'),
(23, 47, '08:00:00', '18:00:00', '2025-09-16 02:21:37', '2025-09-16 02:21:37'),
(24, 48, '08:00:00', '18:23:00', '2025-09-16 02:23:24', '2025-09-16 02:23:24'),
(25, 49, '08:00:00', '18:24:00', '2025-09-16 02:23:58', '2025-09-16 02:23:58'),
(26, 50, '08:00:00', '18:24:00', '2025-09-16 02:24:28', '2025-09-16 02:24:28'),
(27, 51, '08:00:00', '18:00:00', '2025-09-16 02:25:13', '2025-09-16 02:25:13'),
(28, 52, '08:00:00', '18:00:00', '2025-09-16 02:25:45', '2025-09-16 02:25:45'),
(29, 53, '08:00:00', NULL, '2025-09-16 02:26:08', '2025-09-16 02:26:08'),
(30, 54, '08:00:00', '18:00:00', '2025-09-16 02:26:40', '2025-09-16 02:26:40'),
(31, 55, '08:00:00', '18:00:00', '2025-09-16 02:27:10', '2025-09-16 02:27:10'),
(32, 56, '08:00:00', '18:00:00', '2025-09-16 02:27:39', '2025-09-16 02:27:39'),
(33, 57, '08:00:00', '18:00:00', '2025-09-16 02:28:08', '2025-09-16 02:28:08'),
(34, 58, '08:00:00', '18:00:00', '2025-09-16 02:28:35', '2025-09-16 02:28:35'),
(35, 59, '08:00:00', '18:00:00', '2025-09-16 02:29:10', '2025-09-16 02:29:10'),
(36, 60, '08:00:00', '18:00:00', '2025-09-16 02:29:36', '2025-09-16 02:29:36'),
(37, 60, '08:00:00', '18:00:00', '2025-09-16 02:36:14', '2025-09-16 02:36:14'),
(38, 61, '08:00:00', NULL, '2025-09-16 07:06:28', '2025-09-16 07:06:28'),
(39, 62, '08:00:00', '19:30:00', '2025-09-16 07:07:14', '2025-09-16 07:07:14'),
(40, 63, '08:10:00', '19:15:00', '2025-09-16 07:07:54', '2025-09-16 07:07:54'),
(41, 61, '08:00:00', '19:35:00', '2025-09-16 07:08:28', '2025-09-16 07:08:28'),
(42, 61, '08:00:00', '19:35:00', '2025-09-16 07:08:30', '2025-09-16 07:08:30'),
(43, 61, '07:50:00', '19:20:00', '2025-09-16 07:08:57', '2025-09-16 07:08:57'),
(44, 64, '08:02:00', '19:25:00', '2025-09-16 07:09:33', '2025-09-16 07:09:33'),
(45, 65, '08:02:00', '19:05:00', '2025-09-16 07:09:56', '2025-09-16 07:09:56'),
(46, 66, '07:55:00', '19:15:00', '2025-09-16 07:10:19', '2025-09-16 07:10:19'),
(47, 67, '07:58:00', '17:35:00', '2025-09-16 07:10:46', '2025-09-16 07:10:46'),
(48, 68, '08:01:00', '19:15:00', '2025-09-16 07:11:20', '2025-09-16 07:11:20'),
(49, 69, '07:45:00', '19:30:00', '2025-09-16 07:11:55', '2025-09-16 07:11:55'),
(50, 70, '08:00:00', '17:50:00', '2025-09-16 07:12:44', '2025-09-16 07:12:44'),
(51, 71, '07:48:00', '18:40:00', '2025-09-16 07:13:17', '2025-09-16 07:13:17'),
(52, 72, '08:05:00', '18:45:00', '2025-09-16 07:13:42', '2025-09-16 07:13:42'),
(53, 73, '08:02:00', '19:05:00', '2025-09-16 07:14:18', '2025-09-16 07:14:18'),
(54, 74, '08:01:00', '17:05:00', '2025-09-16 07:14:50', '2025-09-16 07:14:50'),
(55, 75, '08:20:00', '14:50:00', '2025-09-16 22:42:37', '2025-09-17 09:50:47'),
(56, 76, '08:00:00', NULL, '2025-09-18 00:25:00', '2025-09-18 00:25:00'),
(57, 77, '08:00:00', NULL, '2025-09-18 22:41:39', '2025-09-18 22:41:39'),
(58, 78, '08:00:00', NULL, '2025-09-22 01:48:38', '2025-09-22 01:48:38'),
(59, 81, '08:00:00', '18:00:00', '2025-09-23 08:56:21', '2025-09-23 08:56:21'),
(60, 82, '08:00:00', '18:00:00', '2025-09-24 08:44:39', '2025-09-24 08:44:39'),
(61, 83, '08:00:00', NULL, '2025-09-24 23:53:55', '2025-09-24 23:53:55'),
(62, 84, '08:00:00', '14:02:00', '2025-09-25 23:24:29', '2025-09-26 09:02:11'),
(63, 84, '09:00:00', '18:00:00', '2025-09-26 09:04:32', '2025-09-26 09:04:32'),
(64, 85, '08:00:00', '18:00:00', '2025-09-27 10:38:36', '2025-09-27 10:38:36'),
(65, 87, '08:00:00', '13:40:00', '2025-09-28 23:19:13', '2025-09-29 08:40:08'),
(66, 88, '08:30:00', '06:20:00', '2025-12-21 01:18:48', '2025-12-21 01:20:30'),
(67, 88, '08:30:00', NULL, '2025-12-21 01:20:55', '2025-12-21 01:20:55'),
(68, 90, '00:15:00', NULL, '2025-12-21 04:23:14', '2025-12-21 04:23:14'),
(69, 91, '08:30:00', NULL, '2025-12-22 01:24:23', '2025-12-22 01:24:23'),
(70, 92, '09:00:00', NULL, '2025-12-22 01:25:28', '2025-12-22 01:25:28'),
(71, 92, '09:00:00', '17:20:00', '2025-12-22 10:05:26', '2025-12-22 10:05:26');

-- --------------------------------------------------------

--
-- Table structure for table `branches`
--

CREATE TABLE `branches` (
  `id` bigint UNSIGNED NOT NULL,
  `name` varchar(255) COLLATE utf8mb4_unicode_ci NOT NULL,
  `code` varchar(255) COLLATE utf8mb4_unicode_ci DEFAULT NULL,
  `address` varchar(255) COLLATE utf8mb4_unicode_ci DEFAULT NULL,
  `phone` varchar(255) COLLATE utf8mb4_unicode_ci DEFAULT NULL,
  `logo` varchar(255) COLLATE utf8mb4_unicode_ci DEFAULT NULL,
  `order_start_number` int UNSIGNED DEFAULT NULL,
  `is_active` tinyint(1) NOT NULL DEFAULT '1',
  `created_at` timestamp NULL DEFAULT NULL,
  `updated_at` timestamp NULL DEFAULT NULL
) ENGINE=InnoDB DEFAULT CHARSET=utf8mb4 COLLATE=utf8mb4_unicode_ci;

--
-- Dumping data for table `branches`
--

INSERT INTO `branches` (`id`, `name`, `code`, `address`, `phone`, `logo`, `order_start_number`, `is_active`, `created_at`, `updated_at`) VALUES
(1, 'Almufeed Saqafti Markaz', 'ASM', '', '', NULL, NULL, 1, '2026-03-12 01:48:21', '2026-03-15 05:26:40'),
(2, 'ALMufeed Book Depot', 'AMB', 'Panjgirayn', '03417212469', 'branch-logos/7uyFYjYYgrRGstLp3nKvhjN4IQbtWpggnAnyocGO.jpg', 313, 1, '2026-03-12 01:54:49', '2026-03-15 05:27:12'),
(3, 'ALMufeed Mobiles', 'AMM', 'Ali Plaza PanjGirain Tehsil DaryaKhan District Bhakkar', '+923005966912', 'branch-logos/apVERvoUeBzI4VPBqHYGVn3KQ4Ol9vcLodF2LEmo.png', 313, 1, '2026-03-12 08:16:54', '2026-03-15 05:27:26');

-- --------------------------------------------------------

--
-- Table structure for table `branch_product_stock`
--

CREATE TABLE `branch_product_stock` (
  `id` bigint UNSIGNED NOT NULL,
  `branch_id` bigint UNSIGNED NOT NULL,
  `product_id` bigint UNSIGNED NOT NULL,
  `stock_quantity` decimal(10,2) NOT NULL DEFAULT '0.00',
  `reorder_level` decimal(10,2) NOT NULL DEFAULT '10.00',
  `created_at` timestamp NULL DEFAULT NULL,
  `updated_at` timestamp NULL DEFAULT NULL
) ENGINE=InnoDB DEFAULT CHARSET=utf8mb4 COLLATE=utf8mb4_unicode_ci;

--
-- Dumping data for table `branch_product_stock`
--

INSERT INTO `branch_product_stock` (`id`, `branch_id`, `product_id`, `stock_quantity`, `reorder_level`, `created_at`, `updated_at`) VALUES
(1, 1, 1, 31.00, 3.00, '2026-03-12 01:48:21', '2026-03-12 01:48:21'),
(2, 1, 7, 25.00, 3.00, '2026-03-12 01:48:21', '2026-03-14 11:40:24'),
(3, 1, 8, 95.00, 10.00, '2026-03-12 01:48:21', '2026-03-12 01:48:21'),
(4, 1, 9, 22.00, 5.00, '2026-03-12 01:48:21', '2026-03-12 01:48:21'),
(5, 1, 10, 11.00, 5.00, '2026-03-12 01:48:21', '2026-03-12 01:48:21'),
(6, 1, 11, 43.00, 20.00, '2026-03-12 01:48:21', '2026-03-12 01:48:21'),
(7, 1, 12, 49.00, 5.00, '2026-03-12 01:48:21', '2026-03-12 01:48:21'),
(8, 1, 13, 9.00, 3.00, '2026-03-12 01:48:21', '2026-03-12 01:48:21'),
(9, 1, 14, 94.00, 20.00, '2026-03-12 01:48:21', '2026-03-12 01:48:21'),
(10, 1, 18, 47.00, 5.00, '2026-03-12 01:48:21', '2026-03-12 01:48:21'),
(11, 1, 19, 48.00, 5.00, '2026-03-12 01:48:21', '2026-03-12 01:48:21'),
(12, 1, 20, 66.00, 5.00, '2026-03-12 01:48:21', '2026-03-12 01:48:21'),
(13, 1, 21, 16.00, 5.00, '2026-03-12 01:48:21', '2026-03-14 11:40:24'),
(14, 1, 22, 11.00, 5.00, '2026-03-12 01:48:21', '2026-03-12 01:48:21'),
(15, 1, 23, 6.00, 5.00, '2026-03-12 01:48:21', '2026-03-12 01:48:21'),
(16, 1, 24, 55.00, 3.00, '2026-03-12 01:48:21', '2026-03-12 01:48:21'),
(17, 1, 25, 11.00, 0.00, '2026-03-12 01:48:21', '2026-03-12 01:48:21'),
(18, 1, 26, 11.00, 0.00, '2026-03-12 01:48:21', '2026-03-12 01:48:21'),
(19, 1, 27, 5.00, 5.00, '2026-03-12 01:48:21', '2026-03-12 01:48:21'),
(20, 1, 28, 5.00, 5.00, '2026-03-12 01:48:21', '2026-03-12 01:48:21'),
(21, 1, 29, 5.00, 5.00, '2026-03-12 01:48:21', '2026-03-12 01:48:21'),
(22, 1, 30, 5.00, 5.00, '2026-03-12 01:48:21', '2026-03-12 01:48:21'),
(23, 1, 31, 5.00, 5.00, '2026-03-12 01:48:21', '2026-03-12 01:48:21'),
(24, 1, 32, 5.00, 5.00, '2026-03-12 01:48:21', '2026-03-12 01:48:21'),
(25, 1, 33, 5.00, 5.00, '2026-03-12 01:48:21', '2026-03-12 01:48:21'),
(26, 1, 34, 4.00, 2.00, '2026-03-12 01:48:21', '2026-03-12 01:48:21'),
(27, 1, 35, 1.00, 2.00, '2026-03-12 01:48:21', '2026-03-12 01:48:21'),
(28, 1, 36, 4.00, 2.00, '2026-03-12 01:48:21', '2026-03-12 01:48:21'),
(29, 1, 37, 43.00, 5.00, '2026-03-12 01:48:21', '2026-03-12 01:48:21'),
(30, 1, 38, 5.00, 5.00, '2026-03-12 01:48:21', '2026-03-12 01:48:21'),
(31, 1, 39, 10.00, 5.00, '2026-03-12 01:48:21', '2026-03-12 01:48:21'),
(32, 1, 41, 3.00, 2.00, '2026-03-12 01:48:21', '2026-03-12 01:48:21'),
(33, 1, 43, 7.00, 0.00, '2026-03-12 01:48:21', '2026-03-12 01:48:21'),
(34, 1, 44, 198.00, 5.00, '2026-03-12 01:48:21', '2026-03-12 01:48:21'),
(35, 1, 45, 9.00, 0.00, '2026-03-12 01:48:21', '2026-03-12 01:48:21'),
(36, 1, 48, 4.00, 5.00, '2026-03-12 01:48:21', '2026-03-14 11:40:24'),
(37, 1, 49, 122.00, 5.00, '2026-03-12 01:48:21', '2026-03-12 01:48:21'),
(38, 1, 50, 395.00, 5.00, '2026-03-12 01:48:21', '2026-03-12 01:48:21'),
(39, 1, 51, 29.00, 5.00, '2026-03-12 01:48:21', '2026-03-12 01:48:21'),
(40, 1, 52, 4.00, 5.00, '2026-03-12 01:48:21', '2026-03-12 01:48:21'),
(41, 1, 53, 3.00, 5.00, '2026-03-12 01:48:21', '2026-03-12 01:48:21'),
(42, 1, 54, 77.00, 20.00, '2026-03-12 01:48:21', '2026-03-13 13:51:03'),
(43, 1, 55, 21.00, 10.00, '2026-03-12 01:48:21', '2026-03-12 01:48:21'),
(44, 1, 56, 14.00, 5.00, '2026-03-12 01:48:21', '2026-03-13 13:51:03'),
(45, 1, 57, 0.00, 2.00, '2026-03-12 01:48:21', '2026-03-12 01:48:21'),
(46, 1, 58, 0.00, 2.00, '2026-03-12 01:48:21', '2026-03-12 01:48:21'),
(47, 1, 59, 0.00, 5.00, '2026-03-12 01:48:21', '2026-03-12 01:48:21'),
(48, 1, 60, 0.00, 5.00, '2026-03-12 01:48:21', '2026-03-12 01:48:21'),
(49, 1, 61, 3.00, 2.00, '2026-03-12 01:48:21', '2026-03-12 01:48:21'),
(50, 1, 62, 4.00, 0.00, '2026-03-12 01:48:21', '2026-03-13 13:47:18'),
(51, 1, 63, 0.00, 0.00, '2026-03-12 01:48:21', '2026-03-12 01:48:21'),
(52, 1, 64, 1.00, 5.00, '2026-03-12 01:48:21', '2026-03-12 01:48:21'),
(53, 1, 65, 1.00, 5.00, '2026-03-12 01:48:21', '2026-03-12 01:48:21'),
(54, 1, 66, 1.00, 5.00, '2026-03-12 01:48:21', '2026-03-12 01:48:21'),
(55, 1, 67, 12.00, 5.00, '2026-03-12 01:48:21', '2026-03-12 01:48:21'),
(56, 1, 68, 1.00, 5.00, '2026-03-12 01:48:21', '2026-03-12 01:48:21'),
(57, 1, 69, 1.00, 5.00, '2026-03-12 01:48:21', '2026-03-12 01:48:21'),
(58, 1, 70, 1.00, 5.00, '2026-03-12 01:48:21', '2026-03-12 01:48:21'),
(59, 1, 71, 1.00, 5.00, '2026-03-12 01:48:21', '2026-03-12 01:48:21'),
(60, 1, 72, 1.00, 5.00, '2026-03-12 01:48:21', '2026-03-12 01:48:21'),
(61, 1, 73, 1.00, 5.00, '2026-03-12 01:48:21', '2026-03-12 01:48:21'),
(62, 1, 74, 1.00, 5.00, '2026-03-12 01:48:21', '2026-03-12 01:48:21'),
(63, 1, 75, 1.00, 5.00, '2026-03-12 01:48:21', '2026-03-12 01:48:21'),
(64, 1, 76, 2.00, 5.00, '2026-03-12 01:48:21', '2026-03-12 01:48:21'),
(65, 1, 77, 1.00, 5.00, '2026-03-12 01:48:21', '2026-03-12 01:48:21'),
(66, 1, 78, 1.00, 5.00, '2026-03-12 01:48:21', '2026-03-12 01:48:21'),
(67, 1, 79, 1.00, 5.00, '2026-03-12 01:48:21', '2026-03-12 01:48:21'),
(68, 1, 80, 1.00, 5.00, '2026-03-12 01:48:21', '2026-03-12 01:48:21'),
(69, 1, 81, 1.00, 5.00, '2026-03-12 01:48:21', '2026-03-12 01:48:21'),
(70, 1, 82, 1.00, 5.00, '2026-03-12 01:48:21', '2026-03-12 01:48:21'),
(71, 1, 83, 2.00, 5.00, '2026-03-12 01:48:21', '2026-03-12 01:48:21'),
(72, 1, 84, 2.00, 5.00, '2026-03-12 01:48:21', '2026-03-12 01:48:21'),
(73, 1, 85, 2.00, 5.00, '2026-03-12 01:48:21', '2026-03-12 01:48:21'),
(74, 1, 86, 2.00, 5.00, '2026-03-12 01:48:21', '2026-03-12 01:48:21'),
(75, 1, 87, 3.00, 5.00, '2026-03-12 01:48:21', '2026-03-12 01:48:21'),
(76, 1, 88, 2.00, 5.00, '2026-03-12 01:48:21', '2026-03-12 01:48:21'),
(77, 1, 89, 2.00, 5.00, '2026-03-12 01:48:21', '2026-03-12 01:48:21'),
(78, 1, 90, 9.00, 0.00, '2026-03-12 01:48:21', '2026-03-12 01:48:21'),
(79, 1, 91, 5.00, 5.00, '2026-03-12 01:48:21', '2026-03-12 01:48:21'),
(80, 1, 92, 6.00, 5.00, '2026-03-12 01:48:21', '2026-03-12 01:48:21'),
(81, 1, 93, 2.00, 5.00, '2026-03-12 01:48:21', '2026-03-12 01:48:21'),
(82, 1, 94, 2.00, 5.00, '2026-03-12 01:48:21', '2026-03-12 01:48:21'),
(83, 1, 95, 2.00, 1.00, '2026-03-12 01:48:21', '2026-03-12 01:48:21'),
(84, 1, 96, 0.00, 0.00, '2026-03-12 01:48:21', '2026-03-12 01:48:21'),
(85, 1, 97, 1.00, 0.00, '2026-03-12 01:48:21', '2026-03-12 01:48:21'),
(86, 1, 98, 1.00, 0.00, '2026-03-12 01:48:21', '2026-03-12 01:48:21'),
(87, 1, 99, 2.00, 1.00, '2026-03-12 01:48:21', '2026-03-12 01:48:21'),
(88, 1, 100, 1.00, 0.00, '2026-03-12 01:48:21', '2026-03-12 01:48:21'),
(89, 1, 101, 1.00, 0.00, '2026-03-12 01:48:21', '2026-03-12 01:48:21'),
(90, 1, 102, 1.00, 0.00, '2026-03-12 01:48:21', '2026-03-12 01:48:21'),
(91, 1, 103, 1.00, 0.00, '2026-03-12 01:48:21', '2026-03-12 01:48:21'),
(92, 1, 104, 2.00, 1.00, '2026-03-12 01:48:21', '2026-03-12 01:48:21'),
(93, 1, 105, 1.00, 0.00, '2026-03-12 01:48:21', '2026-03-12 01:48:21'),
(94, 1, 106, 1.00, 0.00, '2026-03-12 01:48:21', '2026-03-12 01:48:21'),
(95, 1, 107, 1.00, 0.00, '2026-03-12 01:48:21', '2026-03-12 01:48:21'),
(96, 1, 108, 2.00, 1.00, '2026-03-12 01:48:21', '2026-03-12 01:48:21'),
(97, 1, 109, 2.00, 1.00, '2026-03-12 01:48:21', '2026-03-12 01:48:21'),
(98, 1, 110, 1.00, 0.00, '2026-03-12 01:48:21', '2026-03-12 01:48:21'),
(99, 1, 111, 1.00, 2.00, '2026-03-12 01:48:21', '2026-03-12 01:48:21'),
(100, 1, 112, 5.00, 2.00, '2026-03-12 01:48:21', '2026-03-12 01:48:21'),
(101, 1, 113, 1.00, 0.00, '2026-03-12 01:48:21', '2026-03-12 01:48:21'),
(102, 1, 114, 1.00, 0.00, '2026-03-12 01:48:21', '2026-03-12 01:48:21'),
(103, 1, 115, 1.00, 0.00, '2026-03-12 01:48:21', '2026-03-12 01:48:21'),
(104, 1, 116, 1.00, 0.00, '2026-03-12 01:48:21', '2026-03-12 01:48:21'),
(105, 1, 117, 1.00, 0.00, '2026-03-12 01:48:21', '2026-03-12 01:48:21'),
(106, 1, 118, 1.00, 0.00, '2026-03-12 01:48:21', '2026-03-12 01:48:21'),
(107, 1, 119, 1.00, 0.00, '2026-03-12 01:48:21', '2026-03-12 01:48:21'),
(108, 1, 120, 2.00, 1.00, '2026-03-12 01:48:21', '2026-03-12 01:48:21'),
(109, 1, 121, 12.00, 5.00, '2026-03-12 01:48:21', '2026-03-12 01:48:21'),
(110, 1, 122, 13.00, 5.00, '2026-03-12 01:48:21', '2026-03-12 01:48:21'),
(111, 1, 123, 2.00, 1.00, '2026-03-12 01:48:21', '2026-03-12 01:48:21'),
(112, 1, 124, 3.00, 1.00, '2026-03-12 01:48:21', '2026-03-12 01:48:21'),
(113, 1, 125, 1.00, 0.00, '2026-03-12 01:48:21', '2026-03-12 01:48:21'),
(114, 1, 126, 1.00, 0.00, '2026-03-12 01:48:21', '2026-03-12 01:48:21'),
(115, 1, 127, 1.00, 0.00, '2026-03-12 01:48:21', '2026-03-12 01:48:21'),
(116, 1, 128, 1.00, 0.00, '2026-03-12 01:48:21', '2026-03-12 01:48:21'),
(117, 1, 129, 1.00, 0.00, '2026-03-12 01:48:21', '2026-03-12 01:48:21'),
(118, 1, 130, 3.00, 1.00, '2026-03-12 01:48:21', '2026-03-12 01:48:21'),
(119, 1, 131, 1.00, 0.00, '2026-03-12 01:48:21', '2026-03-12 01:48:21'),
(120, 1, 132, 1.00, 0.00, '2026-03-12 01:48:21', '2026-03-12 01:48:21'),
(121, 1, 133, 1.00, 0.00, '2026-03-12 01:48:21', '2026-03-12 01:48:21'),
(122, 1, 134, 1.00, 0.00, '2026-03-12 01:48:21', '2026-03-12 01:48:21'),
(123, 1, 135, 1.00, 0.00, '2026-03-12 01:48:21', '2026-03-12 01:48:21'),
(124, 1, 136, 2.00, 1.00, '2026-03-12 01:48:21', '2026-03-12 01:48:21'),
(125, 1, 137, 1.00, 0.00, '2026-03-12 01:48:21', '2026-03-12 01:48:21'),
(126, 1, 138, 3.00, 1.00, '2026-03-12 01:48:21', '2026-03-12 01:48:21'),
(127, 1, 139, 1.00, 0.00, '2026-03-12 01:48:21', '2026-03-12 01:48:21'),
(128, 1, 140, 1.00, 0.00, '2026-03-12 01:48:21', '2026-03-12 01:48:21'),
(129, 1, 141, 1.00, 0.00, '2026-03-12 01:48:21', '2026-03-12 01:48:21'),
(130, 1, 142, 5.00, 2.00, '2026-03-12 01:48:21', '2026-03-12 01:48:21'),
(131, 1, 143, 15.00, 5.00, '2026-03-12 01:48:21', '2026-03-12 01:48:21'),
(132, 1, 144, 8.00, 2.00, '2026-03-12 01:48:21', '2026-03-12 01:48:21'),
(133, 1, 145, 1.00, 0.00, '2026-03-12 01:48:21', '2026-03-12 01:48:21'),
(134, 1, 146, 7.00, 2.00, '2026-03-12 01:48:21', '2026-03-12 01:48:21'),
(135, 1, 147, 10.00, 2.00, '2026-03-12 01:48:21', '2026-03-12 01:48:21'),
(136, 1, 148, 23.00, 5.00, '2026-03-12 01:48:21', '2026-03-12 01:48:21'),
(137, 1, 149, 1.00, 0.00, '2026-03-12 01:48:21', '2026-03-12 01:48:21'),
(138, 1, 150, 8.00, 2.00, '2026-03-12 01:48:21', '2026-03-12 01:48:21'),
(139, 1, 151, 1.00, 0.00, '2026-03-12 01:48:21', '2026-03-12 01:48:21'),
(140, 1, 152, 1.00, 0.00, '2026-03-12 01:48:21', '2026-03-12 01:48:21'),
(141, 1, 153, 1.00, 0.00, '2026-03-12 01:48:21', '2026-03-12 01:48:21'),
(142, 1, 154, 1.00, 0.00, '2026-03-12 01:48:21', '2026-03-12 01:48:21'),
(143, 1, 155, 1.00, 0.00, '2026-03-12 01:48:21', '2026-03-12 01:48:21'),
(144, 1, 156, 1.00, 0.00, '2026-03-12 01:48:21', '2026-03-12 01:48:21'),
(145, 1, 157, 1.00, 0.00, '2026-03-12 01:48:21', '2026-03-12 01:48:21'),
(146, 1, 158, 1.00, 0.00, '2026-03-12 01:48:21', '2026-03-12 01:48:21'),
(147, 1, 159, 1.00, 0.00, '2026-03-12 01:48:21', '2026-03-12 01:48:21'),
(148, 1, 160, 1.00, 0.00, '2026-03-12 01:48:21', '2026-03-12 01:48:21'),
(149, 1, 161, 2.00, 1.00, '2026-03-12 01:48:21', '2026-03-12 01:48:21'),
(150, 1, 162, 1.00, 0.00, '2026-03-12 01:48:21', '2026-03-12 01:48:21'),
(151, 1, 163, 1.00, 0.00, '2026-03-12 01:48:21', '2026-03-12 01:48:21'),
(152, 1, 164, 1.00, 0.00, '2026-03-12 01:48:21', '2026-03-12 01:48:21'),
(153, 1, 165, 1.00, 0.00, '2026-03-12 01:48:21', '2026-03-12 01:48:21'),
(154, 1, 166, 9.00, 0.00, '2026-03-12 01:48:21', '2026-03-12 01:48:21'),
(155, 1, 167, 2.00, 1.00, '2026-03-12 01:48:21', '2026-03-12 01:48:21'),
(156, 1, 168, 1.00, 0.00, '2026-03-12 01:48:21', '2026-03-12 01:48:21'),
(157, 1, 169, 6.00, 2.00, '2026-03-12 01:48:21', '2026-03-12 01:48:21'),
(158, 1, 170, 1.00, 0.00, '2026-03-12 01:48:21', '2026-03-12 01:48:21'),
(159, 1, 171, 11.00, 5.00, '2026-03-12 01:48:21', '2026-03-12 01:48:21'),
(160, 1, 172, 8.00, 0.00, '2026-03-12 01:48:21', '2026-03-12 01:48:21'),
(161, 1, 173, 8.00, 2.00, '2026-03-12 01:48:21', '2026-03-12 01:48:21'),
(162, 1, 174, 1.00, 0.00, '2026-03-12 01:48:21', '2026-03-12 01:48:21'),
(163, 1, 175, 1.00, 0.00, '2026-03-12 01:48:21', '2026-03-12 01:48:21'),
(164, 1, 176, 1.00, 0.00, '2026-03-12 01:48:21', '2026-03-12 01:48:21'),
(165, 1, 177, 1.00, 0.00, '2026-03-12 01:48:21', '2026-03-12 01:48:21'),
(166, 1, 178, 8.00, 2.00, '2026-03-12 01:48:21', '2026-03-12 01:48:21'),
(167, 1, 179, 17.00, 5.00, '2026-03-12 01:48:21', '2026-03-12 01:48:21'),
(168, 1, 180, 1.00, 0.00, '2026-03-12 01:48:21', '2026-03-12 01:48:21'),
(169, 1, 181, 1.00, 0.00, '2026-03-12 01:48:21', '2026-03-12 01:48:21'),
(170, 1, 182, 1.00, 0.00, '2026-03-12 01:48:21', '2026-03-12 01:48:21'),
(171, 1, 183, 1.00, 0.00, '2026-03-12 01:48:21', '2026-03-12 01:48:21'),
(172, 1, 184, 1.00, 0.00, '2026-03-12 01:48:21', '2026-03-12 01:48:21'),
(173, 1, 185, 1.00, 0.00, '2026-03-12 01:48:21', '2026-03-12 01:48:21'),
(174, 1, 186, 2.00, 1.00, '2026-03-12 01:48:21', '2026-03-12 01:48:21'),
(175, 1, 187, 2.00, 0.00, '2026-03-12 01:48:21', '2026-03-12 01:48:21'),
(176, 1, 188, 2.00, 0.00, '2026-03-12 01:48:21', '2026-03-12 01:48:21'),
(177, 1, 189, 19.00, 0.00, '2026-03-12 01:48:21', '2026-03-13 03:19:26'),
(178, 1, 190, 1.00, 0.00, '2026-03-12 01:48:21', '2026-03-12 01:48:21'),
(179, 1, 191, 1.00, 0.00, '2026-03-12 01:48:21', '2026-03-12 01:48:21'),
(180, 1, 192, 1.00, 0.00, '2026-03-12 01:48:21', '2026-03-12 01:48:21'),
(181, 1, 193, 1.00, 0.00, '2026-03-12 01:48:21', '2026-03-12 01:48:21'),
(182, 1, 194, 1.00, 0.00, '2026-03-12 01:48:21', '2026-03-12 01:48:21'),
(183, 1, 195, 1.00, 0.00, '2026-03-12 01:48:21', '2026-03-12 01:48:21'),
(184, 1, 196, 1.00, 0.00, '2026-03-12 01:48:21', '2026-03-12 01:48:21'),
(185, 1, 197, 1.00, 0.00, '2026-03-12 01:48:21', '2026-03-12 01:48:21'),
(186, 1, 198, 1.00, 0.00, '2026-03-12 01:48:21', '2026-03-12 01:48:21'),
(187, 1, 199, 6.00, 1.00, '2026-03-12 01:48:21', '2026-03-12 01:48:21'),
(188, 1, 200, 8.00, 1.00, '2026-03-12 01:48:21', '2026-03-12 01:48:21'),
(189, 1, 201, 9.00, 1.00, '2026-03-12 01:48:21', '2026-03-12 01:48:21'),
(190, 1, 202, 6.00, 1.00, '2026-03-12 01:48:21', '2026-03-12 01:48:21'),
(191, 1, 203, 6.00, 2.00, '2026-03-12 01:48:21', '2026-03-12 01:48:21'),
(192, 1, 204, 1.00, 0.00, '2026-03-12 01:48:21', '2026-03-12 01:48:21'),
(193, 1, 205, 1.00, 0.00, '2026-03-12 01:48:21', '2026-03-12 01:48:21'),
(194, 1, 206, 1.00, 0.00, '2026-03-12 01:48:21', '2026-03-12 01:48:21'),
(195, 1, 207, 1.00, 0.00, '2026-03-12 01:48:21', '2026-03-12 01:48:21'),
(196, 1, 208, 1.00, 0.00, '2026-03-12 01:48:21', '2026-03-12 01:48:21'),
(197, 1, 209, 6.00, 2.00, '2026-03-12 01:48:21', '2026-03-12 01:48:21'),
(198, 1, 210, 5.00, 1.00, '2026-03-12 01:48:21', '2026-03-12 01:48:21'),
(199, 1, 211, 2.00, 0.00, '2026-03-12 01:48:21', '2026-03-12 01:48:21'),
(200, 1, 212, 4.00, 1.00, '2026-03-12 01:48:21', '2026-03-12 01:48:21'),
(201, 1, 213, 6.00, 1.00, '2026-03-12 01:48:21', '2026-03-12 01:48:21'),
(202, 1, 214, 6.00, 1.00, '2026-03-12 01:48:21', '2026-03-12 01:48:21'),
(203, 1, 215, 10.00, 1.00, '2026-03-12 01:48:21', '2026-03-12 01:48:21'),
(204, 1, 216, 1.00, 0.00, '2026-03-12 01:48:21', '2026-03-12 01:48:21'),
(205, 1, 217, 1.00, 0.00, '2026-03-12 01:48:21', '2026-03-12 01:48:21'),
(206, 1, 218, 10.00, 0.00, '2026-03-12 01:48:21', '2026-03-12 01:48:21'),
(207, 1, 219, 8.00, 0.00, '2026-03-12 01:48:21', '2026-03-12 01:48:21'),
(208, 1, 220, 9.00, 0.00, '2026-03-12 01:48:21', '2026-03-12 01:48:21'),
(209, 1, 221, 1.00, 0.00, '2026-03-12 01:48:21', '2026-03-12 01:48:21'),
(210, 1, 222, 3.00, 0.00, '2026-03-12 01:48:21', '2026-03-12 01:48:21'),
(211, 1, 223, 3.00, 0.00, '2026-03-12 01:48:21', '2026-03-12 01:48:21'),
(212, 1, 224, 1.00, 0.00, '2026-03-12 01:48:21', '2026-03-12 01:48:21'),
(213, 1, 225, 2.00, 0.00, '2026-03-12 01:48:21', '2026-03-12 01:48:21'),
(214, 1, 226, 1.00, 0.00, '2026-03-12 01:48:21', '2026-03-12 01:48:21'),
(215, 1, 227, 1.00, 0.00, '2026-03-12 01:48:21', '2026-03-12 01:48:21'),
(216, 1, 228, 1.00, 0.00, '2026-03-12 01:48:21', '2026-03-12 01:48:21'),
(217, 1, 229, 1.00, 0.00, '2026-03-12 01:48:21', '2026-03-12 01:48:21'),
(218, 1, 230, 1.00, 0.00, '2026-03-12 01:48:21', '2026-03-12 01:48:21'),
(219, 1, 231, 22.00, 5.00, '2026-03-12 01:48:21', '2026-03-12 01:48:21'),
(220, 1, 232, 1.00, 0.00, '2026-03-12 01:48:21', '2026-03-12 01:48:21'),
(221, 1, 233, 1.00, 0.00, '2026-03-12 01:48:21', '2026-03-12 01:48:21'),
(222, 1, 234, 1.00, 0.00, '2026-03-12 01:48:21', '2026-03-12 01:48:21'),
(223, 1, 235, 1.00, 0.00, '2026-03-12 01:48:21', '2026-03-12 01:48:21'),
(224, 1, 236, 1.00, 0.00, '2026-03-12 01:48:21', '2026-03-12 01:48:21'),
(225, 1, 237, 1.00, 0.00, '2026-03-12 01:48:21', '2026-03-12 01:48:21'),
(226, 1, 238, 9.00, 2.00, '2026-03-12 01:48:21', '2026-03-12 01:48:21'),
(227, 1, 239, 26.00, 5.00, '2026-03-12 01:48:21', '2026-03-12 01:48:21'),
(228, 1, 240, 1.00, 0.00, '2026-03-12 01:48:21', '2026-03-12 01:48:21'),
(229, 1, 241, 1.00, 0.00, '2026-03-12 01:48:21', '2026-03-12 01:48:21'),
(230, 1, 242, 1.00, 0.00, '2026-03-12 01:48:21', '2026-03-12 01:48:21'),
(231, 1, 243, 1.00, 0.00, '2026-03-12 01:48:21', '2026-03-12 01:48:21'),
(232, 1, 244, 1.00, 0.00, '2026-03-12 01:48:21', '2026-03-12 01:48:21'),
(233, 1, 245, 1.00, 0.00, '2026-03-12 01:48:21', '2026-03-12 01:48:21'),
(234, 1, 246, 1.00, 0.00, '2026-03-12 01:48:21', '2026-03-12 01:48:21'),
(235, 1, 247, 1.00, 0.00, '2026-03-12 01:48:21', '2026-03-12 01:48:21'),
(236, 1, 248, 1.00, 0.00, '2026-03-12 01:48:21', '2026-03-12 01:48:21'),
(237, 1, 249, 1.00, 0.00, '2026-03-12 01:48:21', '2026-03-12 01:48:21'),
(238, 1, 250, 1.00, 0.00, '2026-03-12 01:48:21', '2026-03-12 01:48:21'),
(239, 1, 251, 1.00, 0.00, '2026-03-12 01:48:21', '2026-03-12 01:48:21'),
(240, 1, 252, 1.00, 0.00, '2026-03-12 01:48:21', '2026-03-12 01:48:21'),
(241, 1, 253, 2.00, 0.00, '2026-03-12 01:48:21', '2026-03-12 01:48:21'),
(242, 1, 254, 1.00, 0.00, '2026-03-12 01:48:21', '2026-03-12 01:48:21'),
(243, 1, 255, 1.00, 0.00, '2026-03-12 01:48:21', '2026-03-12 01:48:21'),
(244, 1, 256, 1.00, 0.00, '2026-03-12 01:48:21', '2026-03-12 01:48:21'),
(245, 1, 257, 1.00, 0.00, '2026-03-12 01:48:21', '2026-03-12 01:48:21'),
(246, 1, 258, 1.00, 0.00, '2026-03-12 01:48:21', '2026-03-12 01:48:21'),
(247, 1, 259, 1.00, 0.00, '2026-03-12 01:48:21', '2026-03-12 01:48:21'),
(248, 1, 260, 1.00, 0.00, '2026-03-12 01:48:21', '2026-03-12 01:48:21'),
(249, 1, 261, 1.00, 0.00, '2026-03-12 01:48:21', '2026-03-12 01:48:21'),
(250, 1, 262, 1.00, 0.00, '2026-03-12 01:48:21', '2026-03-12 01:48:21'),
(251, 1, 263, 1.00, 0.00, '2026-03-12 01:48:21', '2026-03-12 01:48:21'),
(252, 1, 264, 1.00, 0.00, '2026-03-12 01:48:21', '2026-03-12 01:48:21'),
(253, 1, 265, 1.00, 0.00, '2026-03-12 01:48:21', '2026-03-12 01:48:21'),
(254, 1, 266, 1.00, 0.00, '2026-03-12 01:48:21', '2026-03-12 01:48:21'),
(255, 1, 267, 2.00, 0.00, '2026-03-12 01:48:21', '2026-03-12 01:48:21'),
(256, 1, 268, 6.00, 0.00, '2026-03-12 01:48:21', '2026-03-12 01:48:21'),
(257, 1, 269, 17.00, 0.00, '2026-03-12 01:48:21', '2026-03-12 01:48:21'),
(258, 1, 270, 1.00, 0.00, '2026-03-12 01:48:21', '2026-03-12 01:48:21'),
(259, 1, 271, 2.00, 0.00, '2026-03-12 01:48:21', '2026-03-12 01:48:21'),
(260, 1, 272, 1.00, 0.00, '2026-03-12 01:48:21', '2026-03-12 01:48:21'),
(261, 1, 273, 1.00, 5.00, '2026-03-12 01:48:21', '2026-03-12 01:48:21'),
(262, 1, 274, 2.00, 0.00, '2026-03-12 01:48:21', '2026-03-12 01:48:21'),
(263, 1, 275, 1.00, 0.00, '2026-03-12 01:48:21', '2026-03-12 01:48:21'),
(264, 1, 276, 1.00, 0.00, '2026-03-12 01:48:21', '2026-03-12 01:48:21'),
(265, 1, 277, 1.00, 0.00, '2026-03-12 01:48:21', '2026-03-12 01:48:21'),
(266, 1, 278, 1.00, 0.00, '2026-03-12 01:48:21', '2026-03-12 01:48:21'),
(267, 1, 279, 1.00, 0.00, '2026-03-12 01:48:21', '2026-03-12 01:48:21'),
(268, 1, 280, 1.00, 0.00, '2026-03-12 01:48:21', '2026-03-12 01:48:21'),
(269, 1, 281, 4.00, 0.00, '2026-03-12 01:48:21', '2026-03-12 01:48:21'),
(270, 1, 282, 1.00, 0.00, '2026-03-12 01:48:21', '2026-03-12 01:48:21'),
(271, 1, 283, 1.00, 0.00, '2026-03-12 01:48:21', '2026-03-12 01:48:21'),
(272, 1, 284, 1.00, 0.00, '2026-03-12 01:48:21', '2026-03-12 01:48:21'),
(273, 1, 285, 2.00, 0.00, '2026-03-12 01:48:21', '2026-03-12 01:48:21'),
(274, 1, 286, 2.00, 0.00, '2026-03-12 01:48:21', '2026-03-12 01:48:21'),
(275, 1, 287, 1.00, 0.00, '2026-03-12 01:48:21', '2026-03-12 01:48:21'),
(276, 1, 288, 30.00, 0.00, '2026-03-12 01:48:21', '2026-03-12 01:48:21'),
(277, 1, 289, 9.00, 0.00, '2026-03-12 01:48:21', '2026-03-12 01:48:21'),
(278, 1, 290, 9.00, 0.00, '2026-03-12 01:48:21', '2026-03-12 01:48:21'),
(279, 1, 291, 49.00, 0.00, '2026-03-12 01:48:21', '2026-03-12 01:48:21'),
(280, 1, 292, 0.00, 0.00, '2026-03-12 01:48:21', '2026-03-12 01:48:21'),
(281, 1, 293, 81.00, 0.00, '2026-03-12 01:48:21', '2026-03-12 01:48:21'),
(282, 1, 294, 1.00, 0.00, '2026-03-12 01:48:21', '2026-03-12 01:48:21'),
(283, 1, 295, 1.00, 0.00, '2026-03-12 01:48:21', '2026-03-12 01:48:21'),
(284, 1, 296, 1.00, 0.00, '2026-03-12 01:48:21', '2026-03-12 01:48:21'),
(285, 1, 297, 1.00, 0.00, '2026-03-12 01:48:21', '2026-03-12 01:48:21'),
(286, 1, 298, 14.00, 0.00, '2026-03-12 01:48:21', '2026-03-12 01:48:21'),
(287, 1, 299, 6.00, 0.00, '2026-03-12 01:48:21', '2026-03-12 01:48:21'),
(288, 1, 300, 1.00, 0.00, '2026-03-12 01:48:21', '2026-03-12 01:48:21'),
(289, 1, 301, 5.00, 0.00, '2026-03-12 01:48:21', '2026-03-12 01:48:21'),
(290, 1, 302, 2.00, 0.00, '2026-03-12 01:48:21', '2026-03-12 01:48:21'),
(291, 1, 303, 4.00, 0.00, '2026-03-12 01:48:21', '2026-03-12 01:48:21'),
(292, 1, 304, 1.00, 0.00, '2026-03-12 01:48:21', '2026-03-12 01:48:21'),
(293, 1, 305, 7.00, 0.00, '2026-03-12 01:48:21', '2026-03-12 01:48:21'),
(294, 1, 306, 0.00, 0.00, '2026-03-12 01:48:21', '2026-03-12 01:48:21'),
(295, 1, 307, 1.00, 0.00, '2026-03-12 01:48:21', '2026-03-12 01:48:21'),
(296, 1, 308, 34.00, 0.00, '2026-03-12 01:48:21', '2026-03-13 03:04:32'),
(297, 1, 309, 9.00, 0.00, '2026-03-12 01:48:21', '2026-03-12 01:48:21'),
(298, 1, 310, 4.00, 0.00, '2026-03-12 01:48:21', '2026-03-12 01:48:21'),
(299, 1, 311, 10.00, 0.00, '2026-03-12 01:48:21', '2026-03-12 01:48:21'),
(300, 1, 312, 122.00, 0.00, '2026-03-12 01:48:21', '2026-03-12 01:48:21'),
(301, 1, 313, 42.00, 0.00, '2026-03-12 01:48:21', '2026-03-13 13:47:18'),
(302, 1, 314, 0.00, 0.00, '2026-03-12 01:48:21', '2026-03-12 01:48:21'),
(303, 1, 315, 107.00, 0.00, '2026-03-12 01:48:21', '2026-03-13 13:47:18'),
(304, 1, 316, 39.00, 0.00, '2026-03-12 01:48:21', '2026-03-12 01:48:21'),
(305, 1, 317, 4.00, 0.00, '2026-03-12 01:48:21', '2026-03-12 01:48:21'),
(306, 1, 318, 1.00, 0.00, '2026-03-12 01:48:21', '2026-03-12 01:48:21'),
(307, 1, 319, 10.00, 0.00, '2026-03-12 01:48:21', '2026-03-12 01:48:21'),
(308, 1, 320, 10.00, 0.00, '2026-03-12 01:48:21', '2026-03-12 01:48:21'),
(309, 1, 321, 2.00, 0.00, '2026-03-12 01:48:21', '2026-03-12 01:48:21'),
(310, 1, 322, 0.00, 0.00, '2026-03-12 01:48:21', '2026-03-13 03:24:26'),
(311, 1, 323, 0.00, 0.00, '2026-03-12 01:48:21', '2026-03-13 03:24:26'),
(312, 1, 324, 0.00, 0.00, '2026-03-12 01:48:21', '2026-03-13 03:24:26'),
(313, 1, 325, 0.00, 0.00, '2026-03-12 01:48:21', '2026-03-13 03:24:26'),
(314, 1, 326, 0.00, 0.00, '2026-03-12 01:48:21', '2026-03-13 03:24:26'),
(315, 1, 327, 26.00, 0.00, '2026-03-12 01:48:21', '2026-03-13 03:24:26'),
(316, 1, 328, 4.00, 0.00, '2026-03-12 01:48:21', '2026-03-12 01:48:21'),
(317, 1, 329, 10.00, 0.00, '2026-03-12 01:48:21', '2026-03-12 01:48:21'),
(318, 1, 330, 10.00, 0.00, '2026-03-12 01:48:21', '2026-03-12 01:48:21'),
(319, 1, 331, 5.00, 0.00, '2026-03-12 01:48:21', '2026-03-13 13:47:18'),
(320, 1, 332, 4.00, 0.00, '2026-03-12 01:48:21', '2026-03-13 13:47:18'),
(321, 1, 333, 6.00, 0.00, '2026-03-12 01:48:21', '2026-03-14 11:46:05'),
(322, 1, 334, 0.00, 0.00, '2026-03-12 01:48:21', '2026-03-13 13:47:18'),
(323, 1, 335, 14.00, 0.00, '2026-03-12 01:48:21', '2026-03-14 12:34:43'),
(324, 1, 336, 3.00, 0.00, '2026-03-12 01:48:21', '2026-03-12 01:48:21'),
(325, 1, 337, 10.00, 0.00, '2026-03-12 01:48:21', '2026-03-12 01:48:21'),
(326, 1, 338, 10.00, 0.00, '2026-03-12 01:48:21', '2026-03-12 01:48:21'),
(327, 1, 339, 9.00, 0.00, '2026-03-12 01:48:21', '2026-03-12 01:48:21'),
(328, 1, 340, 5.00, 0.00, '2026-03-12 01:48:21', '2026-03-12 01:48:21'),
(329, 1, 341, 5.00, 0.00, '2026-03-12 01:48:21', '2026-03-12 01:48:21'),
(330, 1, 342, 5.00, 0.00, '2026-03-12 01:48:21', '2026-03-12 01:48:21'),
(331, 1, 343, 3.00, 0.00, '2026-03-12 01:48:21', '2026-03-12 01:48:21'),
(332, 1, 344, 2.00, 0.00, '2026-03-12 01:48:21', '2026-03-12 01:48:21'),
(333, 1, 345, 5.00, 0.00, '2026-03-12 01:48:21', '2026-03-12 01:48:21'),
(334, 1, 346, 2.00, 0.00, '2026-03-12 01:48:21', '2026-03-12 01:48:21'),
(335, 1, 347, 2.00, 0.00, '2026-03-12 01:48:21', '2026-03-12 01:48:21'),
(336, 1, 348, 1.00, 0.00, '2026-03-12 01:48:21', '2026-03-12 01:48:21'),
(337, 1, 349, 2.00, 0.00, '2026-03-12 01:48:21', '2026-03-12 01:48:21'),
(338, 1, 350, 1.00, 0.00, '2026-03-12 01:48:21', '2026-03-12 01:48:21'),
(339, 1, 351, 70.00, 50.00, '2026-03-12 01:48:21', '2026-03-13 13:46:42'),
(340, 1, 352, 0.00, 0.00, '2026-03-12 01:48:21', '2026-03-12 01:48:21'),
(341, 1, 353, 4.00, 0.00, '2026-03-12 01:48:21', '2026-03-12 01:48:21'),
(342, 1, 354, 4.00, 3.00, '2026-03-12 01:48:21', '2026-03-12 01:48:21'),
(343, 1, 355, 4.00, 0.00, '2026-03-12 01:48:21', '2026-03-12 01:48:21'),
(344, 1, 356, 239.00, 0.00, '2026-03-12 01:48:21', '2026-03-12 01:48:21'),
(345, 1, 357, 9.00, 0.00, '2026-03-12 01:48:21', '2026-03-12 01:48:21'),
(346, 1, 358, 19.00, 0.00, '2026-03-12 01:48:21', '2026-03-12 01:48:21'),
(347, 1, 359, 99.00, 0.00, '2026-03-12 01:48:21', '2026-03-12 01:48:21'),
(348, 2, 1, 0.00, 3.00, '2026-03-12 01:54:49', '2026-03-12 01:54:49'),
(349, 2, 7, 0.00, 3.00, '2026-03-12 01:54:49', '2026-03-12 01:54:49'),
(350, 2, 8, 0.00, 10.00, '2026-03-12 01:54:49', '2026-03-12 01:54:49'),
(351, 2, 9, 0.00, 5.00, '2026-03-12 01:54:49', '2026-03-12 01:54:49'),
(352, 2, 10, 0.00, 5.00, '2026-03-12 01:54:49', '2026-03-12 01:54:49'),
(353, 2, 11, 0.00, 20.00, '2026-03-12 01:54:49', '2026-03-12 01:54:49'),
(354, 2, 12, 0.00, 5.00, '2026-03-12 01:54:49', '2026-03-12 01:54:49'),
(355, 2, 13, 0.00, 3.00, '2026-03-12 01:54:49', '2026-03-12 01:54:49'),
(356, 2, 14, 0.00, 20.00, '2026-03-12 01:54:49', '2026-03-12 01:54:49'),
(357, 2, 18, 0.00, 5.00, '2026-03-12 01:54:49', '2026-03-12 01:54:49'),
(358, 2, 19, 0.00, 5.00, '2026-03-12 01:54:49', '2026-03-12 01:54:49'),
(359, 2, 20, 0.00, 5.00, '2026-03-12 01:54:49', '2026-03-12 01:54:49'),
(360, 2, 21, 0.00, 5.00, '2026-03-12 01:54:49', '2026-03-12 01:54:49'),
(361, 2, 22, 0.00, 5.00, '2026-03-12 01:54:49', '2026-03-12 01:54:49'),
(362, 2, 23, 0.00, 5.00, '2026-03-12 01:54:49', '2026-03-12 01:54:49'),
(363, 2, 24, 0.00, 3.00, '2026-03-12 01:54:49', '2026-03-12 01:54:49'),
(364, 2, 25, 0.00, 0.00, '2026-03-12 01:54:49', '2026-03-12 01:54:49'),
(365, 2, 26, 0.00, 0.00, '2026-03-12 01:54:49', '2026-03-12 01:54:49'),
(366, 2, 27, 0.00, 5.00, '2026-03-12 01:54:49', '2026-03-12 01:54:49'),
(367, 2, 28, 0.00, 5.00, '2026-03-12 01:54:49', '2026-03-12 01:54:49'),
(368, 2, 29, 0.00, 5.00, '2026-03-12 01:54:49', '2026-03-12 01:54:49'),
(369, 2, 30, 0.00, 5.00, '2026-03-12 01:54:49', '2026-03-12 01:54:49'),
(370, 2, 31, 0.00, 5.00, '2026-03-12 01:54:49', '2026-03-12 01:54:49'),
(371, 2, 32, 0.00, 5.00, '2026-03-12 01:54:49', '2026-03-12 01:54:49'),
(372, 2, 33, 0.00, 5.00, '2026-03-12 01:54:49', '2026-03-12 01:54:49'),
(373, 2, 34, 0.00, 2.00, '2026-03-12 01:54:49', '2026-03-12 01:54:49'),
(374, 2, 35, 0.00, 2.00, '2026-03-12 01:54:49', '2026-03-12 01:54:49'),
(375, 2, 36, 0.00, 2.00, '2026-03-12 01:54:49', '2026-03-12 01:54:49'),
(376, 2, 37, 0.00, 5.00, '2026-03-12 01:54:49', '2026-03-12 01:54:49'),
(377, 2, 38, 0.00, 5.00, '2026-03-12 01:54:49', '2026-03-12 01:54:49'),
(378, 2, 39, 0.00, 5.00, '2026-03-12 01:54:49', '2026-03-12 01:54:49'),
(379, 2, 41, 0.00, 2.00, '2026-03-12 01:54:49', '2026-03-12 01:54:49'),
(380, 2, 43, 0.00, 0.00, '2026-03-12 01:54:49', '2026-03-12 01:54:49'),
(381, 2, 44, 0.00, 5.00, '2026-03-12 01:54:49', '2026-03-12 01:54:49'),
(382, 2, 45, 0.00, 0.00, '2026-03-12 01:54:49', '2026-03-12 01:54:49'),
(383, 2, 48, 0.00, 5.00, '2026-03-12 01:54:49', '2026-03-12 01:54:49'),
(384, 2, 49, 0.00, 5.00, '2026-03-12 01:54:49', '2026-03-12 01:54:49'),
(385, 2, 50, 0.00, 5.00, '2026-03-12 01:54:49', '2026-03-12 01:54:49'),
(386, 2, 51, 0.00, 5.00, '2026-03-12 01:54:49', '2026-03-12 01:54:49'),
(387, 2, 52, 0.00, 5.00, '2026-03-12 01:54:49', '2026-03-12 01:54:49'),
(388, 2, 53, 0.00, 5.00, '2026-03-12 01:54:49', '2026-03-12 01:54:49'),
(389, 2, 54, 0.00, 20.00, '2026-03-12 01:54:49', '2026-03-12 01:54:49'),
(390, 2, 55, 0.00, 10.00, '2026-03-12 01:54:49', '2026-03-12 01:54:49'),
(391, 2, 56, 0.00, 5.00, '2026-03-12 01:54:49', '2026-03-12 01:54:49'),
(392, 2, 57, 0.00, 2.00, '2026-03-12 01:54:49', '2026-03-12 01:54:49'),
(393, 2, 58, 0.00, 2.00, '2026-03-12 01:54:49', '2026-03-12 01:54:49'),
(394, 2, 59, 0.00, 5.00, '2026-03-12 01:54:49', '2026-03-12 01:54:49'),
(395, 2, 60, 0.00, 5.00, '2026-03-12 01:54:49', '2026-03-12 01:54:49'),
(396, 2, 61, 0.00, 2.00, '2026-03-12 01:54:49', '2026-03-12 01:54:49'),
(397, 2, 62, 0.00, 0.00, '2026-03-12 01:54:49', '2026-03-12 01:54:49'),
(398, 2, 63, 0.00, 0.00, '2026-03-12 01:54:49', '2026-03-12 01:54:49'),
(399, 2, 64, 0.00, 5.00, '2026-03-12 01:54:49', '2026-03-12 01:54:49'),
(400, 2, 65, 0.00, 5.00, '2026-03-12 01:54:49', '2026-03-12 01:54:49'),
(401, 2, 66, 0.00, 5.00, '2026-03-12 01:54:49', '2026-03-12 01:54:49'),
(402, 2, 67, 0.00, 5.00, '2026-03-12 01:54:49', '2026-03-12 01:54:49'),
(403, 2, 68, 0.00, 5.00, '2026-03-12 01:54:49', '2026-03-12 01:54:49'),
(404, 2, 69, 0.00, 5.00, '2026-03-12 01:54:49', '2026-03-12 01:54:49'),
(405, 2, 70, 0.00, 5.00, '2026-03-12 01:54:49', '2026-03-12 01:54:49'),
(406, 2, 71, 0.00, 5.00, '2026-03-12 01:54:49', '2026-03-12 01:54:49'),
(407, 2, 72, 0.00, 5.00, '2026-03-12 01:54:49', '2026-03-12 01:54:49'),
(408, 2, 73, 0.00, 5.00, '2026-03-12 01:54:49', '2026-03-12 01:54:49'),
(409, 2, 74, 0.00, 5.00, '2026-03-12 01:54:49', '2026-03-12 01:54:49'),
(410, 2, 75, 0.00, 5.00, '2026-03-12 01:54:49', '2026-03-12 01:54:49'),
(411, 2, 76, 0.00, 5.00, '2026-03-12 01:54:49', '2026-03-12 01:54:49'),
(412, 2, 77, 0.00, 5.00, '2026-03-12 01:54:49', '2026-03-12 01:54:49'),
(413, 2, 78, 0.00, 5.00, '2026-03-12 01:54:49', '2026-03-12 01:54:49'),
(414, 2, 79, 0.00, 5.00, '2026-03-12 01:54:49', '2026-03-12 01:54:49'),
(415, 2, 80, 0.00, 5.00, '2026-03-12 01:54:49', '2026-03-12 01:54:49'),
(416, 2, 81, 0.00, 5.00, '2026-03-12 01:54:49', '2026-03-12 01:54:49'),
(417, 2, 82, 0.00, 5.00, '2026-03-12 01:54:49', '2026-03-12 01:54:49'),
(418, 2, 83, 0.00, 5.00, '2026-03-12 01:54:49', '2026-03-12 01:54:49'),
(419, 2, 84, 0.00, 5.00, '2026-03-12 01:54:49', '2026-03-12 01:54:49'),
(420, 2, 85, 0.00, 5.00, '2026-03-12 01:54:49', '2026-03-12 01:54:49'),
(421, 2, 86, 0.00, 5.00, '2026-03-12 01:54:49', '2026-03-12 01:54:49'),
(422, 2, 87, 0.00, 5.00, '2026-03-12 01:54:49', '2026-03-12 01:54:49'),
(423, 2, 88, 0.00, 5.00, '2026-03-12 01:54:49', '2026-03-12 01:54:49'),
(424, 2, 89, 0.00, 5.00, '2026-03-12 01:54:49', '2026-03-12 01:54:49'),
(425, 2, 90, 0.00, 0.00, '2026-03-12 01:54:49', '2026-03-12 01:54:49'),
(426, 2, 91, 0.00, 5.00, '2026-03-12 01:54:49', '2026-03-12 01:54:49'),
(427, 2, 92, 0.00, 5.00, '2026-03-12 01:54:49', '2026-03-12 01:54:49'),
(428, 2, 93, 0.00, 5.00, '2026-03-12 01:54:49', '2026-03-12 01:54:49'),
(429, 2, 94, 0.00, 5.00, '2026-03-12 01:54:49', '2026-03-12 01:54:49'),
(430, 2, 95, 0.00, 1.00, '2026-03-12 01:54:49', '2026-03-12 01:54:49'),
(431, 2, 96, 0.00, 0.00, '2026-03-12 01:54:49', '2026-03-12 01:54:49'),
(432, 2, 97, 0.00, 0.00, '2026-03-12 01:54:49', '2026-03-12 01:54:49'),
(433, 2, 98, 0.00, 0.00, '2026-03-12 01:54:49', '2026-03-12 01:54:49'),
(434, 2, 99, 0.00, 1.00, '2026-03-12 01:54:49', '2026-03-12 01:54:49'),
(435, 2, 100, 0.00, 0.00, '2026-03-12 01:54:49', '2026-03-12 01:54:49'),
(436, 2, 101, 0.00, 0.00, '2026-03-12 01:54:49', '2026-03-12 01:54:49'),
(437, 2, 102, 0.00, 0.00, '2026-03-12 01:54:49', '2026-03-12 01:54:49'),
(438, 2, 103, 0.00, 0.00, '2026-03-12 01:54:49', '2026-03-12 01:54:49'),
(439, 2, 104, 0.00, 1.00, '2026-03-12 01:54:49', '2026-03-12 01:54:49'),
(440, 2, 105, 0.00, 0.00, '2026-03-12 01:54:49', '2026-03-12 01:54:49'),
(441, 2, 106, 0.00, 0.00, '2026-03-12 01:54:49', '2026-03-12 01:54:49'),
(442, 2, 107, 0.00, 0.00, '2026-03-12 01:54:49', '2026-03-12 01:54:49'),
(443, 2, 108, 0.00, 1.00, '2026-03-12 01:54:49', '2026-03-12 01:54:49'),
(444, 2, 109, 0.00, 1.00, '2026-03-12 01:54:49', '2026-03-12 01:54:49'),
(445, 2, 110, 0.00, 0.00, '2026-03-12 01:54:49', '2026-03-12 01:54:49'),
(446, 2, 111, 0.00, 2.00, '2026-03-12 01:54:49', '2026-03-12 01:54:49'),
(447, 2, 112, 0.00, 2.00, '2026-03-12 01:54:49', '2026-03-12 01:54:49'),
(448, 2, 113, 0.00, 0.00, '2026-03-12 01:54:49', '2026-03-12 01:54:49'),
(449, 2, 114, 0.00, 0.00, '2026-03-12 01:54:49', '2026-03-12 01:54:49'),
(450, 2, 115, 0.00, 0.00, '2026-03-12 01:54:49', '2026-03-12 01:54:49'),
(451, 2, 116, 0.00, 0.00, '2026-03-12 01:54:49', '2026-03-12 01:54:49'),
(452, 2, 117, 0.00, 0.00, '2026-03-12 01:54:49', '2026-03-12 01:54:49'),
(453, 2, 118, 0.00, 0.00, '2026-03-12 01:54:49', '2026-03-12 01:54:49'),
(454, 2, 119, 0.00, 0.00, '2026-03-12 01:54:49', '2026-03-12 01:54:49'),
(455, 2, 120, 0.00, 1.00, '2026-03-12 01:54:49', '2026-03-12 01:54:49'),
(456, 2, 121, 0.00, 5.00, '2026-03-12 01:54:49', '2026-03-12 01:54:49'),
(457, 2, 122, 0.00, 5.00, '2026-03-12 01:54:49', '2026-03-12 01:54:49'),
(458, 2, 123, 0.00, 1.00, '2026-03-12 01:54:49', '2026-03-12 01:54:49'),
(459, 2, 124, 0.00, 1.00, '2026-03-12 01:54:49', '2026-03-12 01:54:49'),
(460, 2, 125, 0.00, 0.00, '2026-03-12 01:54:49', '2026-03-12 01:54:49'),
(461, 2, 126, 0.00, 0.00, '2026-03-12 01:54:49', '2026-03-12 01:54:49'),
(462, 2, 127, 0.00, 0.00, '2026-03-12 01:54:49', '2026-03-12 01:54:49'),
(463, 2, 128, 0.00, 0.00, '2026-03-12 01:54:49', '2026-03-12 01:54:49'),
(464, 2, 129, 0.00, 0.00, '2026-03-12 01:54:49', '2026-03-12 01:54:49'),
(465, 2, 130, 0.00, 1.00, '2026-03-12 01:54:49', '2026-03-12 01:54:49'),
(466, 2, 131, 0.00, 0.00, '2026-03-12 01:54:49', '2026-03-12 01:54:49'),
(467, 2, 132, 0.00, 0.00, '2026-03-12 01:54:49', '2026-03-12 01:54:49'),
(468, 2, 133, 0.00, 0.00, '2026-03-12 01:54:49', '2026-03-12 01:54:49'),
(469, 2, 134, 0.00, 0.00, '2026-03-12 01:54:49', '2026-03-12 01:54:49'),
(470, 2, 135, 0.00, 0.00, '2026-03-12 01:54:49', '2026-03-12 01:54:49'),
(471, 2, 136, 0.00, 1.00, '2026-03-12 01:54:49', '2026-03-12 01:54:49'),
(472, 2, 137, 0.00, 0.00, '2026-03-12 01:54:49', '2026-03-12 01:54:49'),
(473, 2, 138, 0.00, 1.00, '2026-03-12 01:54:49', '2026-03-12 01:54:49'),
(474, 2, 139, 0.00, 0.00, '2026-03-12 01:54:49', '2026-03-12 01:54:49'),
(475, 2, 140, 0.00, 0.00, '2026-03-12 01:54:49', '2026-03-12 01:54:49'),
(476, 2, 141, 0.00, 0.00, '2026-03-12 01:54:49', '2026-03-12 01:54:49'),
(477, 2, 142, 0.00, 2.00, '2026-03-12 01:54:49', '2026-03-12 01:54:49'),
(478, 2, 143, 0.00, 5.00, '2026-03-12 01:54:49', '2026-03-12 01:54:49'),
(479, 2, 144, 0.00, 2.00, '2026-03-12 01:54:49', '2026-03-12 01:54:49'),
(480, 2, 145, 0.00, 0.00, '2026-03-12 01:54:49', '2026-03-12 01:54:49'),
(481, 2, 146, 0.00, 2.00, '2026-03-12 01:54:49', '2026-03-12 01:54:49'),
(482, 2, 147, 0.00, 2.00, '2026-03-12 01:54:49', '2026-03-12 01:54:49'),
(483, 2, 148, 0.00, 5.00, '2026-03-12 01:54:49', '2026-03-12 01:54:49'),
(484, 2, 149, 0.00, 0.00, '2026-03-12 01:54:49', '2026-03-12 01:54:49'),
(485, 2, 150, 0.00, 2.00, '2026-03-12 01:54:49', '2026-03-12 01:54:49'),
(486, 2, 151, 0.00, 0.00, '2026-03-12 01:54:49', '2026-03-12 01:54:49'),
(487, 2, 152, 0.00, 0.00, '2026-03-12 01:54:49', '2026-03-12 01:54:49'),
(488, 2, 153, 0.00, 0.00, '2026-03-12 01:54:49', '2026-03-12 01:54:49'),
(489, 2, 154, 0.00, 0.00, '2026-03-12 01:54:49', '2026-03-12 01:54:49'),
(490, 2, 155, 0.00, 0.00, '2026-03-12 01:54:49', '2026-03-12 01:54:49'),
(491, 2, 156, 0.00, 0.00, '2026-03-12 01:54:49', '2026-03-12 01:54:49'),
(492, 2, 157, 0.00, 0.00, '2026-03-12 01:54:49', '2026-03-12 01:54:49'),
(493, 2, 158, 0.00, 0.00, '2026-03-12 01:54:49', '2026-03-12 01:54:49'),
(494, 2, 159, 0.00, 0.00, '2026-03-12 01:54:49', '2026-03-12 01:54:49'),
(495, 2, 160, 0.00, 0.00, '2026-03-12 01:54:49', '2026-03-12 01:54:49'),
(496, 2, 161, 0.00, 1.00, '2026-03-12 01:54:49', '2026-03-12 01:54:49'),
(497, 2, 162, 0.00, 0.00, '2026-03-12 01:54:49', '2026-03-12 01:54:49'),
(498, 2, 163, 0.00, 0.00, '2026-03-12 01:54:49', '2026-03-12 01:54:49'),
(499, 2, 164, 0.00, 0.00, '2026-03-12 01:54:49', '2026-03-12 01:54:49'),
(500, 2, 165, 0.00, 0.00, '2026-03-12 01:54:49', '2026-03-12 01:54:49'),
(501, 2, 166, 0.00, 0.00, '2026-03-12 01:54:49', '2026-03-12 01:54:49'),
(502, 2, 167, 0.00, 1.00, '2026-03-12 01:54:49', '2026-03-12 01:54:49'),
(503, 2, 168, 0.00, 0.00, '2026-03-12 01:54:49', '2026-03-12 01:54:49'),
(504, 2, 169, 0.00, 2.00, '2026-03-12 01:54:49', '2026-03-12 01:54:49'),
(505, 2, 170, 0.00, 0.00, '2026-03-12 01:54:49', '2026-03-12 01:54:49'),
(506, 2, 171, 0.00, 5.00, '2026-03-12 01:54:49', '2026-03-12 01:54:49'),
(507, 2, 172, 0.00, 0.00, '2026-03-12 01:54:49', '2026-03-12 01:54:49'),
(508, 2, 173, 0.00, 2.00, '2026-03-12 01:54:49', '2026-03-12 01:54:49'),
(509, 2, 174, 0.00, 0.00, '2026-03-12 01:54:49', '2026-03-12 01:54:49'),
(510, 2, 175, 0.00, 0.00, '2026-03-12 01:54:49', '2026-03-12 01:54:49'),
(511, 2, 176, 0.00, 0.00, '2026-03-12 01:54:49', '2026-03-12 01:54:49'),
(512, 2, 177, 0.00, 0.00, '2026-03-12 01:54:49', '2026-03-12 01:54:49'),
(513, 2, 178, 0.00, 2.00, '2026-03-12 01:54:49', '2026-03-12 01:54:49'),
(514, 2, 179, 0.00, 5.00, '2026-03-12 01:54:49', '2026-03-12 01:54:49'),
(515, 2, 180, 0.00, 0.00, '2026-03-12 01:54:49', '2026-03-12 01:54:49'),
(516, 2, 181, 0.00, 0.00, '2026-03-12 01:54:49', '2026-03-12 01:54:49'),
(517, 2, 182, 0.00, 0.00, '2026-03-12 01:54:49', '2026-03-12 01:54:49'),
(518, 2, 183, 0.00, 0.00, '2026-03-12 01:54:49', '2026-03-12 01:54:49'),
(519, 2, 184, 0.00, 0.00, '2026-03-12 01:54:49', '2026-03-12 01:54:49'),
(520, 2, 185, 0.00, 0.00, '2026-03-12 01:54:49', '2026-03-12 01:54:49'),
(521, 2, 186, 0.00, 1.00, '2026-03-12 01:54:49', '2026-03-12 01:54:49'),
(522, 2, 187, 0.00, 0.00, '2026-03-12 01:54:49', '2026-03-12 01:54:49'),
(523, 2, 188, 0.00, 0.00, '2026-03-12 01:54:49', '2026-03-12 01:54:49'),
(524, 2, 189, 0.00, 0.00, '2026-03-12 01:54:49', '2026-03-12 01:54:49'),
(525, 2, 190, 0.00, 0.00, '2026-03-12 01:54:49', '2026-03-12 01:54:49'),
(526, 2, 191, 0.00, 0.00, '2026-03-12 01:54:49', '2026-03-12 01:54:49'),
(527, 2, 192, 0.00, 0.00, '2026-03-12 01:54:49', '2026-03-12 01:54:49'),
(528, 2, 193, 0.00, 0.00, '2026-03-12 01:54:49', '2026-03-12 01:54:49'),
(529, 2, 194, 0.00, 0.00, '2026-03-12 01:54:49', '2026-03-12 01:54:49'),
(530, 2, 195, 0.00, 0.00, '2026-03-12 01:54:49', '2026-03-12 01:54:49'),
(531, 2, 196, 0.00, 0.00, '2026-03-12 01:54:49', '2026-03-12 01:54:49'),
(532, 2, 197, 0.00, 0.00, '2026-03-12 01:54:49', '2026-03-12 01:54:49'),
(533, 2, 198, 0.00, 0.00, '2026-03-12 01:54:49', '2026-03-12 01:54:49'),
(534, 2, 199, 0.00, 1.00, '2026-03-12 01:54:49', '2026-03-12 01:54:49'),
(535, 2, 200, 0.00, 1.00, '2026-03-12 01:54:49', '2026-03-12 01:54:49'),
(536, 2, 201, 0.00, 1.00, '2026-03-12 01:54:49', '2026-03-12 01:54:49'),
(537, 2, 202, 0.00, 1.00, '2026-03-12 01:54:49', '2026-03-12 01:54:49'),
(538, 2, 203, 0.00, 2.00, '2026-03-12 01:54:49', '2026-03-12 01:54:49'),
(539, 2, 204, 0.00, 0.00, '2026-03-12 01:54:49', '2026-03-12 01:54:49'),
(540, 2, 205, 0.00, 0.00, '2026-03-12 01:54:49', '2026-03-12 01:54:49'),
(541, 2, 206, 0.00, 0.00, '2026-03-12 01:54:49', '2026-03-12 01:54:49'),
(542, 2, 207, 0.00, 0.00, '2026-03-12 01:54:49', '2026-03-12 01:54:49'),
(543, 2, 208, 0.00, 0.00, '2026-03-12 01:54:49', '2026-03-12 01:54:49'),
(544, 2, 209, 0.00, 2.00, '2026-03-12 01:54:49', '2026-03-12 01:54:49'),
(545, 2, 210, 0.00, 1.00, '2026-03-12 01:54:49', '2026-03-12 01:54:49'),
(546, 2, 211, 0.00, 0.00, '2026-03-12 01:54:49', '2026-03-12 01:54:49'),
(547, 2, 212, 0.00, 1.00, '2026-03-12 01:54:49', '2026-03-12 01:54:49'),
(548, 2, 213, 0.00, 1.00, '2026-03-12 01:54:49', '2026-03-12 01:54:49'),
(549, 2, 214, 0.00, 1.00, '2026-03-12 01:54:49', '2026-03-12 01:54:49'),
(550, 2, 215, 0.00, 1.00, '2026-03-12 01:54:49', '2026-03-12 01:54:49'),
(551, 2, 216, 0.00, 0.00, '2026-03-12 01:54:49', '2026-03-12 01:54:49'),
(552, 2, 217, 0.00, 0.00, '2026-03-12 01:54:49', '2026-03-12 01:54:49'),
(553, 2, 218, 0.00, 0.00, '2026-03-12 01:54:49', '2026-03-12 01:54:49'),
(554, 2, 219, 0.00, 0.00, '2026-03-12 01:54:49', '2026-03-12 01:54:49'),
(555, 2, 220, 0.00, 0.00, '2026-03-12 01:54:49', '2026-03-12 01:54:49'),
(556, 2, 221, 0.00, 0.00, '2026-03-12 01:54:49', '2026-03-12 01:54:49'),
(557, 2, 222, 0.00, 0.00, '2026-03-12 01:54:49', '2026-03-12 01:54:49'),
(558, 2, 223, 0.00, 0.00, '2026-03-12 01:54:49', '2026-03-12 01:54:49'),
(559, 2, 224, 0.00, 0.00, '2026-03-12 01:54:49', '2026-03-12 01:54:49'),
(560, 2, 225, 0.00, 0.00, '2026-03-12 01:54:49', '2026-03-12 01:54:49'),
(561, 2, 226, 0.00, 0.00, '2026-03-12 01:54:49', '2026-03-12 01:54:49'),
(562, 2, 227, 0.00, 0.00, '2026-03-12 01:54:49', '2026-03-12 01:54:49'),
(563, 2, 228, 0.00, 0.00, '2026-03-12 01:54:49', '2026-03-12 01:54:49'),
(564, 2, 229, 0.00, 0.00, '2026-03-12 01:54:49', '2026-03-12 01:54:49'),
(565, 2, 230, 0.00, 0.00, '2026-03-12 01:54:49', '2026-03-12 01:54:49'),
(566, 2, 231, 0.00, 5.00, '2026-03-12 01:54:49', '2026-03-12 01:54:49'),
(567, 2, 232, 0.00, 0.00, '2026-03-12 01:54:49', '2026-03-12 01:54:49'),
(568, 2, 233, 0.00, 0.00, '2026-03-12 01:54:49', '2026-03-12 01:54:49'),
(569, 2, 234, 0.00, 0.00, '2026-03-12 01:54:49', '2026-03-12 01:54:49'),
(570, 2, 235, 0.00, 0.00, '2026-03-12 01:54:49', '2026-03-12 01:54:49'),
(571, 2, 236, 0.00, 0.00, '2026-03-12 01:54:49', '2026-03-12 01:54:49'),
(572, 2, 237, 0.00, 0.00, '2026-03-12 01:54:49', '2026-03-12 01:54:49'),
(573, 2, 238, 0.00, 2.00, '2026-03-12 01:54:49', '2026-03-12 01:54:49'),
(574, 2, 239, 0.00, 5.00, '2026-03-12 01:54:49', '2026-03-12 01:54:49'),
(575, 2, 240, 0.00, 0.00, '2026-03-12 01:54:49', '2026-03-12 01:54:49'),
(576, 2, 241, 0.00, 0.00, '2026-03-12 01:54:49', '2026-03-12 01:54:49'),
(577, 2, 242, 0.00, 0.00, '2026-03-12 01:54:49', '2026-03-12 01:54:49'),
(578, 2, 243, 0.00, 0.00, '2026-03-12 01:54:49', '2026-03-12 01:54:49'),
(579, 2, 244, 0.00, 0.00, '2026-03-12 01:54:49', '2026-03-12 01:54:49'),
(580, 2, 245, 0.00, 0.00, '2026-03-12 01:54:49', '2026-03-12 01:54:49'),
(581, 2, 246, 0.00, 0.00, '2026-03-12 01:54:49', '2026-03-12 01:54:49'),
(582, 2, 247, 0.00, 0.00, '2026-03-12 01:54:49', '2026-03-12 01:54:49'),
(583, 2, 248, 0.00, 0.00, '2026-03-12 01:54:49', '2026-03-12 01:54:49'),
(584, 2, 249, 0.00, 0.00, '2026-03-12 01:54:49', '2026-03-12 01:54:49'),
(585, 2, 250, 0.00, 0.00, '2026-03-12 01:54:49', '2026-03-12 01:54:49'),
(586, 2, 251, 0.00, 0.00, '2026-03-12 01:54:49', '2026-03-12 01:54:49'),
(587, 2, 252, 0.00, 0.00, '2026-03-12 01:54:49', '2026-03-12 01:54:49'),
(588, 2, 253, 0.00, 0.00, '2026-03-12 01:54:49', '2026-03-12 01:54:49'),
(589, 2, 254, 0.00, 0.00, '2026-03-12 01:54:49', '2026-03-12 01:54:49'),
(590, 2, 255, 0.00, 0.00, '2026-03-12 01:54:49', '2026-03-12 01:54:49'),
(591, 2, 256, 0.00, 0.00, '2026-03-12 01:54:49', '2026-03-12 01:54:49'),
(592, 2, 257, 0.00, 0.00, '2026-03-12 01:54:49', '2026-03-12 01:54:49'),
(593, 2, 258, 0.00, 0.00, '2026-03-12 01:54:49', '2026-03-12 01:54:49'),
(594, 2, 259, 0.00, 0.00, '2026-03-12 01:54:49', '2026-03-12 01:54:49'),
(595, 2, 260, 0.00, 0.00, '2026-03-12 01:54:49', '2026-03-12 01:54:49'),
(596, 2, 261, 0.00, 0.00, '2026-03-12 01:54:49', '2026-03-12 01:54:49'),
(597, 2, 262, 0.00, 0.00, '2026-03-12 01:54:49', '2026-03-12 01:54:49'),
(598, 2, 263, 0.00, 0.00, '2026-03-12 01:54:49', '2026-03-12 01:54:49'),
(599, 2, 264, 0.00, 0.00, '2026-03-12 01:54:49', '2026-03-12 01:54:49'),
(600, 2, 265, 0.00, 0.00, '2026-03-12 01:54:49', '2026-03-12 01:54:49'),
(601, 2, 266, 0.00, 0.00, '2026-03-12 01:54:49', '2026-03-12 01:54:49'),
(602, 2, 267, 0.00, 0.00, '2026-03-12 01:54:49', '2026-03-12 01:54:49'),
(603, 2, 268, 0.00, 0.00, '2026-03-12 01:54:49', '2026-03-12 01:54:49'),
(604, 2, 269, 0.00, 0.00, '2026-03-12 01:54:49', '2026-03-12 01:54:49'),
(605, 2, 270, 0.00, 0.00, '2026-03-12 01:54:49', '2026-03-12 01:54:49'),
(606, 2, 271, 0.00, 0.00, '2026-03-12 01:54:49', '2026-03-12 01:54:49'),
(607, 2, 272, 0.00, 0.00, '2026-03-12 01:54:49', '2026-03-12 01:54:49'),
(608, 2, 273, 0.00, 5.00, '2026-03-12 01:54:49', '2026-03-12 01:54:49'),
(609, 2, 274, 0.00, 0.00, '2026-03-12 01:54:49', '2026-03-12 01:54:49'),
(610, 2, 275, 0.00, 0.00, '2026-03-12 01:54:49', '2026-03-12 01:54:49'),
(611, 2, 276, 0.00, 0.00, '2026-03-12 01:54:49', '2026-03-12 01:54:49'),
(612, 2, 277, 0.00, 0.00, '2026-03-12 01:54:49', '2026-03-12 01:54:49'),
(613, 2, 278, 0.00, 0.00, '2026-03-12 01:54:49', '2026-03-12 01:54:49'),
(614, 2, 279, 0.00, 0.00, '2026-03-12 01:54:49', '2026-03-12 01:54:49'),
(615, 2, 280, 0.00, 0.00, '2026-03-12 01:54:49', '2026-03-12 01:54:49'),
(616, 2, 281, 0.00, 0.00, '2026-03-12 01:54:49', '2026-03-12 01:54:49'),
(617, 2, 282, 0.00, 0.00, '2026-03-12 01:54:49', '2026-03-12 01:54:49'),
(618, 2, 283, 0.00, 0.00, '2026-03-12 01:54:49', '2026-03-12 01:54:49'),
(619, 2, 284, 0.00, 0.00, '2026-03-12 01:54:49', '2026-03-12 01:54:49'),
(620, 2, 285, 0.00, 0.00, '2026-03-12 01:54:49', '2026-03-12 01:54:49'),
(621, 2, 286, 0.00, 0.00, '2026-03-12 01:54:49', '2026-03-12 01:54:49'),
(622, 2, 287, 0.00, 0.00, '2026-03-12 01:54:49', '2026-03-12 01:54:49'),
(623, 2, 288, 0.00, 0.00, '2026-03-12 01:54:49', '2026-03-12 01:54:49'),
(624, 2, 289, 0.00, 0.00, '2026-03-12 01:54:49', '2026-03-12 01:54:49'),
(625, 2, 290, 0.00, 0.00, '2026-03-12 01:54:49', '2026-03-12 01:54:49'),
(626, 2, 291, 0.00, 0.00, '2026-03-12 01:54:49', '2026-03-12 01:54:49'),
(627, 2, 292, 0.00, 0.00, '2026-03-12 01:54:49', '2026-03-12 01:54:49'),
(628, 2, 293, 0.00, 0.00, '2026-03-12 01:54:49', '2026-03-12 01:54:49'),
(629, 2, 294, 0.00, 0.00, '2026-03-12 01:54:49', '2026-03-12 01:54:49'),
(630, 2, 295, 0.00, 0.00, '2026-03-12 01:54:49', '2026-03-12 01:54:49'),
(631, 2, 296, 0.00, 0.00, '2026-03-12 01:54:49', '2026-03-12 01:54:49'),
(632, 2, 297, 0.00, 0.00, '2026-03-12 01:54:49', '2026-03-12 01:54:49'),
(633, 2, 298, 0.00, 0.00, '2026-03-12 01:54:49', '2026-03-12 01:54:49'),
(634, 2, 299, 0.00, 0.00, '2026-03-12 01:54:49', '2026-03-12 01:54:49'),
(635, 2, 300, 0.00, 0.00, '2026-03-12 01:54:49', '2026-03-12 01:54:49'),
(636, 2, 301, 0.00, 0.00, '2026-03-12 01:54:49', '2026-03-12 01:54:49'),
(637, 2, 302, 0.00, 0.00, '2026-03-12 01:54:49', '2026-03-12 01:54:49'),
(638, 2, 303, 0.00, 0.00, '2026-03-12 01:54:49', '2026-03-12 01:54:49'),
(639, 2, 304, 0.00, 0.00, '2026-03-12 01:54:49', '2026-03-12 01:54:49'),
(640, 2, 305, 0.00, 0.00, '2026-03-12 01:54:49', '2026-03-12 01:54:49'),
(641, 2, 306, 0.00, 0.00, '2026-03-12 01:54:49', '2026-03-12 01:54:49'),
(642, 2, 307, 0.00, 0.00, '2026-03-12 01:54:49', '2026-03-12 01:54:49'),
(643, 2, 308, 0.00, 0.00, '2026-03-12 01:54:49', '2026-03-12 01:54:49'),
(644, 2, 309, 0.00, 0.00, '2026-03-12 01:54:49', '2026-03-12 01:54:49'),
(645, 2, 310, 0.00, 0.00, '2026-03-12 01:54:49', '2026-03-12 01:54:49'),
(646, 2, 311, 0.00, 0.00, '2026-03-12 01:54:49', '2026-03-12 01:54:49'),
(647, 2, 312, 0.00, 0.00, '2026-03-12 01:54:49', '2026-03-12 01:54:49'),
(648, 2, 313, 0.00, 0.00, '2026-03-12 01:54:49', '2026-03-12 01:54:49'),
(649, 2, 314, 0.00, 0.00, '2026-03-12 01:54:49', '2026-03-12 01:54:49'),
(650, 2, 315, 0.00, 0.00, '2026-03-12 01:54:49', '2026-03-12 01:54:49'),
(651, 2, 316, 0.00, 0.00, '2026-03-12 01:54:49', '2026-03-12 01:54:49'),
(652, 2, 317, 0.00, 0.00, '2026-03-12 01:54:49', '2026-03-12 01:54:49'),
(653, 2, 318, 0.00, 0.00, '2026-03-12 01:54:49', '2026-03-12 01:54:49'),
(654, 2, 319, 0.00, 0.00, '2026-03-12 01:54:49', '2026-03-12 01:54:49'),
(655, 2, 320, 0.00, 0.00, '2026-03-12 01:54:49', '2026-03-12 01:54:49'),
(656, 2, 321, 0.00, 0.00, '2026-03-12 01:54:49', '2026-03-12 01:54:49'),
(657, 2, 322, 0.00, 0.00, '2026-03-12 01:54:49', '2026-03-12 01:54:49'),
(658, 2, 323, 0.00, 0.00, '2026-03-12 01:54:49', '2026-03-12 01:54:49'),
(659, 2, 324, 0.00, 0.00, '2026-03-12 01:54:49', '2026-03-12 01:54:49'),
(660, 2, 325, 0.00, 0.00, '2026-03-12 01:54:49', '2026-03-12 01:54:49'),
(661, 2, 326, 0.00, 0.00, '2026-03-12 01:54:49', '2026-03-12 01:54:49'),
(662, 2, 327, 0.00, 0.00, '2026-03-12 01:54:49', '2026-03-12 01:54:49'),
(663, 2, 328, 0.00, 0.00, '2026-03-12 01:54:49', '2026-03-12 01:54:49'),
(664, 2, 329, 0.00, 0.00, '2026-03-12 01:54:49', '2026-03-12 01:54:49'),
(665, 2, 330, 0.00, 0.00, '2026-03-12 01:54:49', '2026-03-12 01:54:49'),
(666, 2, 331, 0.00, 0.00, '2026-03-12 01:54:49', '2026-03-12 01:54:49'),
(667, 2, 332, 0.00, 0.00, '2026-03-12 01:54:49', '2026-03-12 01:54:49'),
(668, 2, 333, 0.00, 0.00, '2026-03-12 01:54:49', '2026-03-12 01:54:49'),
(669, 2, 334, 0.00, 0.00, '2026-03-12 01:54:49', '2026-03-12 01:54:49'),
(670, 2, 335, 0.00, 0.00, '2026-03-12 01:54:49', '2026-03-12 01:54:49'),
(671, 2, 336, 0.00, 0.00, '2026-03-12 01:54:49', '2026-03-12 01:54:49'),
(672, 2, 337, 0.00, 0.00, '2026-03-12 01:54:49', '2026-03-12 01:54:49'),
(673, 2, 338, 0.00, 0.00, '2026-03-12 01:54:49', '2026-03-12 01:54:49'),
(674, 2, 339, 0.00, 0.00, '2026-03-12 01:54:49', '2026-03-12 01:54:49'),
(675, 2, 340, 0.00, 0.00, '2026-03-12 01:54:49', '2026-03-12 01:54:49'),
(676, 2, 341, 0.00, 0.00, '2026-03-12 01:54:49', '2026-03-12 01:54:49'),
(677, 2, 342, 0.00, 0.00, '2026-03-12 01:54:49', '2026-03-12 01:54:49'),
(678, 2, 343, 0.00, 0.00, '2026-03-12 01:54:49', '2026-03-12 01:54:49'),
(679, 2, 344, 0.00, 0.00, '2026-03-12 01:54:49', '2026-03-12 01:54:49'),
(680, 2, 345, 0.00, 0.00, '2026-03-12 01:54:49', '2026-03-12 01:54:49'),
(681, 2, 346, 0.00, 0.00, '2026-03-12 01:54:49', '2026-03-12 01:54:49'),
(682, 2, 347, 0.00, 0.00, '2026-03-12 01:54:49', '2026-03-12 01:54:49'),
(683, 2, 348, 0.00, 0.00, '2026-03-12 01:54:49', '2026-03-12 01:54:49'),
(684, 2, 349, 0.00, 0.00, '2026-03-12 01:54:49', '2026-03-12 01:54:49'),
(685, 2, 350, 0.00, 0.00, '2026-03-12 01:54:49', '2026-03-12 01:54:49'),
(686, 2, 351, 0.00, 50.00, '2026-03-12 01:54:49', '2026-03-12 01:54:49'),
(687, 2, 352, 0.00, 0.00, '2026-03-12 01:54:49', '2026-03-12 01:54:49'),
(688, 2, 353, 0.00, 0.00, '2026-03-12 01:54:49', '2026-03-12 01:54:49'),
(689, 2, 354, 0.00, 3.00, '2026-03-12 01:54:49', '2026-03-12 01:54:49'),
(690, 2, 355, 0.00, 0.00, '2026-03-12 01:54:49', '2026-03-12 01:54:49'),
(691, 2, 356, 0.00, 0.00, '2026-03-12 01:54:49', '2026-03-12 01:54:49'),
(692, 2, 357, 0.00, 0.00, '2026-03-12 01:54:49', '2026-03-12 01:54:49'),
(693, 2, 358, 0.00, 0.00, '2026-03-12 01:54:49', '2026-03-12 01:54:49'),
(694, 2, 359, 0.00, 0.00, '2026-03-12 01:54:49', '2026-03-12 01:54:49'),
(695, 3, 1, 0.00, 3.00, '2026-03-12 08:16:54', '2026-03-12 08:16:54'),
(696, 3, 7, 0.00, 3.00, '2026-03-12 08:16:54', '2026-03-12 08:16:54'),
(697, 3, 8, 0.00, 10.00, '2026-03-12 08:16:54', '2026-03-12 08:16:54'),
(698, 3, 9, 0.00, 5.00, '2026-03-12 08:16:54', '2026-03-12 08:16:54'),
(699, 3, 10, 0.00, 5.00, '2026-03-12 08:16:54', '2026-03-12 08:16:54'),
(700, 3, 11, 0.00, 20.00, '2026-03-12 08:16:54', '2026-03-12 08:16:54'),
(701, 3, 12, 0.00, 5.00, '2026-03-12 08:16:54', '2026-03-12 08:16:54'),
(702, 3, 13, 0.00, 3.00, '2026-03-12 08:16:54', '2026-03-12 08:16:54'),
(703, 3, 14, 0.00, 20.00, '2026-03-12 08:16:54', '2026-03-12 08:16:54'),
(704, 3, 18, 0.00, 5.00, '2026-03-12 08:16:54', '2026-03-12 08:16:54'),
(705, 3, 19, 0.00, 5.00, '2026-03-12 08:16:54', '2026-03-12 08:16:54');
INSERT INTO `branch_product_stock` (`id`, `branch_id`, `product_id`, `stock_quantity`, `reorder_level`, `created_at`, `updated_at`) VALUES
(706, 3, 20, 0.00, 5.00, '2026-03-12 08:16:54', '2026-03-12 08:16:54'),
(707, 3, 21, 0.00, 5.00, '2026-03-12 08:16:54', '2026-03-12 08:16:54'),
(708, 3, 22, 0.00, 5.00, '2026-03-12 08:16:54', '2026-03-12 08:16:54'),
(709, 3, 23, 0.00, 5.00, '2026-03-12 08:16:54', '2026-03-12 08:16:54'),
(710, 3, 24, 0.00, 3.00, '2026-03-12 08:16:54', '2026-03-12 08:16:54'),
(711, 3, 25, 0.00, 0.00, '2026-03-12 08:16:54', '2026-03-12 08:16:54'),
(712, 3, 26, 0.00, 0.00, '2026-03-12 08:16:54', '2026-03-12 08:16:54'),
(713, 3, 27, 0.00, 5.00, '2026-03-12 08:16:54', '2026-03-12 08:16:54'),
(714, 3, 28, 0.00, 5.00, '2026-03-12 08:16:54', '2026-03-12 08:16:54'),
(715, 3, 29, 0.00, 5.00, '2026-03-12 08:16:54', '2026-03-12 08:16:54'),
(716, 3, 30, 0.00, 5.00, '2026-03-12 08:16:54', '2026-03-12 08:16:54'),
(717, 3, 31, 0.00, 5.00, '2026-03-12 08:16:54', '2026-03-12 08:16:54'),
(718, 3, 32, 0.00, 5.00, '2026-03-12 08:16:54', '2026-03-12 08:16:54'),
(719, 3, 33, 0.00, 5.00, '2026-03-12 08:16:54', '2026-03-12 08:16:54'),
(720, 3, 34, 0.00, 2.00, '2026-03-12 08:16:54', '2026-03-12 08:16:54'),
(721, 3, 35, 0.00, 2.00, '2026-03-12 08:16:54', '2026-03-12 08:16:54'),
(722, 3, 36, 0.00, 2.00, '2026-03-12 08:16:54', '2026-03-12 08:16:54'),
(723, 3, 37, 0.00, 5.00, '2026-03-12 08:16:54', '2026-03-12 08:16:54'),
(724, 3, 38, 0.00, 5.00, '2026-03-12 08:16:54', '2026-03-12 08:16:54'),
(725, 3, 39, 0.00, 5.00, '2026-03-12 08:16:54', '2026-03-12 08:16:54'),
(726, 3, 41, 0.00, 2.00, '2026-03-12 08:16:54', '2026-03-12 08:16:54'),
(727, 3, 43, 0.00, 0.00, '2026-03-12 08:16:54', '2026-03-12 08:16:54'),
(728, 3, 44, 0.00, 5.00, '2026-03-12 08:16:54', '2026-03-12 08:16:54'),
(729, 3, 45, 0.00, 0.00, '2026-03-12 08:16:54', '2026-03-12 08:16:54'),
(730, 3, 48, 0.00, 5.00, '2026-03-12 08:16:54', '2026-03-12 08:16:54'),
(731, 3, 49, 0.00, 5.00, '2026-03-12 08:16:54', '2026-03-12 08:16:54'),
(732, 3, 50, 0.00, 5.00, '2026-03-12 08:16:54', '2026-03-12 08:16:54'),
(733, 3, 51, 0.00, 5.00, '2026-03-12 08:16:54', '2026-03-12 08:16:54'),
(734, 3, 52, 0.00, 5.00, '2026-03-12 08:16:54', '2026-03-12 08:16:54'),
(735, 3, 53, 0.00, 5.00, '2026-03-12 08:16:54', '2026-03-12 08:16:54'),
(736, 3, 54, 0.00, 20.00, '2026-03-12 08:16:54', '2026-03-12 08:16:54'),
(737, 3, 55, 0.00, 10.00, '2026-03-12 08:16:54', '2026-03-12 08:16:54'),
(738, 3, 56, 0.00, 5.00, '2026-03-12 08:16:54', '2026-03-12 08:16:54'),
(739, 3, 57, 0.00, 2.00, '2026-03-12 08:16:54', '2026-03-12 08:16:54'),
(740, 3, 58, 0.00, 2.00, '2026-03-12 08:16:54', '2026-03-12 08:16:54'),
(741, 3, 59, 0.00, 5.00, '2026-03-12 08:16:54', '2026-03-12 08:16:54'),
(742, 3, 60, 0.00, 5.00, '2026-03-12 08:16:54', '2026-03-12 08:16:54'),
(743, 3, 61, 0.00, 2.00, '2026-03-12 08:16:54', '2026-03-12 08:16:54'),
(744, 3, 62, 0.00, 0.00, '2026-03-12 08:16:54', '2026-03-12 08:16:54'),
(745, 3, 63, 0.00, 0.00, '2026-03-12 08:16:54', '2026-03-12 08:16:54'),
(746, 3, 64, 0.00, 5.00, '2026-03-12 08:16:54', '2026-03-12 08:16:54'),
(747, 3, 65, 0.00, 5.00, '2026-03-12 08:16:54', '2026-03-12 08:16:54'),
(748, 3, 66, 0.00, 5.00, '2026-03-12 08:16:54', '2026-03-12 08:16:54'),
(749, 3, 67, 0.00, 5.00, '2026-03-12 08:16:54', '2026-03-12 08:16:54'),
(750, 3, 68, 0.00, 5.00, '2026-03-12 08:16:54', '2026-03-12 08:16:54'),
(751, 3, 69, 0.00, 5.00, '2026-03-12 08:16:54', '2026-03-12 08:16:54'),
(752, 3, 70, 0.00, 5.00, '2026-03-12 08:16:54', '2026-03-12 08:16:54'),
(753, 3, 71, 0.00, 5.00, '2026-03-12 08:16:54', '2026-03-12 08:16:54'),
(754, 3, 72, 0.00, 5.00, '2026-03-12 08:16:54', '2026-03-12 08:16:54'),
(755, 3, 73, 0.00, 5.00, '2026-03-12 08:16:54', '2026-03-12 08:16:54'),
(756, 3, 74, 0.00, 5.00, '2026-03-12 08:16:54', '2026-03-12 08:16:54'),
(757, 3, 75, 0.00, 5.00, '2026-03-12 08:16:54', '2026-03-12 08:16:54'),
(758, 3, 76, 0.00, 5.00, '2026-03-12 08:16:54', '2026-03-12 08:16:54'),
(759, 3, 77, 0.00, 5.00, '2026-03-12 08:16:54', '2026-03-12 08:16:54'),
(760, 3, 78, 0.00, 5.00, '2026-03-12 08:16:54', '2026-03-12 08:16:54'),
(761, 3, 79, 0.00, 5.00, '2026-03-12 08:16:54', '2026-03-12 08:16:54'),
(762, 3, 80, 0.00, 5.00, '2026-03-12 08:16:54', '2026-03-12 08:16:54'),
(763, 3, 81, 0.00, 5.00, '2026-03-12 08:16:54', '2026-03-12 08:16:54'),
(764, 3, 82, 0.00, 5.00, '2026-03-12 08:16:54', '2026-03-12 08:16:54'),
(765, 3, 83, 0.00, 5.00, '2026-03-12 08:16:54', '2026-03-12 08:16:54'),
(766, 3, 84, 0.00, 5.00, '2026-03-12 08:16:54', '2026-03-12 08:16:54'),
(767, 3, 85, 0.00, 5.00, '2026-03-12 08:16:54', '2026-03-12 08:16:54'),
(768, 3, 86, 0.00, 5.00, '2026-03-12 08:16:54', '2026-03-12 08:16:54'),
(769, 3, 87, 0.00, 5.00, '2026-03-12 08:16:54', '2026-03-12 08:16:54'),
(770, 3, 88, 0.00, 5.00, '2026-03-12 08:16:54', '2026-03-12 08:16:54'),
(771, 3, 89, 0.00, 5.00, '2026-03-12 08:16:54', '2026-03-12 08:16:54'),
(772, 3, 90, 0.00, 0.00, '2026-03-12 08:16:54', '2026-03-12 08:16:54'),
(773, 3, 91, 0.00, 5.00, '2026-03-12 08:16:54', '2026-03-12 08:16:54'),
(774, 3, 92, 0.00, 5.00, '2026-03-12 08:16:54', '2026-03-12 08:16:54'),
(775, 3, 93, 0.00, 5.00, '2026-03-12 08:16:54', '2026-03-12 08:16:54'),
(776, 3, 94, 0.00, 5.00, '2026-03-12 08:16:54', '2026-03-12 08:16:54'),
(777, 3, 95, 0.00, 1.00, '2026-03-12 08:16:54', '2026-03-12 08:16:54'),
(778, 3, 96, 0.00, 0.00, '2026-03-12 08:16:54', '2026-03-12 08:16:54'),
(779, 3, 97, 0.00, 0.00, '2026-03-12 08:16:54', '2026-03-12 08:16:54'),
(780, 3, 98, 0.00, 0.00, '2026-03-12 08:16:54', '2026-03-12 08:16:54'),
(781, 3, 99, 0.00, 1.00, '2026-03-12 08:16:54', '2026-03-12 08:16:54'),
(782, 3, 100, 0.00, 0.00, '2026-03-12 08:16:54', '2026-03-12 08:16:54'),
(783, 3, 101, 0.00, 0.00, '2026-03-12 08:16:54', '2026-03-12 08:16:54'),
(784, 3, 102, 0.00, 0.00, '2026-03-12 08:16:54', '2026-03-12 08:16:54'),
(785, 3, 103, 0.00, 0.00, '2026-03-12 08:16:54', '2026-03-12 08:16:54'),
(786, 3, 104, 0.00, 1.00, '2026-03-12 08:16:54', '2026-03-12 08:16:54'),
(787, 3, 105, 0.00, 0.00, '2026-03-12 08:16:54', '2026-03-12 08:16:54'),
(788, 3, 106, 0.00, 0.00, '2026-03-12 08:16:54', '2026-03-12 08:16:54'),
(789, 3, 107, 0.00, 0.00, '2026-03-12 08:16:54', '2026-03-12 08:16:54'),
(790, 3, 108, 0.00, 1.00, '2026-03-12 08:16:54', '2026-03-12 08:16:54'),
(791, 3, 109, 0.00, 1.00, '2026-03-12 08:16:54', '2026-03-12 08:16:54'),
(792, 3, 110, 0.00, 0.00, '2026-03-12 08:16:54', '2026-03-12 08:16:54'),
(793, 3, 111, 0.00, 2.00, '2026-03-12 08:16:54', '2026-03-12 08:16:54'),
(794, 3, 112, 0.00, 2.00, '2026-03-12 08:16:54', '2026-03-12 08:16:54'),
(795, 3, 113, 0.00, 0.00, '2026-03-12 08:16:54', '2026-03-12 08:16:54'),
(796, 3, 114, 0.00, 0.00, '2026-03-12 08:16:54', '2026-03-12 08:16:54'),
(797, 3, 115, 0.00, 0.00, '2026-03-12 08:16:54', '2026-03-12 08:16:54'),
(798, 3, 116, 0.00, 0.00, '2026-03-12 08:16:54', '2026-03-12 08:16:54'),
(799, 3, 117, 0.00, 0.00, '2026-03-12 08:16:54', '2026-03-12 08:16:54'),
(800, 3, 118, 0.00, 0.00, '2026-03-12 08:16:54', '2026-03-12 08:16:54'),
(801, 3, 119, 0.00, 0.00, '2026-03-12 08:16:54', '2026-03-12 08:16:54'),
(802, 3, 120, 0.00, 1.00, '2026-03-12 08:16:54', '2026-03-12 08:16:54'),
(803, 3, 121, 0.00, 5.00, '2026-03-12 08:16:54', '2026-03-12 08:16:54'),
(804, 3, 122, 0.00, 5.00, '2026-03-12 08:16:54', '2026-03-12 08:16:54'),
(805, 3, 123, 0.00, 1.00, '2026-03-12 08:16:54', '2026-03-12 08:16:54'),
(806, 3, 124, 0.00, 1.00, '2026-03-12 08:16:54', '2026-03-12 08:16:54'),
(807, 3, 125, 0.00, 0.00, '2026-03-12 08:16:54', '2026-03-12 08:16:54'),
(808, 3, 126, 0.00, 0.00, '2026-03-12 08:16:54', '2026-03-12 08:16:54'),
(809, 3, 127, 0.00, 0.00, '2026-03-12 08:16:54', '2026-03-12 08:16:54'),
(810, 3, 128, 0.00, 0.00, '2026-03-12 08:16:54', '2026-03-12 08:16:54'),
(811, 3, 129, 0.00, 0.00, '2026-03-12 08:16:54', '2026-03-12 08:16:54'),
(812, 3, 130, 0.00, 1.00, '2026-03-12 08:16:54', '2026-03-12 08:16:54'),
(813, 3, 131, 0.00, 0.00, '2026-03-12 08:16:54', '2026-03-12 08:16:54'),
(814, 3, 132, 0.00, 0.00, '2026-03-12 08:16:54', '2026-03-12 08:16:54'),
(815, 3, 133, 0.00, 0.00, '2026-03-12 08:16:54', '2026-03-12 08:16:54'),
(816, 3, 134, 0.00, 0.00, '2026-03-12 08:16:54', '2026-03-12 08:16:54'),
(817, 3, 135, 0.00, 0.00, '2026-03-12 08:16:54', '2026-03-12 08:16:54'),
(818, 3, 136, 0.00, 1.00, '2026-03-12 08:16:54', '2026-03-12 08:16:54'),
(819, 3, 137, 0.00, 0.00, '2026-03-12 08:16:54', '2026-03-12 08:16:54'),
(820, 3, 138, 0.00, 1.00, '2026-03-12 08:16:54', '2026-03-12 08:16:54'),
(821, 3, 139, 0.00, 0.00, '2026-03-12 08:16:54', '2026-03-12 08:16:54'),
(822, 3, 140, 0.00, 0.00, '2026-03-12 08:16:54', '2026-03-12 08:16:54'),
(823, 3, 141, 0.00, 0.00, '2026-03-12 08:16:54', '2026-03-12 08:16:54'),
(824, 3, 142, 0.00, 2.00, '2026-03-12 08:16:54', '2026-03-12 08:16:54'),
(825, 3, 143, 0.00, 5.00, '2026-03-12 08:16:54', '2026-03-12 08:16:54'),
(826, 3, 144, 0.00, 2.00, '2026-03-12 08:16:54', '2026-03-12 08:16:54'),
(827, 3, 145, 0.00, 0.00, '2026-03-12 08:16:54', '2026-03-12 08:16:54'),
(828, 3, 146, 0.00, 2.00, '2026-03-12 08:16:54', '2026-03-12 08:16:54'),
(829, 3, 147, 0.00, 2.00, '2026-03-12 08:16:54', '2026-03-12 08:16:54'),
(830, 3, 148, 0.00, 5.00, '2026-03-12 08:16:54', '2026-03-12 08:16:54'),
(831, 3, 149, 0.00, 0.00, '2026-03-12 08:16:54', '2026-03-12 08:16:54'),
(832, 3, 150, 0.00, 2.00, '2026-03-12 08:16:54', '2026-03-12 08:16:54'),
(833, 3, 151, 0.00, 0.00, '2026-03-12 08:16:54', '2026-03-12 08:16:54'),
(834, 3, 152, 0.00, 0.00, '2026-03-12 08:16:54', '2026-03-12 08:16:54'),
(835, 3, 153, 0.00, 0.00, '2026-03-12 08:16:54', '2026-03-12 08:16:54'),
(836, 3, 154, 0.00, 0.00, '2026-03-12 08:16:54', '2026-03-12 08:16:54'),
(837, 3, 155, 0.00, 0.00, '2026-03-12 08:16:54', '2026-03-12 08:16:54'),
(838, 3, 156, 0.00, 0.00, '2026-03-12 08:16:54', '2026-03-12 08:16:54'),
(839, 3, 157, 0.00, 0.00, '2026-03-12 08:16:54', '2026-03-12 08:16:54'),
(840, 3, 158, 0.00, 0.00, '2026-03-12 08:16:54', '2026-03-12 08:16:54'),
(841, 3, 159, 0.00, 0.00, '2026-03-12 08:16:54', '2026-03-12 08:16:54'),
(842, 3, 160, 0.00, 0.00, '2026-03-12 08:16:54', '2026-03-12 08:16:54'),
(843, 3, 161, 0.00, 1.00, '2026-03-12 08:16:54', '2026-03-12 08:16:54'),
(844, 3, 162, 0.00, 0.00, '2026-03-12 08:16:54', '2026-03-12 08:16:54'),
(845, 3, 163, 0.00, 0.00, '2026-03-12 08:16:54', '2026-03-12 08:16:54'),
(846, 3, 164, 0.00, 0.00, '2026-03-12 08:16:54', '2026-03-12 08:16:54'),
(847, 3, 165, 0.00, 0.00, '2026-03-12 08:16:54', '2026-03-12 08:16:54'),
(848, 3, 166, 0.00, 0.00, '2026-03-12 08:16:54', '2026-03-12 08:16:54'),
(849, 3, 167, 0.00, 1.00, '2026-03-12 08:16:54', '2026-03-12 08:16:54'),
(850, 3, 168, 0.00, 0.00, '2026-03-12 08:16:54', '2026-03-12 08:16:54'),
(851, 3, 169, 0.00, 2.00, '2026-03-12 08:16:54', '2026-03-12 08:16:54'),
(852, 3, 170, 0.00, 0.00, '2026-03-12 08:16:54', '2026-03-12 08:16:54'),
(853, 3, 171, 0.00, 5.00, '2026-03-12 08:16:54', '2026-03-12 08:16:54'),
(854, 3, 172, 0.00, 0.00, '2026-03-12 08:16:54', '2026-03-12 08:16:54'),
(855, 3, 173, 0.00, 2.00, '2026-03-12 08:16:54', '2026-03-12 08:16:54'),
(856, 3, 174, 0.00, 0.00, '2026-03-12 08:16:54', '2026-03-12 08:16:54'),
(857, 3, 175, 0.00, 0.00, '2026-03-12 08:16:54', '2026-03-12 08:16:54'),
(858, 3, 176, 0.00, 0.00, '2026-03-12 08:16:54', '2026-03-12 08:16:54'),
(859, 3, 177, 0.00, 0.00, '2026-03-12 08:16:54', '2026-03-12 08:16:54'),
(860, 3, 178, 0.00, 2.00, '2026-03-12 08:16:54', '2026-03-12 08:16:54'),
(861, 3, 179, 0.00, 5.00, '2026-03-12 08:16:54', '2026-03-12 08:16:54'),
(862, 3, 180, 0.00, 0.00, '2026-03-12 08:16:54', '2026-03-12 08:16:54'),
(863, 3, 181, 0.00, 0.00, '2026-03-12 08:16:54', '2026-03-12 08:16:54'),
(864, 3, 182, 0.00, 0.00, '2026-03-12 08:16:54', '2026-03-12 08:16:54'),
(865, 3, 183, 0.00, 0.00, '2026-03-12 08:16:54', '2026-03-12 08:16:54'),
(866, 3, 184, 0.00, 0.00, '2026-03-12 08:16:54', '2026-03-12 08:16:54'),
(867, 3, 185, 0.00, 0.00, '2026-03-12 08:16:54', '2026-03-12 08:16:54'),
(868, 3, 186, 0.00, 1.00, '2026-03-12 08:16:54', '2026-03-12 08:16:54'),
(869, 3, 187, 0.00, 0.00, '2026-03-12 08:16:54', '2026-03-12 08:16:54'),
(870, 3, 188, 0.00, 0.00, '2026-03-12 08:16:54', '2026-03-12 08:16:54'),
(871, 3, 189, 0.00, 0.00, '2026-03-12 08:16:54', '2026-03-12 08:16:54'),
(872, 3, 190, 0.00, 0.00, '2026-03-12 08:16:54', '2026-03-12 08:16:54'),
(873, 3, 191, 0.00, 0.00, '2026-03-12 08:16:54', '2026-03-12 08:16:54'),
(874, 3, 192, 0.00, 0.00, '2026-03-12 08:16:54', '2026-03-12 08:16:54'),
(875, 3, 193, 0.00, 0.00, '2026-03-12 08:16:54', '2026-03-12 08:16:54'),
(876, 3, 194, 0.00, 0.00, '2026-03-12 08:16:54', '2026-03-12 08:16:54'),
(877, 3, 195, 0.00, 0.00, '2026-03-12 08:16:54', '2026-03-12 08:16:54'),
(878, 3, 196, 0.00, 0.00, '2026-03-12 08:16:54', '2026-03-12 08:16:54'),
(879, 3, 197, 0.00, 0.00, '2026-03-12 08:16:54', '2026-03-12 08:16:54'),
(880, 3, 198, 0.00, 0.00, '2026-03-12 08:16:54', '2026-03-12 08:16:54'),
(881, 3, 199, 0.00, 1.00, '2026-03-12 08:16:54', '2026-03-12 08:16:54'),
(882, 3, 200, 0.00, 1.00, '2026-03-12 08:16:54', '2026-03-12 08:16:54'),
(883, 3, 201, 0.00, 1.00, '2026-03-12 08:16:54', '2026-03-12 08:16:54'),
(884, 3, 202, 0.00, 1.00, '2026-03-12 08:16:54', '2026-03-12 08:16:54'),
(885, 3, 203, 0.00, 2.00, '2026-03-12 08:16:54', '2026-03-12 08:16:54'),
(886, 3, 204, 0.00, 0.00, '2026-03-12 08:16:54', '2026-03-12 08:16:54'),
(887, 3, 205, 0.00, 0.00, '2026-03-12 08:16:54', '2026-03-12 08:16:54'),
(888, 3, 206, 0.00, 0.00, '2026-03-12 08:16:54', '2026-03-12 08:16:54'),
(889, 3, 207, 0.00, 0.00, '2026-03-12 08:16:54', '2026-03-12 08:16:54'),
(890, 3, 208, 0.00, 0.00, '2026-03-12 08:16:54', '2026-03-12 08:16:54'),
(891, 3, 209, 0.00, 2.00, '2026-03-12 08:16:54', '2026-03-12 08:16:54'),
(892, 3, 210, 0.00, 1.00, '2026-03-12 08:16:54', '2026-03-12 08:16:54'),
(893, 3, 211, 0.00, 0.00, '2026-03-12 08:16:54', '2026-03-12 08:16:54'),
(894, 3, 212, 0.00, 1.00, '2026-03-12 08:16:54', '2026-03-12 08:16:54'),
(895, 3, 213, 0.00, 1.00, '2026-03-12 08:16:54', '2026-03-12 08:16:54'),
(896, 3, 214, 0.00, 1.00, '2026-03-12 08:16:54', '2026-03-12 08:16:54'),
(897, 3, 215, 0.00, 1.00, '2026-03-12 08:16:54', '2026-03-12 08:16:54'),
(898, 3, 216, 0.00, 0.00, '2026-03-12 08:16:54', '2026-03-12 08:16:54'),
(899, 3, 217, 0.00, 0.00, '2026-03-12 08:16:54', '2026-03-12 08:16:54'),
(900, 3, 218, 0.00, 0.00, '2026-03-12 08:16:54', '2026-03-12 08:16:54'),
(901, 3, 219, 0.00, 0.00, '2026-03-12 08:16:54', '2026-03-12 08:16:54'),
(902, 3, 220, 0.00, 0.00, '2026-03-12 08:16:54', '2026-03-12 08:16:54'),
(903, 3, 221, 0.00, 0.00, '2026-03-12 08:16:54', '2026-03-12 08:16:54'),
(904, 3, 222, 0.00, 0.00, '2026-03-12 08:16:54', '2026-03-12 08:16:54'),
(905, 3, 223, 0.00, 0.00, '2026-03-12 08:16:54', '2026-03-12 08:16:54'),
(906, 3, 224, 0.00, 0.00, '2026-03-12 08:16:54', '2026-03-12 08:16:54'),
(907, 3, 225, 0.00, 0.00, '2026-03-12 08:16:54', '2026-03-12 08:16:54'),
(908, 3, 226, 0.00, 0.00, '2026-03-12 08:16:54', '2026-03-12 08:16:54'),
(909, 3, 227, 0.00, 0.00, '2026-03-12 08:16:54', '2026-03-12 08:16:54'),
(910, 3, 228, 0.00, 0.00, '2026-03-12 08:16:54', '2026-03-12 08:16:54'),
(911, 3, 229, 0.00, 0.00, '2026-03-12 08:16:54', '2026-03-12 08:16:54'),
(912, 3, 230, 0.00, 0.00, '2026-03-12 08:16:54', '2026-03-12 08:16:54'),
(913, 3, 231, 0.00, 5.00, '2026-03-12 08:16:54', '2026-03-12 08:16:54'),
(914, 3, 232, 0.00, 0.00, '2026-03-12 08:16:54', '2026-03-12 08:16:54'),
(915, 3, 233, 0.00, 0.00, '2026-03-12 08:16:54', '2026-03-12 08:16:54'),
(916, 3, 234, 0.00, 0.00, '2026-03-12 08:16:54', '2026-03-12 08:16:54'),
(917, 3, 235, 0.00, 0.00, '2026-03-12 08:16:54', '2026-03-12 08:16:54'),
(918, 3, 236, 0.00, 0.00, '2026-03-12 08:16:54', '2026-03-12 08:16:54'),
(919, 3, 237, 0.00, 0.00, '2026-03-12 08:16:54', '2026-03-12 08:16:54'),
(920, 3, 238, 0.00, 2.00, '2026-03-12 08:16:54', '2026-03-12 08:16:54'),
(921, 3, 239, 0.00, 5.00, '2026-03-12 08:16:54', '2026-03-12 08:16:54'),
(922, 3, 240, 0.00, 0.00, '2026-03-12 08:16:54', '2026-03-12 08:16:54'),
(923, 3, 241, 0.00, 0.00, '2026-03-12 08:16:54', '2026-03-12 08:16:54'),
(924, 3, 242, 0.00, 0.00, '2026-03-12 08:16:54', '2026-03-12 08:16:54'),
(925, 3, 243, 0.00, 0.00, '2026-03-12 08:16:54', '2026-03-12 08:16:54'),
(926, 3, 244, 0.00, 0.00, '2026-03-12 08:16:54', '2026-03-12 08:16:54'),
(927, 3, 245, 0.00, 0.00, '2026-03-12 08:16:54', '2026-03-12 08:16:54'),
(928, 3, 246, 0.00, 0.00, '2026-03-12 08:16:54', '2026-03-12 08:16:54'),
(929, 3, 247, 0.00, 0.00, '2026-03-12 08:16:54', '2026-03-12 08:16:54'),
(930, 3, 248, 0.00, 0.00, '2026-03-12 08:16:54', '2026-03-12 08:16:54'),
(931, 3, 249, 0.00, 0.00, '2026-03-12 08:16:54', '2026-03-12 08:16:54'),
(932, 3, 250, 0.00, 0.00, '2026-03-12 08:16:54', '2026-03-12 08:16:54'),
(933, 3, 251, 0.00, 0.00, '2026-03-12 08:16:54', '2026-03-12 08:16:54'),
(934, 3, 252, 0.00, 0.00, '2026-03-12 08:16:54', '2026-03-12 08:16:54'),
(935, 3, 253, 0.00, 0.00, '2026-03-12 08:16:54', '2026-03-12 08:16:54'),
(936, 3, 254, 0.00, 0.00, '2026-03-12 08:16:54', '2026-03-12 08:16:54'),
(937, 3, 255, 0.00, 0.00, '2026-03-12 08:16:54', '2026-03-12 08:16:54'),
(938, 3, 256, 0.00, 0.00, '2026-03-12 08:16:54', '2026-03-12 08:16:54'),
(939, 3, 257, 0.00, 0.00, '2026-03-12 08:16:54', '2026-03-12 08:16:54'),
(940, 3, 258, 0.00, 0.00, '2026-03-12 08:16:54', '2026-03-12 08:16:54'),
(941, 3, 259, 0.00, 0.00, '2026-03-12 08:16:54', '2026-03-12 08:16:54'),
(942, 3, 260, 0.00, 0.00, '2026-03-12 08:16:54', '2026-03-12 08:16:54'),
(943, 3, 261, 0.00, 0.00, '2026-03-12 08:16:54', '2026-03-12 08:16:54'),
(944, 3, 262, 0.00, 0.00, '2026-03-12 08:16:54', '2026-03-12 08:16:54'),
(945, 3, 263, 0.00, 0.00, '2026-03-12 08:16:54', '2026-03-12 08:16:54'),
(946, 3, 264, 0.00, 0.00, '2026-03-12 08:16:54', '2026-03-12 08:16:54'),
(947, 3, 265, 0.00, 0.00, '2026-03-12 08:16:54', '2026-03-12 08:16:54'),
(948, 3, 266, 0.00, 0.00, '2026-03-12 08:16:54', '2026-03-12 08:16:54'),
(949, 3, 267, 0.00, 0.00, '2026-03-12 08:16:54', '2026-03-12 08:16:54'),
(950, 3, 268, 0.00, 0.00, '2026-03-12 08:16:54', '2026-03-12 08:16:54'),
(951, 3, 269, 0.00, 0.00, '2026-03-12 08:16:54', '2026-03-12 08:16:54'),
(952, 3, 270, 0.00, 0.00, '2026-03-12 08:16:54', '2026-03-12 08:16:54'),
(953, 3, 271, 0.00, 0.00, '2026-03-12 08:16:54', '2026-03-12 08:16:54'),
(954, 3, 272, 0.00, 0.00, '2026-03-12 08:16:54', '2026-03-12 08:16:54'),
(955, 3, 273, 0.00, 5.00, '2026-03-12 08:16:54', '2026-03-12 08:16:54'),
(956, 3, 274, 0.00, 0.00, '2026-03-12 08:16:54', '2026-03-12 08:16:54'),
(957, 3, 275, 0.00, 0.00, '2026-03-12 08:16:54', '2026-03-12 08:16:54'),
(958, 3, 276, 0.00, 0.00, '2026-03-12 08:16:54', '2026-03-12 08:16:54'),
(959, 3, 277, 0.00, 0.00, '2026-03-12 08:16:54', '2026-03-12 08:16:54'),
(960, 3, 278, 0.00, 0.00, '2026-03-12 08:16:54', '2026-03-12 08:16:54'),
(961, 3, 279, 0.00, 0.00, '2026-03-12 08:16:54', '2026-03-12 08:16:54'),
(962, 3, 280, 0.00, 0.00, '2026-03-12 08:16:54', '2026-03-12 08:16:54'),
(963, 3, 281, 0.00, 0.00, '2026-03-12 08:16:54', '2026-03-12 08:16:54'),
(964, 3, 282, 0.00, 0.00, '2026-03-12 08:16:54', '2026-03-12 08:16:54'),
(965, 3, 283, 0.00, 0.00, '2026-03-12 08:16:54', '2026-03-12 08:16:54'),
(966, 3, 284, 0.00, 0.00, '2026-03-12 08:16:54', '2026-03-12 08:16:54'),
(967, 3, 285, 0.00, 0.00, '2026-03-12 08:16:54', '2026-03-12 08:16:54'),
(968, 3, 286, 0.00, 0.00, '2026-03-12 08:16:54', '2026-03-12 08:16:54'),
(969, 3, 287, 0.00, 0.00, '2026-03-12 08:16:54', '2026-03-12 08:16:54'),
(970, 3, 288, 0.00, 0.00, '2026-03-12 08:16:54', '2026-03-12 08:16:54'),
(971, 3, 289, 0.00, 0.00, '2026-03-12 08:16:54', '2026-03-12 08:16:54'),
(972, 3, 290, 0.00, 0.00, '2026-03-12 08:16:54', '2026-03-12 08:16:54'),
(973, 3, 291, 0.00, 0.00, '2026-03-12 08:16:54', '2026-03-12 08:16:54'),
(974, 3, 292, 0.00, 0.00, '2026-03-12 08:16:54', '2026-03-12 08:16:54'),
(975, 3, 293, 0.00, 0.00, '2026-03-12 08:16:54', '2026-03-12 08:16:54'),
(976, 3, 294, 0.00, 0.00, '2026-03-12 08:16:54', '2026-03-12 08:16:54'),
(977, 3, 295, 0.00, 0.00, '2026-03-12 08:16:54', '2026-03-12 08:16:54'),
(978, 3, 296, 0.00, 0.00, '2026-03-12 08:16:54', '2026-03-12 08:16:54'),
(979, 3, 297, 0.00, 0.00, '2026-03-12 08:16:54', '2026-03-12 08:16:54'),
(980, 3, 298, 0.00, 0.00, '2026-03-12 08:16:54', '2026-03-12 08:16:54'),
(981, 3, 299, 0.00, 0.00, '2026-03-12 08:16:54', '2026-03-12 08:16:54'),
(982, 3, 300, 0.00, 0.00, '2026-03-12 08:16:54', '2026-03-12 08:16:54'),
(983, 3, 301, 0.00, 0.00, '2026-03-12 08:16:54', '2026-03-12 08:16:54'),
(984, 3, 302, 0.00, 0.00, '2026-03-12 08:16:54', '2026-03-12 08:16:54'),
(985, 3, 303, 0.00, 0.00, '2026-03-12 08:16:54', '2026-03-12 08:16:54'),
(986, 3, 304, 0.00, 0.00, '2026-03-12 08:16:54', '2026-03-12 08:16:54'),
(987, 3, 305, 0.00, 0.00, '2026-03-12 08:16:54', '2026-03-12 08:16:54'),
(988, 3, 306, 0.00, 0.00, '2026-03-12 08:16:54', '2026-03-12 08:16:54'),
(989, 3, 307, 0.00, 0.00, '2026-03-12 08:16:54', '2026-03-12 08:16:54'),
(990, 3, 308, 0.00, 0.00, '2026-03-12 08:16:54', '2026-03-12 08:16:54'),
(991, 3, 309, 0.00, 0.00, '2026-03-12 08:16:54', '2026-03-12 08:16:54'),
(992, 3, 310, 0.00, 0.00, '2026-03-12 08:16:54', '2026-03-12 08:16:54'),
(993, 3, 311, 0.00, 0.00, '2026-03-12 08:16:54', '2026-03-12 08:16:54'),
(994, 3, 312, 0.00, 0.00, '2026-03-12 08:16:54', '2026-03-12 08:16:54'),
(995, 3, 313, 0.00, 0.00, '2026-03-12 08:16:54', '2026-03-12 08:16:54'),
(996, 3, 314, 0.00, 0.00, '2026-03-12 08:16:54', '2026-03-12 08:16:54'),
(997, 3, 315, 0.00, 0.00, '2026-03-12 08:16:54', '2026-03-12 08:16:54'),
(998, 3, 316, 0.00, 0.00, '2026-03-12 08:16:54', '2026-03-12 08:16:54'),
(999, 3, 317, 0.00, 0.00, '2026-03-12 08:16:54', '2026-03-12 08:16:54'),
(1000, 3, 318, 0.00, 0.00, '2026-03-12 08:16:54', '2026-03-12 08:16:54'),
(1001, 3, 319, 0.00, 0.00, '2026-03-12 08:16:54', '2026-03-12 08:16:54'),
(1002, 3, 320, 0.00, 0.00, '2026-03-12 08:16:54', '2026-03-12 08:16:54'),
(1003, 3, 321, 0.00, 0.00, '2026-03-12 08:16:54', '2026-03-12 08:16:54'),
(1004, 3, 322, 0.00, 0.00, '2026-03-12 08:16:54', '2026-03-12 08:16:54'),
(1005, 3, 323, 0.00, 0.00, '2026-03-12 08:16:54', '2026-03-12 08:16:54'),
(1006, 3, 324, 0.00, 0.00, '2026-03-12 08:16:54', '2026-03-12 08:16:54'),
(1007, 3, 325, 0.00, 0.00, '2026-03-12 08:16:54', '2026-03-12 08:16:54'),
(1008, 3, 326, 0.00, 0.00, '2026-03-12 08:16:54', '2026-03-12 08:16:54'),
(1009, 3, 327, 0.00, 0.00, '2026-03-12 08:16:54', '2026-03-12 08:16:54'),
(1010, 3, 328, 0.00, 0.00, '2026-03-12 08:16:54', '2026-03-12 08:16:54'),
(1011, 3, 329, 0.00, 0.00, '2026-03-12 08:16:54', '2026-03-12 08:16:54'),
(1012, 3, 330, 0.00, 0.00, '2026-03-12 08:16:54', '2026-03-12 08:16:54'),
(1013, 3, 331, 0.00, 0.00, '2026-03-12 08:16:54', '2026-03-12 08:16:54'),
(1014, 3, 332, 0.00, 0.00, '2026-03-12 08:16:54', '2026-03-12 08:16:54'),
(1015, 3, 333, 0.00, 0.00, '2026-03-12 08:16:54', '2026-03-12 08:16:54'),
(1016, 3, 334, 0.00, 0.00, '2026-03-12 08:16:54', '2026-03-12 08:16:54'),
(1017, 3, 335, 0.00, 0.00, '2026-03-12 08:16:54', '2026-03-12 08:16:54'),
(1018, 3, 336, 0.00, 0.00, '2026-03-12 08:16:54', '2026-03-12 08:16:54'),
(1019, 3, 337, 0.00, 0.00, '2026-03-12 08:16:54', '2026-03-12 08:16:54'),
(1020, 3, 338, 0.00, 0.00, '2026-03-12 08:16:54', '2026-03-12 08:16:54'),
(1021, 3, 339, 0.00, 0.00, '2026-03-12 08:16:54', '2026-03-12 08:16:54'),
(1022, 3, 340, 0.00, 0.00, '2026-03-12 08:16:54', '2026-03-12 08:16:54'),
(1023, 3, 341, 0.00, 0.00, '2026-03-12 08:16:54', '2026-03-12 08:16:54'),
(1024, 3, 342, 0.00, 0.00, '2026-03-12 08:16:54', '2026-03-12 08:16:54'),
(1025, 3, 343, 0.00, 0.00, '2026-03-12 08:16:54', '2026-03-12 08:16:54'),
(1026, 3, 344, 0.00, 0.00, '2026-03-12 08:16:54', '2026-03-12 08:16:54'),
(1027, 3, 345, 0.00, 0.00, '2026-03-12 08:16:54', '2026-03-12 08:16:54'),
(1028, 3, 346, 0.00, 0.00, '2026-03-12 08:16:54', '2026-03-12 08:16:54'),
(1029, 3, 347, 0.00, 0.00, '2026-03-12 08:16:54', '2026-03-12 08:16:54'),
(1030, 3, 348, 0.00, 0.00, '2026-03-12 08:16:54', '2026-03-12 08:16:54'),
(1031, 3, 349, 0.00, 0.00, '2026-03-12 08:16:54', '2026-03-12 08:16:54'),
(1032, 3, 350, 0.00, 0.00, '2026-03-12 08:16:54', '2026-03-12 08:16:54'),
(1033, 3, 351, 0.00, 50.00, '2026-03-12 08:16:54', '2026-03-12 08:16:54'),
(1034, 3, 352, 0.00, 0.00, '2026-03-12 08:16:54', '2026-03-12 08:16:54'),
(1035, 3, 353, 0.00, 0.00, '2026-03-12 08:16:54', '2026-03-12 08:16:54'),
(1036, 3, 354, 0.00, 3.00, '2026-03-12 08:16:54', '2026-03-12 08:16:54'),
(1037, 3, 355, 0.00, 0.00, '2026-03-12 08:16:54', '2026-03-12 08:16:54'),
(1038, 3, 356, 0.00, 0.00, '2026-03-12 08:16:54', '2026-03-12 08:16:54'),
(1039, 3, 357, 0.00, 0.00, '2026-03-12 08:16:54', '2026-03-12 08:16:54'),
(1040, 3, 358, 0.00, 0.00, '2026-03-12 08:16:54', '2026-03-12 08:16:54'),
(1041, 3, 359, 0.00, 0.00, '2026-03-12 08:16:54', '2026-03-12 08:16:54'),
(1042, 3, 360, 2.00, 0.00, '2026-03-12 08:35:46', '2026-03-12 16:21:28'),
(1043, 3, 401, 51.00, 0.00, '2026-03-12 12:14:41', '2026-03-15 05:50:52'),
(1044, 1, 413, 95.00, 50.00, '2026-03-12 15:45:10', '2026-03-13 13:51:03'),
(1045, 1, 415, 4.00, 0.00, '2026-03-12 15:58:04', '2026-03-13 13:51:03'),
(1046, 1, 416, 0.00, 0.00, '2026-03-13 16:18:54', '2026-03-13 16:24:15');

-- --------------------------------------------------------

--
-- Table structure for table `cache`
--

CREATE TABLE `cache` (
  `key` varchar(255) COLLATE utf8mb4_unicode_ci NOT NULL,
  `value` mediumtext COLLATE utf8mb4_unicode_ci NOT NULL,
  `expiration` int NOT NULL
) ENGINE=InnoDB DEFAULT CHARSET=utf8mb4 COLLATE=utf8mb4_unicode_ci;

--
-- Dumping data for table `cache`
--

INSERT INTO `cache` (`key`, `value`, `expiration`) VALUES
('almufeed_saqafti_markaz_cache_km.mobiles1272@gmail.com|223.123.11.119', 'i:3;', 1773322221),
('almufeed_saqafti_markaz_cache_km.mobiles1272@gmail.com|223.123.11.119:timer', 'i:1773322221;', 1773322221),
('almufeed_saqafti_markaz_cache_malikmrajput@gmail.com|119.73.112.239', 'i:1;', 1773330498),
('almufeed_saqafti_markaz_cache_malikmrajput@gmail.com|119.73.112.239:timer', 'i:1773330498;', 1773330498),
('almufeed_saqafti_markaz_cache_spatie.permission.cache', 'a:3:{s:5:\"alias\";a:4:{s:1:\"a\";s:2:\"id\";s:1:\"b\";s:4:\"name\";s:1:\"c\";s:10:\"guard_name\";s:1:\"r\";s:5:\"roles\";}s:11:\"permissions\";a:27:{i:0;a:4:{s:1:\"a\";i:1;s:1:\"b\";s:14:\"view dashboard\";s:1:\"c\";s:3:\"web\";s:1:\"r\";a:5:{i:0;i:1;i:1;i:2;i:2;i:3;i:3;i:4;i:4;i:5;}}i:1;a:4:{s:1:\"a\";i:2;s:1:\"b\";s:15:\"manage products\";s:1:\"c\";s:3:\"web\";s:1:\"r\";a:4:{i:0;i:1;i:1;i:2;i:2;i:3;i:3;i:5;}}i:2;a:4:{s:1:\"a\";i:3;s:1:\"b\";s:17:\"manage categories\";s:1:\"c\";s:3:\"web\";s:1:\"r\";a:3:{i:0;i:1;i:1;i:2;i:2;i:5;}}i:3;a:4:{s:1:\"a\";i:4;s:1:\"b\";s:14:\"process orders\";s:1:\"c\";s:3:\"web\";s:1:\"r\";a:3:{i:0;i:1;i:1;i:2;i:2;i:5;}}i:4;a:4:{s:1:\"a\";i:5;s:1:\"b\";s:16:\"manage employees\";s:1:\"c\";s:3:\"web\";s:1:\"r\";a:2:{i:0;i:1;i:1;i:5;}}i:5;a:4:{s:1:\"a\";i:6;s:1:\"b\";s:14:\"manage reports\";s:1:\"c\";s:3:\"web\";s:1:\"r\";a:4:{i:0;i:1;i:1;i:2;i:2;i:3;i:3;i:5;}}i:6;a:4:{s:1:\"a\";i:7;s:1:\"b\";s:16:\"manage inventory\";s:1:\"c\";s:3:\"web\";s:1:\"r\";a:3:{i:0;i:1;i:1;i:2;i:2;i:5;}}i:7;a:4:{s:1:\"a\";i:8;s:1:\"b\";s:17:\"manage attendance\";s:1:\"c\";s:3:\"web\";s:1:\"r\";a:4:{i:0;i:1;i:1;i:2;i:2;i:4;i:3;i:5;}}i:8;a:4:{s:1:\"a\";i:9;s:1:\"b\";s:15:\"manage variants\";s:1:\"c\";s:3:\"web\";s:1:\"r\";a:2:{i:0;i:1;i:1;i:5;}}i:9;a:4:{s:1:\"a\";i:10;s:1:\"b\";s:16:\"manage purchases\";s:1:\"c\";s:3:\"web\";s:1:\"r\";a:3:{i:0;i:1;i:1;i:2;i:2;i:5;}}i:10;a:4:{s:1:\"a\";i:11;s:1:\"b\";s:16:\"manage suppliers\";s:1:\"c\";s:3:\"web\";s:1:\"r\";a:2:{i:0;i:1;i:1;i:5;}}i:11;a:4:{s:1:\"a\";i:12;s:1:\"b\";s:10:\"access pos\";s:1:\"c\";s:3:\"web\";s:1:\"r\";a:4:{i:0;i:1;i:1;i:2;i:2;i:3;i:3;i:5;}}i:12;a:4:{s:1:\"a\";i:13;s:1:\"b\";s:12:\"manage roles\";s:1:\"c\";s:3:\"web\";s:1:\"r\";a:2:{i:0;i:1;i:1;i:5;}}i:13;a:4:{s:1:\"a\";i:14;s:1:\"b\";s:18:\"manage permissions\";s:1:\"c\";s:3:\"web\";s:1:\"r\";a:2:{i:0;i:1;i:1;i:5;}}i:14;a:4:{s:1:\"a\";i:15;s:1:\"b\";s:12:\"assign roles\";s:1:\"c\";s:3:\"web\";s:1:\"r\";a:2:{i:0;i:1;i:1;i:5;}}i:15;a:4:{s:1:\"a\";i:16;s:1:\"b\";s:14:\"manage payroll\";s:1:\"c\";s:3:\"web\";s:1:\"r\";a:2:{i:0;i:1;i:1;i:5;}}i:16;a:4:{s:1:\"a\";i:17;s:1:\"b\";s:13:\"manage credit\";s:1:\"c\";s:3:\"web\";s:1:\"r\";a:2:{i:0;i:1;i:1;i:5;}}i:17;a:4:{s:1:\"a\";i:18;s:1:\"b\";s:21:\"view credit dashboard\";s:1:\"c\";s:3:\"web\";s:1:\"r\";a:2:{i:0;i:1;i:1;i:5;}}i:18;a:4:{s:1:\"a\";i:19;s:1:\"b\";s:13:\"enable credit\";s:1:\"c\";s:3:\"web\";s:1:\"r\";a:2:{i:0;i:1;i:1;i:5;}}i:19;a:4:{s:1:\"a\";i:20;s:1:\"b\";s:14:\"disable credit\";s:1:\"c\";s:3:\"web\";s:1:\"r\";a:2:{i:0;i:1;i:1;i:5;}}i:20;a:4:{s:1:\"a\";i:21;s:1:\"b\";s:22:\"collect credit payment\";s:1:\"c\";s:3:\"web\";s:1:\"r\";a:2:{i:0;i:1;i:1;i:5;}}i:21;a:4:{s:1:\"a\";i:22;s:1:\"b\";s:21:\"view credit statement\";s:1:\"c\";s:3:\"web\";s:1:\"r\";a:2:{i:0;i:1;i:1;i:5;}}i:22;a:4:{s:1:\"a\";i:23;s:1:\"b\";s:23:\"export credit statement\";s:1:\"c\";s:3:\"web\";s:1:\"r\";a:2:{i:0;i:1;i:1;i:5;}}i:23;a:4:{s:1:\"a\";i:24;s:1:\"b\";s:19:\"view overdue report\";s:1:\"c\";s:3:\"web\";s:1:\"r\";a:2:{i:0;i:1;i:1;i:5;}}i:24;a:4:{s:1:\"a\";i:25;s:1:\"b\";s:13:\"manage ledger\";s:1:\"c\";s:3:\"web\";s:1:\"r\";a:2:{i:0;i:1;i:1;i:5;}}i:25;a:4:{s:1:\"a\";i:26;s:1:\"b\";s:15:\"manage branches\";s:1:\"c\";s:3:\"web\";s:1:\"r\";a:2:{i:0;i:1;i:1;i:5;}}i:26;a:4:{s:1:\"a\";i:27;s:1:\"b\";s:17:\"view all branches\";s:1:\"c\";s:3:\"web\";s:1:\"r\";a:2:{i:0;i:1;i:1;i:5;}}}s:5:\"roles\";a:5:{i:0;a:3:{s:1:\"a\";i:1;s:1:\"b\";s:5:\"admin\";s:1:\"c\";s:3:\"web\";}i:1;a:3:{s:1:\"a\";i:2;s:1:\"b\";s:7:\"manager\";s:1:\"c\";s:3:\"web\";}i:2;a:3:{s:1:\"a\";i:3;s:1:\"b\";s:7:\"cashier\";s:1:\"c\";s:3:\"web\";}i:3;a:3:{s:1:\"a\";i:4;s:1:\"b\";s:8:\"employee\";s:1:\"c\";s:3:\"web\";}i:4;a:3:{s:1:\"a\";i:5;s:1:\"b\";s:11:\"super_admin\";s:1:\"c\";s:3:\"web\";}}}', 1773660028);

-- --------------------------------------------------------

--
-- Table structure for table `cache_locks`
--

CREATE TABLE `cache_locks` (
  `key` varchar(255) COLLATE utf8mb4_unicode_ci NOT NULL,
  `owner` varchar(255) COLLATE utf8mb4_unicode_ci NOT NULL,
  `expiration` int NOT NULL
) ENGINE=InnoDB DEFAULT CHARSET=utf8mb4 COLLATE=utf8mb4_unicode_ci;

-- --------------------------------------------------------

--
-- Table structure for table `categories`
--

CREATE TABLE `categories` (
  `id` bigint UNSIGNED NOT NULL,
  `branch_id` bigint UNSIGNED DEFAULT NULL,
  `name` varchar(255) COLLATE utf8mb4_unicode_ci NOT NULL,
  `description` text COLLATE utf8mb4_unicode_ci,
  `created_at` timestamp NULL DEFAULT NULL,
  `updated_at` timestamp NULL DEFAULT NULL
) ENGINE=InnoDB DEFAULT CHARSET=utf8mb4 COLLATE=utf8mb4_unicode_ci;

--
-- Dumping data for table `categories`
--

INSERT INTO `categories` (`id`, `branch_id`, `name`, `description`, `created_at`, `updated_at`) VALUES
(4, 1, 'Quran Majeed', 'Quran Majeed', '2025-09-15 18:05:30', '2025-09-15 18:05:30'),
(5, 1, 'Hijab', 'Chadar, Abaya etc', '2025-09-17 02:42:51', '2025-09-17 02:42:51'),
(6, 1, 'Shohada Books', 'Books', '2025-09-21 00:48:21', '2025-09-21 00:48:21'),
(7, 1, 'Namaz o Manajat', 'Namaz Relaited Items', '2025-09-25 21:34:34', '2025-09-25 21:34:34'),
(8, 1, 'Saqafti Items', 'Islamic Cultural Items', '2025-09-30 20:31:02', '2025-09-30 20:31:02'),
(9, 1, 'Islamic Books', 'Islamic Books', '2025-12-27 23:41:48', '2025-12-27 23:41:48'),
(10, 1, 'Nagina Jat & Rings', '', '2026-01-01 02:23:50', '2026-01-01 02:23:50'),
(11, 1, 'Customized Items', '', '2026-01-15 20:26:42', '2026-01-15 20:26:42'),
(12, 1, 'Kidz Items', '', '2026-02-11 16:47:16', '2026-02-11 16:47:16'),
(13, 1, 'Ulema e Karam Items', '', '2026-03-03 02:23:34', '2026-03-03 02:23:34'),
(14, 1, 'Tabarukat', '', '2026-03-07 06:47:06', '2026-03-07 06:47:06'),
(15, 1, 'Muharam Variety ', '', '2026-03-10 15:55:38', '2026-03-10 15:55:38'),
(16, 3, 'Airpods', '', '2026-03-12 08:33:55', '2026-03-12 08:33:55'),
(17, 3, 'Keypad Mobiles', '', '2026-03-12 08:49:25', '2026-03-12 08:49:25'),
(18, 3, 'Customized products', '', '2026-03-12 09:17:09', '2026-03-12 09:17:09'),
(22, 3, 'Ronin\'s Product', '', '2026-03-12 12:25:11', '2026-03-12 12:25:11'),
(28, 3, 'Charging Adapters', '', '2026-03-12 12:29:33', '2026-03-12 12:29:33');

-- --------------------------------------------------------

--
-- Table structure for table `credit_ledgers`
--

CREATE TABLE `credit_ledgers` (
  `id` bigint UNSIGNED NOT NULL,
  `ledger_number` varchar(255) COLLATE utf8mb4_unicode_ci NOT NULL,
  `customer_id` bigint UNSIGNED NOT NULL,
  `total_debit` decimal(12,2) NOT NULL DEFAULT '0.00',
  `total_credit` decimal(12,2) NOT NULL DEFAULT '0.00',
  `opening_balance` decimal(12,2) NOT NULL DEFAULT '0.00',
  `closing_balance` decimal(12,2) NOT NULL DEFAULT '0.00',
  `credit_limit` decimal(12,2) NOT NULL DEFAULT '0.00',
  `status` enum('active','inactive','closed') COLLATE utf8mb4_unicode_ci NOT NULL DEFAULT 'active',
  `last_transaction_date` date DEFAULT NULL,
  `notes` text COLLATE utf8mb4_unicode_ci,
  `created_at` timestamp NULL DEFAULT NULL,
  `updated_at` timestamp NULL DEFAULT NULL
) ENGINE=InnoDB DEFAULT CHARSET=utf8mb4 COLLATE=utf8mb4_unicode_ci;

-- --------------------------------------------------------

--
-- Table structure for table `credit_transactions`
--

CREATE TABLE `credit_transactions` (
  `id` bigint UNSIGNED NOT NULL,
  `transaction_number` varchar(255) CHARACTER SET utf8mb4 COLLATE utf8mb4_unicode_ci NOT NULL,
  `credit_ledger_id` bigint UNSIGNED NOT NULL,
  `customer_id` bigint UNSIGNED NOT NULL,
  `order_id` bigint UNSIGNED DEFAULT NULL,
  `payment_id` bigint UNSIGNED DEFAULT NULL,
  `transaction_type` enum('debit','credit') CHARACTER SET utf8mb4 COLLATE utf8mb4_unicode_ci NOT NULL,
  `amount` decimal(12,2) NOT NULL,
  `balance_before` decimal(12,2) NOT NULL,
  `balance_after` decimal(12,2) NOT NULL,
  `reference_number` varchar(255) CHARACTER SET utf8mb4 COLLATE utf8mb4_unicode_ci DEFAULT NULL,
  `description` text CHARACTER SET utf8mb4 COLLATE utf8mb4_unicode_ci,
  `transaction_date` date NOT NULL,
  `due_date` date DEFAULT NULL,
  `payment_date` date DEFAULT NULL,
  `payment_status` enum('pending','partial','paid','overdue') CHARACTER SET utf8mb4 COLLATE utf8mb4_unicode_ci NOT NULL DEFAULT 'pending',
  `items` longtext CHARACTER SET utf8mb4 COLLATE utf8mb4_bin,
  `paid_amount` decimal(12,2) NOT NULL DEFAULT '0.00',
  `remaining_amount` decimal(12,2) NOT NULL DEFAULT '0.00',
  `notes` text CHARACTER SET utf8mb4 COLLATE utf8mb4_unicode_ci,
  `created_by` bigint UNSIGNED DEFAULT NULL,
  `created_at` timestamp NULL DEFAULT NULL,
  `updated_at` timestamp NULL DEFAULT NULL
) ENGINE=InnoDB DEFAULT CHARSET=latin1;

-- --------------------------------------------------------

--
-- Table structure for table `customers`
--

CREATE TABLE `customers` (
  `id` bigint UNSIGNED NOT NULL,
  `branch_id` bigint UNSIGNED DEFAULT NULL,
  `name` varchar(255) COLLATE utf8mb4_unicode_ci NOT NULL,
  `email` varchar(255) COLLATE utf8mb4_unicode_ci DEFAULT NULL,
  `phone` varchar(255) COLLATE utf8mb4_unicode_ci DEFAULT NULL,
  `address` text COLLATE utf8mb4_unicode_ci,
  `customer_type` enum('customer','reseller','wholesale') COLLATE utf8mb4_unicode_ci NOT NULL DEFAULT 'customer',
  `loyalty_points` decimal(10,2) NOT NULL DEFAULT '0.00',
  `barcode` varchar(355) COLLATE utf8mb4_unicode_ci DEFAULT NULL,
  `credit_enabled` tinyint(1) DEFAULT '0',
  `credit_limit` decimal(10,2) NOT NULL DEFAULT '0.00',
  `current_balance` decimal(10,2) NOT NULL DEFAULT '0.00',
  `credit_due_days` int NOT NULL DEFAULT '30',
  `credit_start_date` date DEFAULT NULL,
  `created_at` timestamp NULL DEFAULT NULL,
  `updated_at` timestamp NULL DEFAULT NULL
) ENGINE=InnoDB DEFAULT CHARSET=utf8mb4 COLLATE=utf8mb4_unicode_ci;

--
-- Dumping data for table `customers`
--

INSERT INTO `customers` (`id`, `branch_id`, `name`, `email`, `phone`, `address`, `customer_type`, `loyalty_points`, `barcode`, `credit_enabled`, `credit_limit`, `current_balance`, `credit_due_days`, `credit_start_date`, `created_at`, `updated_at`) VALUES
(6, 1, 'ALQaim Saqafti Markaz', '', '+923290294822', 'Mian Channu', 'reseller', 0.00, '325', 0, 0.00, 0.00, 30, NULL, '2025-09-22 17:58:58', '2026-03-11 12:49:34'),
(7, 1, 'Kh. Arifa Kazmi', 'almufeed912@gmail.com', '03361514983', 'DinPur Srgodha', 'reseller', 0.00, NULL, 0, 0.00, 0.00, 30, NULL, '2025-10-01 01:33:30', '2025-10-01 01:33:30'),
(8, 1, 'Kh. Kainat Khan', 'Amt7212@gmail.com', '923205820103', 'Kohat Kpk', 'reseller', 0.00, 'CUST242731', 0, 0.00, 0.00, 30, NULL, '2025-10-01 22:31:33', '2026-03-12 00:53:18'),
(10, 1, 'Dr Aziz Fatima', '', '923325231957', 'Kallurkot', 'reseller', 0.00, NULL, 0, 0.00, 0.00, 30, NULL, '2025-12-19 02:24:06', '2025-12-19 02:24:06'),
(13, 1, 'Ibraheem Hadi Saqafti Markaz', '', '+923377637690', 'Faisal Abad', 'reseller', 0.00, NULL, 0, 0.00, 1545.00, 30, NULL, '2025-12-29 04:44:01', '2026-03-10 18:46:50'),
(14, 1, 'Kh Tahira Batool Sahiba', '', '+923049206414', 'Behal, Bhakkar', 'reseller', 0.00, 'R315', 0, 0.00, 0.00, 30, NULL, '2025-12-29 22:42:27', '2026-03-06 01:22:05'),
(15, 1, 'G.Zahra Najfi Sahiba ', '', '+923315959828 ', 'Danish Gah Hazrat Imam ALI as Near Al Habib Bank Sehwan Shareef Sindh', 'reseller', 0.00, NULL, 0, 0.00, 0.00, 30, NULL, '2025-12-31 05:40:40', '2025-12-31 05:40:40'),
(16, 1, ' Kh. Aliya Sahiba  ', '', '+923172501893', 'Gulustany Johar black 9 Batool arcade building 4th floor  Alvera Medical clinic  Karachi', 'reseller', 0.00, NULL, 0, 0.00, 0.00, 30, NULL, '2025-12-31 05:45:18', '2025-12-31 05:45:18'),
(17, 1, 'Kh. Izzat Batool Sahiba', '', ' +923328206421', 'Lahore', 'reseller', 0.00, '326', 0, 0.00, 0.00, 30, NULL, '2025-12-31 05:50:01', '2026-03-10 18:44:18'),
(20, 1, 'M Mustafa Sahb', '', '+923251931180', 'Haji Mora, DIK', 'reseller', 0.00, '332', 0, 0.00, -190.00, 30, NULL, '2026-01-04 21:21:56', '2026-03-11 12:53:45'),
(21, 1, 'Kh. Kainat zahra, Hangu', '', '+923320765965', 'Raisan p/o Raisan Tehsil And District Hangu', 'reseller', 0.00, NULL, 0, 0.00, 0.00, 30, NULL, '2026-01-06 04:18:15', '2026-01-06 04:18:15'),
(23, 1, 'Kh. Nida Hussain Sahiba', '', '+923372623454', 'RajanPur', 'reseller', 0.00, 'R320', 0, 0.00, -75.00, 30, NULL, '2026-01-07 16:51:03', '2026-03-14 12:34:43'),
(30, 1, 'Kh. Aneela Batool Sahiba', '', '+923437044004', 'Basti Ahmad Shah Wali', 'reseller', 0.00, NULL, 0, 0.00, 0.00, 30, NULL, '2026-01-15 04:12:11', '2026-01-15 04:12:11'),
(32, 1, 'Kh. Ana Fatmi Sahiba', '', '+923418014976', 'Gujranwala', 'reseller', 0.00, 'R313', 0, 0.00, -45.00, 30, NULL, '2026-01-15 07:38:15', '2026-03-13 03:19:26'),
(36, 1, 'Kh. Sumia Kazmi Chk', '', '+923285704662', 'Shahpur Syedan p/o ShahpurSyedan Tehsil and District Chakwal', 'reseller', 0.00, NULL, 0, 0.00, 0.00, 30, NULL, '2026-01-16 01:09:22', '2026-01-16 01:09:22'),
(39, 1, 'Kh. Zahra bhk', '', '03320765965', 'Raisan p/o Raisan Tehsil And District Hangu', 'reseller', 0.00, NULL, 0, 0.00, 0.00, 30, NULL, '2026-01-17 20:17:14', '2026-01-17 20:17:14'),
(41, 1, 'Aga hasan askari ', '', '+923176654814', '\"\r\nHouse number f694 street number 69 shair block buch villa colony bosan road multan\r\nAga hasan askare shab\r\n\"', 'reseller', 0.00, NULL, 0, 0.00, 0.00, 30, NULL, '2026-01-19 00:44:59', '2026-01-19 00:44:59'),
(44, 1, 'Kh. Bushra', '', '+923418833607', '\"\r\nKashti Chowk Mohalla Mujawar, Taxila district Rawalpindi \"', 'reseller', 0.00, '111', 0, 0.00, 0.00, 30, NULL, '2026-01-19 03:04:23', '2026-02-08 14:54:17'),
(55, 1, 'Res Hasnain Mahdi', '', '+923216958284', 'Jhang', 'reseller', 0.00, '', 0, 0.00, 0.00, 30, NULL, '2026-02-08 14:54:53', '2026-02-10 16:09:36'),
(57, 1, 'ALMufeed Customer', 'amtonline12@gmail.com', '+923144466912', 'Pakistan', 'customer', 0.00, 'CUST895560', 0, 0.00, 8300.36, 30, NULL, '2026-02-12 18:40:41', '2026-03-11 17:08:15'),
(58, 1, 'Kh. Hijab Zainab', 'zainabchemist14@gmail.com', '+923201798201', 'Dera Ghazi Khan', 'reseller', 0.00, 'R314', 0, 0.00, 0.00, 30, NULL, '2026-03-03 02:19:55', '2026-03-03 03:22:02'),
(59, 1, 'Kh. Haya, Sanghar', '', '+923290056625', 'Sanghar, Sindh', 'reseller', 0.00, 'R316', 0, 0.00, 270.00, 30, NULL, '2026-03-07 05:15:52', '2026-03-07 06:20:15'),
(60, 1, 'Kh Kainat Zahra Sahiba', '', '+923183448772', 'Larkana', 'reseller', 0.00, 'R317', 0, 0.00, -750.00, 30, NULL, '2026-03-07 15:50:39', '2026-03-07 15:58:14'),
(61, 1, 'Kh. Sabeeqa Nobia', '', '+92 328 5947495', 'Kallurkot', 'reseller', 0.00, 'R318', 0, 0.00, 1030.00, 30, NULL, '2026-03-07 16:01:09', '2026-03-12 13:41:39'),
(62, 1, 'Kh. LAILA RUBAB Sahiba', '', '+923319085014', 'Talagang', 'reseller', 0.00, 'R319', 0, 0.00, 0.00, 30, NULL, '2026-03-07 16:35:16', '2026-03-14 11:20:46'),
(63, 1, 'Mujtaba Haider Naqvi', '', '+923335335912', 'Al Hujag Islamic Markaz, Jandd', 'reseller', 0.00, 'R321', 0, 0.00, 0.00, 30, NULL, '2026-03-08 00:47:21', '2026-03-08 00:47:21'),
(64, 1, 'Kh. Ume Rubab (MFC)', '', '+923334050586', 'HariPur', 'wholesale', 0.00, 'R322', 0, 0.00, 0.00, 30, NULL, '2026-03-08 06:33:12', '2026-03-13 13:47:18'),
(66, 1, 'Ali Abbas (Jamia Besat Chiniot)', '', '+923040701064', 'Chiniot', 'reseller', 0.00, '323', 0, 0.00, 400.00, 30, NULL, '2026-03-10 16:50:50', '2026-03-10 16:53:08'),
(67, 1, 'Kh. Tehzeeb Zahra Bhk', '', '+923194259913', 'Bhakkar', 'reseller', 0.00, '327', 0, 0.00, -70.00, 30, NULL, '2026-03-10 18:05:49', '2026-03-11 17:13:42'),
(68, 1, 'Kh. Uswa Zahra Sahiba', '', '+923042668957', 'Karachi', 'reseller', 0.00, '328', 0, 0.00, 0.00, 30, NULL, '2026-03-10 18:11:04', '2026-03-10 18:14:28'),
(69, 1, 'ALHadi Saqafti Markaz', '', '+923117535817', 'Our', 'reseller', 0.00, '329 ', 0, 0.00, 1400.00, 30, NULL, '2026-03-10 18:16:39', '2026-03-10 18:18:07'),
(70, 1, 'Kh. Aqeela Alvi', '', '+923059901872', 'Chakwal', 'reseller', 0.00, '330', 0, 0.00, 0.00, 30, NULL, '2026-03-10 18:19:48', '2026-03-10 18:22:17'),
(71, 1, 'Kh. Hafiza Sakeena Fatima', '', '+923192505383', 'House # R33, Diamond City Society, Gadap Town Karachi\r\n03312164472', 'reseller', 0.00, '331', 0, 0.00, 0.00, 30, NULL, '2026-03-10 18:49:25', '2026-03-10 18:51:48'),
(72, 1, 'Kh Arooj Fatima', '', '+923166130050', 'Layyah', 'reseller', 0.00, 'R332', 0, 0.00, 1650.00, 30, NULL, '2026-03-14 11:36:38', '2026-03-14 11:46:05');

-- --------------------------------------------------------

--
-- Table structure for table `delivery_charge_slabs`
--

CREATE TABLE `delivery_charge_slabs` (
  `id` bigint UNSIGNED NOT NULL,
  `dispatch_method_id` bigint UNSIGNED NOT NULL,
  `min_weight` decimal(8,3) NOT NULL,
  `max_weight` decimal(8,3) NOT NULL,
  `charge` decimal(10,2) NOT NULL,
  `is_active` tinyint(1) NOT NULL DEFAULT '1',
  `created_at` timestamp NULL DEFAULT NULL,
  `updated_at` timestamp NULL DEFAULT NULL
) ENGINE=InnoDB DEFAULT CHARSET=utf8mb4 COLLATE=utf8mb4_unicode_ci;

--
-- Dumping data for table `delivery_charge_slabs`
--

INSERT INTO `delivery_charge_slabs` (`id`, `dispatch_method_id`, `min_weight`, `max_weight`, `charge`, `is_active`, `created_at`, `updated_at`) VALUES
(1, 3, 0.100, 0.500, 100.00, 1, '2026-03-15 11:13:03', '2026-03-15 11:13:03'),
(2, 3, 0.500, 1.000, 150.00, 1, '2026-03-15 11:13:27', '2026-03-15 11:13:35'),
(3, 3, 1.000, 2.000, 250.00, 1, '2026-03-15 11:14:08', '2026-03-15 11:14:08');

-- --------------------------------------------------------

--
-- Table structure for table `dispatch_methods`
--

CREATE TABLE `dispatch_methods` (
  `id` bigint UNSIGNED NOT NULL,
  `name` varchar(255) COLLATE utf8mb4_unicode_ci NOT NULL,
  `has_tracking` tinyint(1) NOT NULL DEFAULT '0',
  `sort_order` int NOT NULL DEFAULT '0',
  `is_active` tinyint(1) NOT NULL DEFAULT '1',
  `created_at` timestamp NULL DEFAULT NULL,
  `updated_at` timestamp NULL DEFAULT NULL
) ENGINE=InnoDB DEFAULT CHARSET=utf8mb4 COLLATE=utf8mb4_unicode_ci;

--
-- Dumping data for table `dispatch_methods`
--

INSERT INTO `dispatch_methods` (`id`, `name`, `has_tracking`, `sort_order`, `is_active`, `created_at`, `updated_at`) VALUES
(1, 'Self Pickup', 0, 0, 1, '2026-03-12 01:48:21', '2026-03-12 01:48:21'),
(2, 'By Bus', 0, 1, 1, '2026-03-12 01:48:21', '2026-03-12 01:48:21'),
(3, 'TCS', 1, 2, 1, '2026-03-12 01:48:21', '2026-03-12 01:48:21'),
(4, 'Pak Post', 1, 3, 1, '2026-03-12 01:48:21', '2026-03-13 03:13:56'),
(5, 'PostEx', 1, 4, 1, '2026-03-12 01:48:21', '2026-03-15 05:06:46');

-- --------------------------------------------------------

--
-- Table structure for table `ecommerce_sync_logs`
--

CREATE TABLE `ecommerce_sync_logs` (
  `id` bigint UNSIGNED NOT NULL,
  `title` varchar(255) COLLATE utf8mb4_unicode_ci NOT NULL,
  `amount` decimal(10,2) NOT NULL,
  `date` date NOT NULL,
  `description` text COLLATE utf8mb4_unicode_ci,
  `user_id` bigint UNSIGNED NOT NULL,
  `created_at` timestamp NULL DEFAULT NULL,
  `updated_at` timestamp NULL DEFAULT NULL
) ENGINE=InnoDB DEFAULT CHARSET=utf8mb4 COLLATE=utf8mb4_unicode_ci;

-- --------------------------------------------------------

--
-- Table structure for table `employees`
--

CREATE TABLE `employees` (
  `id` bigint UNSIGNED NOT NULL,
  `branch_id` bigint UNSIGNED DEFAULT NULL,
  `user_id` bigint UNSIGNED NOT NULL,
  `phone` varchar(255) COLLATE utf8mb4_unicode_ci NOT NULL,
  `address` text COLLATE utf8mb4_unicode_ci NOT NULL,
  `salary` decimal(10,2) DEFAULT NULL,
  `joining_date` date NOT NULL,
  `created_at` timestamp NULL DEFAULT NULL,
  `updated_at` timestamp NULL DEFAULT NULL
) ENGINE=InnoDB DEFAULT CHARSET=utf8mb4 COLLATE=utf8mb4_unicode_ci;

--
-- Dumping data for table `employees`
--

INSERT INTO `employees` (`id`, `branch_id`, `user_id`, `phone`, `address`, `salary`, `joining_date`, `created_at`, `updated_at`) VALUES
(4, 1, 6, '03457747789', 'Panjgirain', 5000.00, '2025-05-01', '2025-09-15 21:15:12', '2025-09-15 21:15:12'),
(5, 1, 7, '03417212469', 'Panjgirain', 12000.00, '2025-08-12', '2025-09-16 02:00:57', '2025-09-16 02:00:57'),
(6, 1, 8, '03414613540', 'Jhang', 5000.00, '2026-02-04', '2026-02-03 21:19:25', '2026-03-12 08:15:42'),
(7, 1, 9, '+923005966912', 'ALMuferd Mobiles Ali Plaza PanjGirain ', 0.00, '2026-01-01', '2026-03-12 08:19:46', '2026-03-12 08:19:46'),
(8, 3, 10, '03117493542', 'Panjgirain city ', 12000.00, '2026-03-01', '2026-03-12 08:47:03', '2026-03-12 08:47:03');

-- --------------------------------------------------------

--
-- Table structure for table `expenses`
--

CREATE TABLE `expenses` (
  `id` bigint UNSIGNED NOT NULL,
  `title` varchar(255) COLLATE utf8mb4_unicode_ci NOT NULL,
  `amount` decimal(10,2) NOT NULL,
  `date` date NOT NULL,
  `description` text COLLATE utf8mb4_unicode_ci,
  `user_id` bigint UNSIGNED NOT NULL,
  `created_at` timestamp NULL DEFAULT NULL,
  `updated_at` timestamp NULL DEFAULT NULL
) ENGINE=InnoDB DEFAULT CHARSET=utf8mb4 COLLATE=utf8mb4_unicode_ci;

-- --------------------------------------------------------

--
-- Table structure for table `failed_jobs`
--

CREATE TABLE `failed_jobs` (
  `id` bigint UNSIGNED NOT NULL,
  `uuid` varchar(255) COLLATE utf8mb4_unicode_ci NOT NULL,
  `connection` text COLLATE utf8mb4_unicode_ci NOT NULL,
  `queue` text COLLATE utf8mb4_unicode_ci NOT NULL,
  `payload` longtext COLLATE utf8mb4_unicode_ci NOT NULL,
  `exception` longtext COLLATE utf8mb4_unicode_ci NOT NULL,
  `failed_at` timestamp NOT NULL DEFAULT CURRENT_TIMESTAMP
) ENGINE=InnoDB DEFAULT CHARSET=utf8mb4 COLLATE=utf8mb4_unicode_ci;

-- --------------------------------------------------------

--
-- Table structure for table `inventory_logs`
--

CREATE TABLE `inventory_logs` (
  `id` bigint UNSIGNED NOT NULL,
  `branch_id` bigint UNSIGNED DEFAULT NULL,
  `purchase_id` bigint UNSIGNED DEFAULT NULL,
  `product_id` bigint UNSIGNED DEFAULT NULL,
  `action` varchar(255) COLLATE utf8mb4_unicode_ci NOT NULL,
  `quantity_change` int NOT NULL,
  `notes` text COLLATE utf8mb4_unicode_ci,
  `user_id` bigint UNSIGNED NOT NULL,
  `quantity` int DEFAULT NULL,
  `unit_price` decimal(10,2) DEFAULT NULL,
  `total_price` decimal(10,2) DEFAULT NULL,
  `created_at` timestamp NULL DEFAULT NULL,
  `updated_at` timestamp NULL DEFAULT NULL
) ENGINE=InnoDB DEFAULT CHARSET=utf8mb4 COLLATE=utf8mb4_unicode_ci;

--
-- Dumping data for table `inventory_logs`
--

INSERT INTO `inventory_logs` (`id`, `branch_id`, `purchase_id`, `product_id`, `action`, `quantity_change`, `notes`, `user_id`, `quantity`, `unit_price`, `total_price`, `created_at`, `updated_at`) VALUES
(30, 1, NULL, 9, 'order_sale', -3, 'Stock reduced for Order #ORD-202509140002', 2, NULL, NULL, NULL, '2025-09-14 09:34:08', '2025-09-14 09:34:08'),
(31, 1, NULL, 8, 'order_sale', -2, 'Stock reduced for Order #ORD-202509140002', 2, NULL, NULL, NULL, '2025-09-14 09:34:08', '2025-09-14 09:34:08'),
(32, 1, NULL, 7, 'order_sale', -2, 'Stock reduced for Order #ORD-202509140002', 2, NULL, NULL, NULL, '2025-09-14 09:34:08', '2025-09-14 09:34:08'),
(33, 1, NULL, 1, 'order_sale', -2, 'Stock reduced for Order #ORD-202509140002', 2, NULL, NULL, NULL, '2025-09-14 09:34:08', '2025-09-14 09:34:08'),
(34, 1, NULL, 10, 'order_sale', -4, 'Stock reduced for Order #ORD-202509140002', 2, NULL, NULL, NULL, '2025-09-14 09:34:08', '2025-09-14 09:34:08'),
(35, 1, NULL, 1, 'order_sale', -5, 'Stock reduced for Order #ORD-202509140003', 2, NULL, NULL, NULL, '2025-09-14 09:42:34', '2025-09-14 09:42:34'),
(36, 1, NULL, 7, 'order_sale', -1, 'Stock reduced for Order #ORD-202509140004', 2, NULL, NULL, NULL, '2025-09-14 09:48:26', '2025-09-14 09:48:26'),
(37, 1, NULL, 8, 'order_sale', -1, 'Stock reduced for Order #ORD-202509140004', 2, NULL, NULL, NULL, '2025-09-14 09:48:26', '2025-09-14 09:48:26'),
(38, 1, NULL, 9, 'order_sale', -1, 'Stock reduced for Order #ORD-202509140004', 2, NULL, NULL, NULL, '2025-09-14 09:48:26', '2025-09-14 09:48:26'),
(39, 1, NULL, 10, 'order_sale', -1, 'Stock reduced for Order #ORD-202509150001', 2, NULL, NULL, NULL, '2025-09-14 23:37:21', '2025-09-14 23:37:21'),
(40, 1, NULL, 7, 'order_sale', -3, 'Stock reduced for Order #ORD-202509150002', 2, NULL, NULL, NULL, '2025-09-15 01:32:26', '2025-09-15 01:32:26'),
(41, 1, NULL, 10, 'order_sale', -1, 'Stock reduced for Order #ORD-202509160001', 2, NULL, NULL, NULL, '2025-09-15 21:03:41', '2025-09-15 21:03:41'),
(42, 1, NULL, 8, 'order_sale', -1, 'Stock reduced for Order #ORD-202509170001', 2, NULL, NULL, NULL, '2025-09-16 19:59:36', '2025-09-16 19:59:36'),
(43, 1, NULL, 11, 'initial', 50, 'Initial stock entry', 2, NULL, NULL, NULL, '2025-09-17 02:48:38', '2025-09-17 02:48:38'),
(44, 1, NULL, 8, 'order_sale', -1, 'Stock reduced for Order #ORD-202509180001', 2, NULL, NULL, NULL, '2025-09-17 22:38:13', '2025-09-17 22:38:13'),
(45, 1, NULL, 12, 'initial', 50, 'Initial stock entry', 2, NULL, NULL, NULL, '2025-09-21 00:51:13', '2025-09-21 00:51:13'),
(46, 1, NULL, 13, 'initial', 16, 'Initial stock entry', 2, NULL, NULL, NULL, '2025-09-21 01:14:54', '2025-09-21 01:14:54'),
(47, 1, NULL, 9, 'order_sale', -2, 'Stock reduced for Order #ORD-202509210001', 2, NULL, NULL, NULL, '2025-09-21 13:47:11', '2025-09-21 13:47:11'),
(48, 1, NULL, 1, 'order_sale', -3, 'Stock reduced for Order #ORD-202509210002', 2, NULL, NULL, NULL, '2025-09-21 13:56:01', '2025-09-21 13:56:01'),
(49, 1, NULL, 7, 'order_sale', -1, 'Stock reduced for Order #ORD-202509210002', 2, NULL, NULL, NULL, '2025-09-21 13:56:01', '2025-09-21 13:56:01'),
(50, 1, NULL, 8, 'order_sale', -1, 'Stock reduced for Order #ORD-202509210002', 2, NULL, NULL, NULL, '2025-09-21 13:56:01', '2025-09-21 13:56:01'),
(51, 1, NULL, 9, 'order_sale', -1, 'Stock reduced for Order #ORD-202509210002', 2, NULL, NULL, NULL, '2025-09-21 13:56:01', '2025-09-21 13:56:01'),
(52, 1, NULL, 7, 'order_sale', -1, 'Stock reduced for Order #ORD-202509210003', 2, NULL, NULL, NULL, '2025-09-21 13:57:13', '2025-09-21 13:57:13'),
(53, 1, NULL, 8, 'order_sale', -1, 'Stock reduced for Order #ORD-202509210003', 2, NULL, NULL, NULL, '2025-09-21 13:57:13', '2025-09-21 13:57:13'),
(54, 1, NULL, 9, 'order_sale', -1, 'Stock reduced for Order #ORD-202509210003', 2, NULL, NULL, NULL, '2025-09-21 13:57:13', '2025-09-21 13:57:13'),
(55, 1, NULL, 10, 'order_sale', -1, 'Stock reduced for Order #ORD-202509210003', 2, NULL, NULL, NULL, '2025-09-21 13:57:13', '2025-09-21 13:57:13'),
(56, 1, NULL, 14, 'initial', 99, 'Initial stock entry', 2, NULL, NULL, NULL, '2025-09-21 18:11:45', '2025-09-21 18:11:45'),
(57, 1, NULL, 14, 'order_sale', -1, 'Stock reduced for Order #ORD-202509220001', 2, NULL, NULL, NULL, '2025-09-21 18:27:24', '2025-09-21 18:27:24'),
(58, 1, NULL, 12, 'order_sale', -3, 'Stock reduced for Order #ASM1', 2, NULL, NULL, NULL, '2025-09-22 02:37:25', '2025-09-22 02:37:25'),
(59, 1, NULL, 13, 'order_sale', -7, 'Stock reduced for Order #ASM2', 2, NULL, NULL, NULL, '2025-09-22 02:37:44', '2025-09-22 02:37:44'),
(60, 1, NULL, 12, 'order_sale', -1, 'Stock reduced for Order #ASM3', 2, NULL, NULL, NULL, '2025-09-22 02:38:15', '2025-09-22 02:38:15'),
(61, 1, NULL, 8, 'order_sale', -1, 'Stock reduced for Order #ASM4', 2, NULL, NULL, NULL, '2025-09-22 02:48:48', '2025-09-22 02:48:48'),
(65, 1, NULL, 18, 'initial', 50, 'Initial stock entry', 2, NULL, NULL, NULL, '2025-09-26 18:10:41', '2025-09-26 18:10:41'),
(66, 1, NULL, 19, 'initial', 50, 'Initial stock entry', 2, NULL, NULL, NULL, '2025-09-26 18:14:03', '2025-09-26 18:14:03'),
(67, 1, NULL, 20, 'initial', 75, 'Initial stock entry', 2, NULL, NULL, NULL, '2025-09-26 18:16:59', '2025-09-26 18:16:59'),
(68, 1, NULL, 20, 'order_sale', -3, 'Stock reduced for Order #ORD-202509280001', 2, NULL, NULL, NULL, '2025-09-28 12:10:02', '2025-09-28 12:10:02'),
(69, 1, NULL, 20, 'order_sale', -4, 'Stock reduced for Order #ORD-202509280001', 2, NULL, NULL, NULL, '2025-09-28 12:19:44', '2025-09-28 12:19:44'),
(70, 1, NULL, 18, 'order_sale', -1, 'Stock reduced for Order #ORD-202509280001', 2, NULL, NULL, NULL, '2025-09-28 12:19:44', '2025-09-28 12:19:44'),
(71, 1, NULL, 18, 'order_sale', -1, 'Stock reduced for Order #ORD-202509290001', 2, NULL, NULL, NULL, '2025-09-28 20:23:53', '2025-09-28 20:23:53'),
(72, 1, NULL, 20, 'order_sale', -1, 'Stock reduced for Order #ORD-202509290001', 2, NULL, NULL, NULL, '2025-09-28 20:23:53', '2025-09-28 20:23:53'),
(73, 1, NULL, 19, 'order_sale', -1, 'Stock reduced for Order #ORD-202509290001', 2, NULL, NULL, NULL, '2025-09-28 20:23:53', '2025-09-28 20:23:53'),
(74, 1, NULL, 21, 'initial', 20, 'Initial stock entry', 2, NULL, NULL, NULL, '2025-09-30 20:35:35', '2025-09-30 20:35:35'),
(75, 1, NULL, 21, 'order_sale', -1, 'Stock reduced for Order #ORD-202510010001', 2, NULL, NULL, NULL, '2025-10-01 01:35:06', '2025-10-01 01:35:06'),
(76, 1, NULL, 22, 'initial', 12, 'Initial stock entry', 2, NULL, NULL, NULL, '2025-10-01 22:39:32', '2025-10-01 22:39:32'),
(77, 1, NULL, 22, 'order_sale', -2, 'Stock reduced for Order #ORD-202510020001', 2, NULL, NULL, NULL, '2025-10-01 22:41:43', '2025-10-01 22:41:43'),
(78, 1, NULL, 11, 'order_sale', -6, 'Stock reduced for Order #ORD-202510020001', 2, NULL, NULL, NULL, '2025-10-01 22:41:43', '2025-10-01 22:41:43'),
(85, 1, NULL, 18, 'order_sale', -1, 'Stock reduced for Order #ORD-202510030001', 2, NULL, NULL, NULL, '2025-10-03 11:58:31', '2025-10-03 11:58:31'),
(86, 1, NULL, 22, 'order_sale', -1, 'Stock reduced for Order #ORD-202510030001', 2, NULL, NULL, NULL, '2025-10-03 11:58:31', '2025-10-03 11:58:31'),
(87, 1, NULL, 21, 'order_sale', -1, 'Stock reduced for Order #ORD-202510030001', 2, NULL, NULL, NULL, '2025-10-03 11:58:31', '2025-10-03 11:58:31'),
(88, 1, NULL, 20, 'order_sale', -1, 'Stock reduced for Order #ORD-202510030001', 2, NULL, NULL, NULL, '2025-10-03 11:58:31', '2025-10-03 11:58:31'),
(89, 1, NULL, 19, 'order_sale', -1, 'Stock reduced for Order #ORD-202510030001', 2, NULL, NULL, NULL, '2025-10-03 11:58:31', '2025-10-03 11:58:31'),
(90, 1, NULL, 7, 'order_sale', -1, 'Stock reduced for Order #ORD-202510030001', 2, NULL, NULL, NULL, '2025-10-03 11:58:31', '2025-10-03 11:58:31'),
(91, 1, NULL, 7, 'order_sale', -1, 'Stock reduced for Order #ORD-202511270001', 2, NULL, NULL, NULL, '2025-11-27 07:43:35', '2025-11-27 07:43:35'),
(92, 1, NULL, 23, 'initial', 10, 'Initial stock entry', 2, NULL, NULL, NULL, '2025-12-13 06:45:20', '2025-12-13 06:45:20'),
(93, 1, NULL, 23, 'order_sale', -2, 'Stock reduced for Order #ORD-202512130001', 2, NULL, NULL, NULL, '2025-12-13 07:22:24', '2025-12-13 07:22:24'),
(94, 1, NULL, 24, 'initial', 60, 'Initial stock entry', 2, NULL, NULL, NULL, '2025-12-19 21:23:14', '2025-12-19 21:23:14'),
(95, 1, NULL, 25, 'initial', 5, 'Initial stock entry', 2, NULL, NULL, NULL, '2025-12-19 21:26:29', '2025-12-19 21:26:29'),
(96, 1, NULL, 26, 'initial', 0, 'Initial stock entry', 2, NULL, NULL, NULL, '2025-12-19 21:29:10', '2025-12-19 21:29:10'),
(97, 1, NULL, 27, 'initial', 0, 'Initial stock entry', 2, NULL, NULL, NULL, '2025-12-19 21:31:27', '2025-12-19 21:31:27'),
(98, 1, NULL, 28, 'initial', 0, 'Initial stock entry', 2, NULL, NULL, NULL, '2025-12-19 21:32:44', '2025-12-19 21:32:44'),
(99, 1, NULL, 29, 'initial', 0, 'Initial stock entry', 2, NULL, NULL, NULL, '2025-12-19 21:34:59', '2025-12-19 21:34:59'),
(100, 1, NULL, 30, 'initial', 0, 'Initial stock entry', 2, NULL, NULL, NULL, '2025-12-19 21:36:14', '2025-12-19 21:36:14'),
(101, 1, NULL, 31, 'initial', 0, 'Initial stock entry', 2, NULL, NULL, NULL, '2025-12-19 21:37:05', '2025-12-19 21:37:05'),
(102, 1, NULL, 32, 'initial', 0, 'Initial stock entry', 2, NULL, NULL, NULL, '2025-12-19 21:37:56', '2025-12-19 21:37:56'),
(103, 1, NULL, 33, 'initial', 0, 'Initial stock entry', 2, NULL, NULL, NULL, '2025-12-19 21:38:47', '2025-12-19 21:38:47'),
(104, 1, NULL, 34, 'initial', 0, 'Initial stock entry', 2, NULL, NULL, NULL, '2025-12-19 21:41:17', '2025-12-19 21:41:17'),
(105, 1, NULL, 24, 'order_sale', -40, 'Stock reduced for Order #ORD-202512200001', 2, NULL, NULL, NULL, '2025-12-19 21:47:50', '2025-12-19 21:47:50'),
(106, 1, NULL, 25, 'order_sale', -1, 'Stock reduced for Order #ORD-202512200001', 2, NULL, NULL, NULL, '2025-12-19 21:47:50', '2025-12-19 21:47:50'),
(107, 1, NULL, 26, 'order_sale', -1, 'Stock reduced for Order #ORD-202512200001', 2, NULL, NULL, NULL, '2025-12-19 21:47:50', '2025-12-19 21:47:50'),
(108, 1, NULL, 27, 'order_sale', -1, 'Stock reduced for Order #ORD-202512200001', 2, NULL, NULL, NULL, '2025-12-19 21:47:50', '2025-12-19 21:47:50'),
(109, 1, NULL, 28, 'order_sale', -1, 'Stock reduced for Order #ORD-202512200001', 2, NULL, NULL, NULL, '2025-12-19 21:47:50', '2025-12-19 21:47:50'),
(110, 1, NULL, 10, 'order_sale', -1, 'Stock reduced for Order #ORD-202512210001', 7, NULL, NULL, NULL, '2025-12-20 20:24:31', '2025-12-20 20:24:31'),
(111, 1, NULL, 35, 'initial', 0, 'Initial stock entry', 7, NULL, NULL, NULL, '2025-12-20 20:47:00', '2025-12-20 20:47:00'),
(112, 1, NULL, 35, 'order_sale', -1, 'Stock reduced for Order #ORD-202512210002', 7, NULL, NULL, NULL, '2025-12-20 20:49:09', '2025-12-20 20:49:09'),
(113, 1, NULL, 10, 'order_sale', -1, 'Stock reduced for Order #ORD-202512220001', 2, NULL, NULL, NULL, '2025-12-22 12:32:44', '2025-12-22 12:32:44'),
(114, 1, NULL, 13, 'order_sale', -1, 'Stock reduced for Order #ORD-202512220001', 2, NULL, NULL, NULL, '2025-12-22 13:09:02', '2025-12-22 13:09:02'),
(115, 1, NULL, 21, 'order_sale', -1, 'Stock reduced for Order #ORD-202512230001', 2, NULL, NULL, NULL, '2025-12-23 09:02:20', '2025-12-23 09:02:20'),
(116, 1, NULL, 36, 'initial', 4, 'Initial stock entry', 2, NULL, NULL, NULL, '2025-12-26 00:33:02', '2025-12-26 00:33:02'),
(117, 1, NULL, 36, 'order_sale', -1, 'Stock reduced for Order #ORD-202512260001', 2, NULL, NULL, NULL, '2025-12-26 00:37:50', '2025-12-26 00:37:50'),
(118, 1, NULL, 37, 'initial', 43, 'Initial stock entry', 2, NULL, NULL, NULL, '2025-12-28 00:05:19', '2025-12-28 00:05:19'),
(119, 1, NULL, 38, 'initial', 5, 'Initial stock entry', 2, NULL, NULL, NULL, '2025-12-28 05:34:36', '2025-12-28 05:34:36'),
(120, 1, NULL, 39, 'initial', 10, 'Initial stock entry', 2, NULL, NULL, NULL, '2025-12-28 05:41:32', '2025-12-28 05:41:32'),
(122, 1, NULL, 41, 'initial', 6, 'Initial stock entry', 2, NULL, NULL, NULL, '2025-12-28 21:34:23', '2025-12-28 21:34:23'),
(124, 1, NULL, 41, 'order_sale', -1, 'Stock reduced for Order #ORD-202512290001', 2, NULL, NULL, NULL, '2025-12-28 21:58:32', '2025-12-28 21:58:32'),
(125, 1, NULL, 26, 'order_sale', -1, 'Stock reduced for Order #ORD-202512290001', 2, NULL, NULL, NULL, '2025-12-28 21:58:32', '2025-12-28 21:58:32'),
(126, 1, NULL, 25, 'order_sale', -1, 'Stock reduced for Order #ORD-202512290001', 2, NULL, NULL, NULL, '2025-12-28 21:58:32', '2025-12-28 21:58:32'),
(127, 1, NULL, 24, 'order_sale', -1, 'Stock reduced for Order #ORD-202512290002', 2, NULL, NULL, NULL, '2025-12-29 04:47:10', '2025-12-29 04:47:10'),
(128, 1, NULL, 43, 'initial', 1, 'Initial stock entry', 2, NULL, NULL, NULL, '2025-12-29 22:15:22', '2025-12-29 22:15:22'),
(129, 1, NULL, 44, 'initial', 700, 'Initial stock entry', 2, NULL, NULL, NULL, '2025-12-29 22:17:03', '2025-12-29 22:17:03'),
(130, 1, NULL, 45, 'initial', 1, 'Initial stock entry', 2, NULL, NULL, NULL, '2025-12-29 22:19:23', '2025-12-29 22:19:23'),
(133, 1, NULL, 48, 'initial', 5, 'Initial stock entry', 2, NULL, NULL, NULL, '2025-12-30 06:29:26', '2025-12-30 06:29:26'),
(134, 1, NULL, 49, 'initial', 130, 'Initial stock entry', 2, NULL, NULL, NULL, '2025-12-31 01:45:59', '2025-12-31 01:45:59'),
(135, 1, NULL, 50, 'initial', 400, 'Initial stock entry', 2, NULL, NULL, NULL, '2025-12-31 05:33:17', '2025-12-31 05:33:17'),
(136, 1, NULL, 51, 'initial', 300, 'Initial stock entry', 2, NULL, NULL, NULL, '2025-12-31 06:00:57', '2025-12-31 06:00:57'),
(137, 1, NULL, 50, 'order_sale', -3, 'Stock reduced for Order #ORD-202512310001', 2, NULL, NULL, NULL, '2025-12-31 06:04:49', '2025-12-31 06:04:49'),
(138, 1, NULL, 51, 'order_sale', -1, 'Stock reduced for Order #ORD-202512310002', 2, NULL, NULL, NULL, '2025-12-31 06:19:29', '2025-12-31 06:19:29'),
(139, 1, NULL, 52, 'initial', 10, 'Initial stock entry', 2, NULL, NULL, NULL, '2025-12-31 06:56:47', '2025-12-31 06:56:47'),
(140, 1, NULL, 53, 'initial', 10, 'Initial stock entry', 2, NULL, NULL, NULL, '2025-12-31 07:00:20', '2025-12-31 07:00:20'),
(141, 1, NULL, 54, 'initial', 10, 'Initial stock entry', 2, NULL, NULL, NULL, '2025-12-31 07:03:19', '2025-12-31 07:03:19'),
(142, 1, NULL, 55, 'initial', 10, 'Initial stock entry', 2, NULL, NULL, NULL, '2025-12-31 07:04:57', '2025-12-31 07:04:57'),
(143, 1, NULL, 54, 'order_sale', -2, 'Stock reduced for Order #ORD-202512310003', 2, NULL, NULL, NULL, '2025-12-31 07:09:49', '2025-12-31 07:09:49'),
(144, 1, NULL, 56, 'initial', 20, 'Initial stock entry', 2, NULL, NULL, NULL, '2025-12-31 07:20:24', '2025-12-31 07:20:24'),
(145, 1, NULL, 57, 'initial', 5, 'Initial stock entry', 2, NULL, NULL, NULL, '2026-01-01 19:18:47', '2026-01-01 19:18:47'),
(146, 1, NULL, 58, 'initial', 10, 'Initial stock entry', 2, NULL, NULL, NULL, '2026-01-01 19:55:41', '2026-01-01 19:55:41'),
(147, 1, NULL, 59, 'initial', 14, 'Initial stock entry', 2, NULL, NULL, NULL, '2026-01-01 19:56:33', '2026-01-01 19:56:33'),
(148, 1, NULL, 60, 'initial', 0, 'Initial stock entry', 2, NULL, NULL, NULL, '2026-01-02 01:54:27', '2026-01-02 01:54:27'),
(149, 1, NULL, 61, 'initial', 0, 'Initial stock entry', 2, NULL, NULL, NULL, '2026-01-02 01:55:33', '2026-01-02 01:55:33'),
(150, 1, NULL, 62, 'initial', 0, 'Initial stock entry', 2, NULL, NULL, NULL, '2026-01-02 02:10:00', '2026-01-02 02:10:00'),
(151, 1, NULL, 63, 'initial', 0, 'Initial stock entry', 2, NULL, NULL, NULL, '2026-01-02 02:26:24', '2026-01-02 02:26:24'),
(152, 1, NULL, 64, 'initial', 1, 'Initial stock entry', 2, NULL, NULL, NULL, '2026-01-04 19:31:43', '2026-01-04 19:31:43'),
(153, 1, NULL, 65, 'initial', 1, 'Initial stock entry', 2, NULL, NULL, NULL, '2026-01-04 19:43:41', '2026-01-04 19:43:41'),
(154, 1, NULL, 66, 'initial', 1, 'Initial stock entry', 2, NULL, NULL, NULL, '2026-01-04 19:55:07', '2026-01-04 19:55:07'),
(155, 1, NULL, 67, 'initial', 12, 'Initial stock entry', 2, NULL, NULL, NULL, '2026-01-04 20:04:41', '2026-01-04 20:04:41'),
(156, 1, NULL, 68, 'initial', 1, 'Initial stock entry', 2, NULL, NULL, NULL, '2026-01-04 20:33:08', '2026-01-04 20:33:08'),
(157, 1, NULL, 69, 'initial', 1, 'Initial stock entry', 2, NULL, NULL, NULL, '2026-01-04 20:42:45', '2026-01-04 20:42:45'),
(158, 1, NULL, 70, 'initial', 1, 'Initial stock entry', 2, NULL, NULL, NULL, '2026-01-04 20:52:40', '2026-01-04 20:52:40'),
(159, 1, NULL, 71, 'initial', 0, 'Initial stock entry', 2, NULL, NULL, NULL, '2026-01-04 21:09:58', '2026-01-04 21:09:58'),
(160, 1, NULL, 72, 'initial', 1, 'Initial stock entry', 2, NULL, NULL, NULL, '2026-01-04 21:12:46', '2026-01-04 21:12:46'),
(161, 1, NULL, 73, 'initial', 1, 'Initial stock entry', 2, NULL, NULL, NULL, '2026-01-04 21:15:54', '2026-01-04 21:15:54'),
(162, 1, NULL, 74, 'initial', 1, 'Initial stock entry', 2, NULL, NULL, NULL, '2026-01-04 21:18:56', '2026-01-04 21:18:56'),
(163, 1, NULL, 22, 'order_sale', -1, 'Stock reduced for Order #ORD-202601050001', 7, NULL, NULL, NULL, '2026-01-04 22:27:14', '2026-01-04 22:27:14'),
(164, 1, NULL, 56, 'order_sale', -1, 'Stock reduced for Order #ORD-202601050001', 7, NULL, NULL, NULL, '2026-01-04 22:27:14', '2026-01-04 22:27:14'),
(165, 1, NULL, 75, 'initial', 1, 'Initial stock entry', 2, NULL, NULL, NULL, '2026-01-05 19:38:48', '2026-01-05 19:38:48'),
(166, 1, NULL, 76, 'initial', 2, 'Initial stock entry', 2, NULL, NULL, NULL, '2026-01-05 19:41:13', '2026-01-05 19:41:13'),
(167, 1, NULL, 77, 'initial', 1, 'Initial stock entry', 2, NULL, NULL, NULL, '2026-01-05 19:44:56', '2026-01-05 19:44:56'),
(168, 1, NULL, 78, 'initial', 1, 'Initial stock entry', 2, NULL, NULL, NULL, '2026-01-05 19:48:05', '2026-01-05 19:48:05'),
(169, 1, NULL, 79, 'initial', 1, 'Initial stock entry', 2, NULL, NULL, NULL, '2026-01-05 19:50:12', '2026-01-05 19:50:12'),
(170, 1, NULL, 80, 'initial', 1, 'Initial stock entry', 2, NULL, NULL, NULL, '2026-01-05 19:57:17', '2026-01-05 19:57:17'),
(171, 1, NULL, 81, 'initial', 0, 'Initial stock entry', 2, NULL, NULL, NULL, '2026-01-05 19:58:44', '2026-01-05 19:58:44'),
(172, 1, NULL, 82, 'initial', 1, 'Initial stock entry', 2, NULL, NULL, NULL, '2026-01-05 20:01:54', '2026-01-05 20:01:54'),
(173, 1, NULL, 53, 'order_sale', -2, 'Stock reduced for Order #ORD-202601060001', 2, NULL, NULL, NULL, '2026-01-06 05:01:22', '2026-01-06 05:01:22'),
(174, 1, NULL, 55, 'order_sale', -1, 'Stock reduced for Order #ORD-202601060001', 2, NULL, NULL, NULL, '2026-01-06 05:01:22', '2026-01-06 05:01:22'),
(175, 1, NULL, 45, 'order_sale', -1, 'Stock reduced for Order #ORD-202601060001', 2, NULL, NULL, NULL, '2026-01-06 05:01:22', '2026-01-06 05:01:22'),
(176, 1, NULL, 49, 'order_sale', -1, 'Stock reduced for Order #ORD-202601060001', 2, NULL, NULL, NULL, '2026-01-06 05:01:22', '2026-01-06 05:01:22'),
(177, 1, NULL, 83, 'initial', 2, 'Initial stock entry', 2, NULL, NULL, NULL, '2026-01-06 19:30:35', '2026-01-06 19:30:35'),
(178, 1, NULL, 84, 'initial', 2, 'Initial stock entry', 2, NULL, NULL, NULL, '2026-01-06 19:33:10', '2026-01-06 19:33:10'),
(179, 1, NULL, 85, 'initial', 2, 'Initial stock entry', 2, NULL, NULL, NULL, '2026-01-06 19:34:46', '2026-01-06 19:34:46'),
(180, 1, NULL, 86, 'initial', 2, 'Initial stock entry', 2, NULL, NULL, NULL, '2026-01-06 19:38:18', '2026-01-06 19:38:18'),
(181, 1, NULL, 87, 'initial', 3, 'Initial stock entry', 2, NULL, NULL, NULL, '2026-01-06 19:40:22', '2026-01-06 19:40:22'),
(182, 1, NULL, 88, 'initial', 2, 'Initial stock entry', 2, NULL, NULL, NULL, '2026-01-06 19:42:43', '2026-01-06 19:42:43'),
(183, 1, NULL, 89, 'initial', 2, 'Initial stock entry', 2, NULL, NULL, NULL, '2026-01-06 19:44:19', '2026-01-06 19:44:19'),
(184, 1, NULL, 90, 'initial', 1, 'Initial stock entry', 2, NULL, NULL, NULL, '2026-01-06 19:47:25', '2026-01-06 19:47:25'),
(185, 1, NULL, 91, 'initial', 5, 'Initial stock entry', 2, NULL, NULL, NULL, '2026-01-06 19:55:14', '2026-01-06 19:55:14'),
(186, 1, NULL, 92, 'initial', 6, 'Initial stock entry', 2, NULL, NULL, NULL, '2026-01-06 19:58:00', '2026-01-06 19:58:00'),
(187, 1, NULL, 93, 'initial', 2, 'Initial stock entry', 2, NULL, NULL, NULL, '2026-01-06 20:00:41', '2026-01-06 20:00:41'),
(188, 1, NULL, 94, 'initial', 2, 'Initial stock entry', 2, NULL, NULL, NULL, '2026-01-06 20:02:45', '2026-01-06 20:02:45'),
(189, 1, NULL, 95, 'initial', 2, 'Initial stock entry', 2, NULL, NULL, NULL, '2026-01-06 20:05:05', '2026-01-06 20:05:05'),
(190, 1, NULL, 96, 'initial', 1, 'Initial stock entry', 2, NULL, NULL, NULL, '2026-01-07 07:25:52', '2026-01-07 07:25:52'),
(191, 1, NULL, 97, 'initial', 1, 'Initial stock entry', 2, NULL, NULL, NULL, '2026-01-09 00:24:38', '2026-01-09 00:24:38'),
(192, 1, NULL, 98, 'initial', 1, 'Initial stock entry', 2, NULL, NULL, NULL, '2026-01-09 00:32:24', '2026-01-09 00:32:24'),
(193, 1, NULL, 99, 'initial', 2, 'Initial stock entry', 2, NULL, NULL, NULL, '2026-01-09 01:05:12', '2026-01-09 01:05:12'),
(194, 1, NULL, 100, 'initial', 1, 'Initial stock entry', 2, NULL, NULL, NULL, '2026-01-09 01:20:35', '2026-01-09 01:20:35'),
(195, 1, NULL, 101, 'initial', 1, 'Initial stock entry', 2, NULL, NULL, NULL, '2026-01-09 01:36:17', '2026-01-09 01:36:17'),
(196, 1, NULL, 102, 'initial', 1, 'Initial stock entry', 2, NULL, NULL, NULL, '2026-01-09 01:39:42', '2026-01-09 01:39:42'),
(197, 1, NULL, 103, 'initial', 1, 'Initial stock entry', 2, NULL, NULL, NULL, '2026-01-09 01:41:55', '2026-01-09 01:41:55'),
(198, 1, NULL, 104, 'initial', 2, 'Initial stock entry', 2, NULL, NULL, NULL, '2026-01-09 01:47:19', '2026-01-09 01:47:19'),
(199, 1, NULL, 105, 'initial', 1, 'Initial stock entry', 2, NULL, NULL, NULL, '2026-01-09 01:52:46', '2026-01-09 01:52:46'),
(200, 1, NULL, 23, 'order_sale', -1, 'Stock reduced for Order #ORD-202601090001', 2, NULL, NULL, NULL, '2026-01-09 05:07:25', '2026-01-09 05:07:25'),
(201, 1, NULL, 52, 'order_sale', -2, 'Stock reduced for Order #ORD-202601090001', 2, NULL, NULL, NULL, '2026-01-09 05:07:25', '2026-01-09 05:07:25'),
(202, 1, NULL, 106, 'initial', 1, 'Initial stock entry', 2, NULL, NULL, NULL, '2026-01-09 17:02:25', '2026-01-09 17:02:25'),
(203, 1, NULL, 107, 'initial', 1, 'Initial stock entry', 2, NULL, NULL, NULL, '2026-01-09 17:06:31', '2026-01-09 17:06:31'),
(204, 1, NULL, 108, 'initial', 2, 'Initial stock entry', 2, NULL, NULL, NULL, '2026-01-09 17:10:21', '2026-01-09 17:10:21'),
(205, 1, NULL, 109, 'initial', 2, 'Initial stock entry', 2, NULL, NULL, NULL, '2026-01-09 17:13:54', '2026-01-09 17:13:54'),
(206, 1, NULL, 110, 'initial', 1, 'Initial stock entry', 2, NULL, NULL, NULL, '2026-01-09 17:17:51', '2026-01-09 17:17:51'),
(207, 1, NULL, 111, 'initial', 1, 'Initial stock entry', 2, NULL, NULL, NULL, '2026-01-09 17:20:44', '2026-01-09 17:20:44'),
(208, 1, NULL, 112, 'initial', 5, 'Initial stock entry', 2, NULL, NULL, NULL, '2026-01-09 17:23:09', '2026-01-09 17:23:09'),
(209, 1, NULL, 113, 'initial', 1, 'Initial stock entry', 2, NULL, NULL, NULL, '2026-01-09 17:25:39', '2026-01-09 17:25:39'),
(210, 1, NULL, 114, 'initial', 1, 'Initial stock entry', 2, NULL, NULL, NULL, '2026-01-09 17:27:56', '2026-01-09 17:27:56'),
(211, 1, NULL, 115, 'initial', 1, 'Initial stock entry', 2, NULL, NULL, NULL, '2026-01-09 17:30:27', '2026-01-09 17:30:27'),
(212, 1, NULL, 116, 'initial', 1, 'Initial stock entry', 2, NULL, NULL, NULL, '2026-01-09 17:33:52', '2026-01-09 17:33:52'),
(213, 1, NULL, 117, 'initial', 1, 'Initial stock entry', 2, NULL, NULL, NULL, '2026-01-09 17:36:19', '2026-01-09 17:36:19'),
(214, 1, NULL, 118, 'initial', 1, 'Initial stock entry', 2, NULL, NULL, NULL, '2026-01-09 17:38:36', '2026-01-09 17:38:36'),
(215, 1, NULL, 119, 'initial', 1, 'Initial stock entry', 2, NULL, NULL, NULL, '2026-01-09 17:40:45', '2026-01-09 17:40:45'),
(216, 1, NULL, 120, 'initial', 2, 'Initial stock entry', 2, NULL, NULL, NULL, '2026-01-09 17:43:04', '2026-01-09 17:43:04'),
(217, 1, NULL, 121, 'initial', 12, 'Initial stock entry', 2, NULL, NULL, NULL, '2026-01-09 17:47:03', '2026-01-09 17:47:03'),
(218, 1, NULL, 122, 'initial', 13, 'Initial stock entry', 2, NULL, NULL, NULL, '2026-01-09 17:50:05', '2026-01-09 17:50:05'),
(219, 1, NULL, 123, 'initial', 2, 'Initial stock entry', 2, NULL, NULL, NULL, '2026-01-13 19:46:48', '2026-01-13 19:46:48'),
(220, 1, NULL, 124, 'initial', 3, 'Initial stock entry', 2, NULL, NULL, NULL, '2026-01-13 19:49:06', '2026-01-13 19:49:06'),
(221, 1, NULL, 125, 'initial', 1, 'Initial stock entry', 2, NULL, NULL, NULL, '2026-01-13 19:50:52', '2026-01-13 19:50:52'),
(222, 1, NULL, 126, 'initial', 1, 'Initial stock entry', 2, NULL, NULL, NULL, '2026-01-13 19:53:01', '2026-01-13 19:53:01'),
(223, 1, NULL, 127, 'initial', 1, 'Initial stock entry', 2, NULL, NULL, NULL, '2026-01-13 19:54:48', '2026-01-13 19:54:48'),
(224, 1, NULL, 128, 'initial', 1, 'Initial stock entry', 2, NULL, NULL, NULL, '2026-01-13 19:56:31', '2026-01-13 19:56:31'),
(225, 1, NULL, 129, 'initial', 1, 'Initial stock entry', 2, NULL, NULL, NULL, '2026-01-13 19:58:20', '2026-01-13 19:58:20'),
(226, 1, NULL, 130, 'initial', 3, 'Initial stock entry', 2, NULL, NULL, NULL, '2026-01-13 20:00:51', '2026-01-13 20:00:51'),
(227, 1, NULL, 131, 'initial', 1, 'Initial stock entry', 2, NULL, NULL, NULL, '2026-01-13 20:02:51', '2026-01-13 20:02:51'),
(228, 1, NULL, 132, 'initial', 1, 'Initial stock entry', 2, NULL, NULL, NULL, '2026-01-13 20:04:27', '2026-01-13 20:04:27'),
(229, 1, NULL, 133, 'initial', 1, 'Initial stock entry', 2, NULL, NULL, NULL, '2026-01-13 20:05:56', '2026-01-13 20:05:56'),
(230, 1, NULL, 134, 'initial', 1, 'Initial stock entry', 2, NULL, NULL, NULL, '2026-01-13 20:07:22', '2026-01-13 20:07:22'),
(231, 1, NULL, 135, 'initial', 1, 'Initial stock entry', 2, NULL, NULL, NULL, '2026-01-13 20:10:46', '2026-01-13 20:10:46'),
(232, 1, NULL, 136, 'initial', 2, 'Initial stock entry', 2, NULL, NULL, NULL, '2026-01-13 20:14:55', '2026-01-13 20:14:55'),
(233, 1, NULL, 137, 'initial', 1, 'Initial stock entry', 2, NULL, NULL, NULL, '2026-01-13 20:17:05', '2026-01-13 20:17:05'),
(234, 1, NULL, 138, 'initial', 3, 'Initial stock entry', 2, NULL, NULL, NULL, '2026-01-13 20:19:32', '2026-01-13 20:19:32'),
(235, 1, NULL, 139, 'initial', 1, 'Initial stock entry', 2, NULL, NULL, NULL, '2026-01-13 20:22:23', '2026-01-13 20:22:23'),
(236, 1, NULL, 140, 'initial', 1, 'Initial stock entry', 2, NULL, NULL, NULL, '2026-01-13 20:24:46', '2026-01-13 20:24:46'),
(237, 1, NULL, 141, 'initial', 1, 'Initial stock entry', 2, NULL, NULL, NULL, '2026-01-13 20:26:41', '2026-01-13 20:26:41'),
(238, 1, NULL, 142, 'initial', 2, 'Initial stock entry', 2, NULL, NULL, NULL, '2026-01-13 20:29:55', '2026-01-13 20:29:55'),
(239, 1, NULL, 143, 'initial', 15, 'Initial stock entry', 2, NULL, NULL, NULL, '2026-01-13 20:38:08', '2026-01-13 20:38:08'),
(240, 1, NULL, 144, 'initial', 8, 'Initial stock entry', 2, NULL, NULL, NULL, '2026-01-13 20:40:09', '2026-01-13 20:40:09'),
(241, 1, NULL, 145, 'initial', 1, 'Initial stock entry', 2, NULL, NULL, NULL, '2026-01-13 22:49:27', '2026-01-13 22:49:27'),
(242, 1, NULL, 146, 'initial', 7, 'Initial stock entry', 2, NULL, NULL, NULL, '2026-01-13 22:51:20', '2026-01-13 22:51:20'),
(243, 1, NULL, 147, 'initial', 10, 'Initial stock entry', 2, NULL, NULL, NULL, '2026-01-13 22:53:26', '2026-01-13 22:53:26'),
(244, 1, NULL, 148, 'initial', 23, 'Initial stock entry', 2, NULL, NULL, NULL, '2026-01-13 22:56:10', '2026-01-13 22:56:10'),
(245, 1, NULL, 149, 'initial', 1, 'Initial stock entry', 2, NULL, NULL, NULL, '2026-01-13 22:58:40', '2026-01-13 22:58:40'),
(246, 1, NULL, 150, 'initial', 8, 'Initial stock entry', 2, NULL, NULL, NULL, '2026-01-13 23:01:37', '2026-01-13 23:01:37'),
(247, 1, NULL, 151, 'initial', 1, 'Initial stock entry', 2, NULL, NULL, NULL, '2026-01-13 23:04:37', '2026-01-13 23:04:37'),
(248, 1, NULL, 152, 'initial', 1, 'Initial stock entry', 2, NULL, NULL, NULL, '2026-01-13 23:06:24', '2026-01-13 23:06:24'),
(249, 1, NULL, 153, 'initial', 1, 'Initial stock entry', 2, NULL, NULL, NULL, '2026-01-14 18:31:33', '2026-01-14 18:31:33'),
(250, 1, NULL, 154, 'initial', 1, 'Initial stock entry', 2, NULL, NULL, NULL, '2026-01-14 18:33:38', '2026-01-14 18:33:38'),
(251, 1, NULL, 155, 'initial', 1, 'Initial stock entry', 2, NULL, NULL, NULL, '2026-01-14 18:35:44', '2026-01-14 18:35:44'),
(252, 1, NULL, 156, 'initial', 1, 'Initial stock entry', 2, NULL, NULL, NULL, '2026-01-14 18:38:27', '2026-01-14 18:38:27'),
(253, 1, NULL, 157, 'initial', 1, 'Initial stock entry', 2, NULL, NULL, NULL, '2026-01-14 18:40:34', '2026-01-14 18:40:34'),
(254, 1, NULL, 158, 'initial', 1, 'Initial stock entry', 2, NULL, NULL, NULL, '2026-01-14 18:43:07', '2026-01-14 18:43:07'),
(255, 1, NULL, 159, 'initial', 1, 'Initial stock entry', 2, NULL, NULL, NULL, '2026-01-14 18:44:43', '2026-01-14 18:44:43'),
(256, 1, NULL, 160, 'initial', 1, 'Initial stock entry', 2, NULL, NULL, NULL, '2026-01-14 18:46:54', '2026-01-14 18:46:54'),
(257, 1, NULL, 161, 'initial', 2, 'Initial stock entry', 2, NULL, NULL, NULL, '2026-01-14 18:48:37', '2026-01-14 18:48:37'),
(258, 1, NULL, 162, 'initial', 1, 'Initial stock entry', 2, NULL, NULL, NULL, '2026-01-14 18:51:08', '2026-01-14 18:51:08'),
(259, 1, NULL, 163, 'initial', 1, 'Initial stock entry', 2, NULL, NULL, NULL, '2026-01-14 18:53:40', '2026-01-14 18:53:40'),
(260, 1, NULL, 164, 'initial', 1, 'Initial stock entry', 2, NULL, NULL, NULL, '2026-01-14 18:56:08', '2026-01-14 18:56:08'),
(261, 1, NULL, 165, 'initial', 1, 'Initial stock entry', 2, NULL, NULL, NULL, '2026-01-14 18:57:54', '2026-01-14 18:57:54'),
(262, 1, NULL, 9, 'order_sale', -1, 'Stock reduced for Order #ORD-202601150001', 2, NULL, NULL, NULL, '2026-01-15 04:28:26', '2026-01-15 04:28:26'),
(263, 1, NULL, 9, 'order_sale', -1, 'Stock reduced for Order #ORD-202601150002', 2, NULL, NULL, NULL, '2026-01-15 04:33:52', '2026-01-15 04:33:52'),
(264, 1, NULL, 9, 'order_sale', -1, 'Stock reduced for Order #ORD-202601150003', 2, NULL, NULL, NULL, '2026-01-15 04:33:54', '2026-01-15 04:33:54'),
(265, 1, NULL, 9, 'order_sale', -1, 'Stock reduced for Order #ORD-202601150004', 2, NULL, NULL, NULL, '2026-01-15 04:41:13', '2026-01-15 04:41:13'),
(266, 1, NULL, 24, 'order_sale', -1, 'Stock reduced for Order #ORD-202601150005', 2, NULL, NULL, NULL, '2026-01-15 04:43:12', '2026-01-15 04:43:12'),
(267, 1, NULL, 24, 'order_sale', -1, 'Stock reduced for Order #ORD-202601150006', 2, NULL, NULL, NULL, '2026-01-15 05:12:17', '2026-01-15 05:12:17'),
(268, 1, NULL, 18, 'order_sale', -1, 'Stock reduced for Order #ORD-202601150007', 2, NULL, NULL, NULL, '2026-01-15 06:58:18', '2026-01-15 06:58:18'),
(269, 1, NULL, 44, 'order_sale', -1, 'Stock reduced for Order #ORD-202601150007', 2, NULL, NULL, NULL, '2026-01-15 06:58:18', '2026-01-15 06:58:18'),
(270, 1, NULL, 166, 'initial', 10, 'Initial stock entry', 2, NULL, NULL, NULL, '2026-01-15 07:26:59', '2026-01-15 07:26:59'),
(271, 1, NULL, 7, 'order_sale', -2, 'Stock reduced for Order #ORD-202601150008', 2, NULL, NULL, NULL, '2026-01-15 07:40:32', '2026-01-15 07:40:32'),
(272, 1, NULL, 166, 'order_sale', -1, 'Stock reduced for Order #ORD-202601150008', 2, NULL, NULL, NULL, '2026-01-15 07:40:32', '2026-01-15 07:40:32'),
(273, 1, NULL, 167, 'initial', 2, 'Initial stock entry', 2, NULL, NULL, NULL, '2026-01-15 19:55:39', '2026-01-15 19:55:39'),
(274, 1, NULL, 168, 'initial', 1, 'Initial stock entry', 2, NULL, NULL, NULL, '2026-01-15 19:57:27', '2026-01-15 19:57:27'),
(275, 1, NULL, 169, 'initial', 6, 'Initial stock entry', 2, NULL, NULL, NULL, '2026-01-15 20:00:29', '2026-01-15 20:00:29'),
(276, 1, NULL, 170, 'initial', 1, 'Initial stock entry', 2, NULL, NULL, NULL, '2026-01-15 20:01:59', '2026-01-15 20:01:59'),
(277, 1, NULL, 171, 'initial', 11, 'Initial stock entry', 2, NULL, NULL, NULL, '2026-01-15 20:03:51', '2026-01-15 20:03:51'),
(278, 1, NULL, 172, 'initial', 10, 'Initial stock entry', 2, NULL, NULL, NULL, '2026-01-15 20:55:18', '2026-01-15 20:55:18'),
(279, 1, NULL, 50, 'order_sale', -2, 'Stock reduced for Order #ORD-202601160001', 2, NULL, NULL, NULL, '2026-01-15 21:06:44', '2026-01-15 21:06:44'),
(280, 1, NULL, 173, 'initial', 8, 'Initial stock entry', 2, NULL, NULL, NULL, '2026-01-15 22:03:01', '2026-01-15 22:03:01'),
(281, 1, NULL, 174, 'initial', 1, 'Initial stock entry', 2, NULL, NULL, NULL, '2026-01-15 22:05:14', '2026-01-15 22:05:14'),
(282, 1, NULL, 175, 'initial', 1, 'Initial stock entry', 2, NULL, NULL, NULL, '2026-01-15 22:06:44', '2026-01-15 22:06:44'),
(283, 1, NULL, 176, 'initial', 1, 'Initial stock entry', 2, NULL, NULL, NULL, '2026-01-15 22:09:42', '2026-01-15 22:09:42'),
(284, 1, NULL, 177, 'initial', 1, 'Initial stock entry', 2, NULL, NULL, NULL, '2026-01-15 22:10:56', '2026-01-15 22:10:56'),
(285, 1, NULL, 178, 'initial', 8, 'Initial stock entry', 2, NULL, NULL, NULL, '2026-01-15 22:15:13', '2026-01-15 22:15:13'),
(286, 1, NULL, 96, 'order_sale', -1, 'Stock reduced for Order #ORD-202601160002', 2, NULL, NULL, NULL, '2026-01-16 02:59:39', '2026-01-16 02:59:39'),
(287, 1, NULL, 179, 'initial', 17, 'Initial stock entry', 2, NULL, NULL, NULL, '2026-01-16 06:40:29', '2026-01-16 06:40:29'),
(288, 1, NULL, 180, 'initial', 1, 'Initial stock entry', 2, NULL, NULL, NULL, '2026-01-16 06:43:03', '2026-01-16 06:43:03'),
(289, 1, NULL, 181, 'initial', 1, 'Initial stock entry', 2, NULL, NULL, NULL, '2026-01-16 06:46:04', '2026-01-16 06:46:04'),
(290, 1, NULL, 182, 'initial', 1, 'Initial stock entry', 2, NULL, NULL, NULL, '2026-01-16 06:52:09', '2026-01-16 06:52:09'),
(291, 1, NULL, 183, 'initial', 1, 'Initial stock entry', 2, NULL, NULL, NULL, '2026-01-16 06:55:45', '2026-01-16 06:55:45'),
(292, 1, NULL, 184, 'initial', 1, 'Initial stock entry', 2, NULL, NULL, NULL, '2026-01-16 06:58:47', '2026-01-16 06:58:47'),
(293, 1, NULL, 185, 'initial', 1, 'Initial stock entry', 2, NULL, NULL, NULL, '2026-01-16 07:02:31', '2026-01-16 07:02:31'),
(294, 1, NULL, 186, 'initial', 2, 'Initial stock entry', 2, NULL, NULL, NULL, '2026-01-16 07:04:18', '2026-01-16 07:04:18'),
(295, 1, NULL, 187, 'initial', 2, 'Initial stock entry', 2, NULL, NULL, NULL, '2026-01-16 07:06:47', '2026-01-16 07:06:47'),
(296, 1, NULL, 188, 'initial', 2, 'Initial stock entry', 2, NULL, NULL, NULL, '2026-01-16 07:09:27', '2026-01-16 07:09:27'),
(297, 1, NULL, 189, 'initial', 1, 'Initial stock entry', 2, NULL, NULL, NULL, '2026-01-16 07:11:04', '2026-01-16 07:11:04'),
(298, 1, NULL, 190, 'initial', 1, 'Initial stock entry', 2, NULL, NULL, NULL, '2026-01-16 07:13:29', '2026-01-16 07:13:29'),
(299, 1, NULL, 191, 'initial', 1, 'Initial stock entry', 2, NULL, NULL, NULL, '2026-01-16 07:15:22', '2026-01-16 07:15:22'),
(300, 1, NULL, 192, 'initial', 1, 'Initial stock entry', 2, NULL, NULL, NULL, '2026-01-16 07:17:12', '2026-01-16 07:17:12'),
(301, 1, NULL, 172, 'order_sale', -2, 'Stock reduced for Order #ORD-202601180001', 2, NULL, NULL, NULL, '2026-01-17 19:54:11', '2026-01-17 19:54:11'),
(302, 1, NULL, 193, 'initial', 1, 'Initial stock entry', 2, NULL, NULL, NULL, '2026-01-18 08:10:23', '2026-01-18 08:10:23'),
(303, 1, NULL, 194, 'initial', 1, 'Initial stock entry', 2, NULL, NULL, NULL, '2026-01-18 08:12:34', '2026-01-18 08:12:34'),
(304, 1, NULL, 195, 'initial', 1, 'Initial stock entry', 2, NULL, NULL, NULL, '2026-01-18 08:14:34', '2026-01-18 08:14:34'),
(305, 1, NULL, 196, 'initial', 1, 'Initial stock entry', 2, NULL, NULL, NULL, '2026-01-18 08:17:08', '2026-01-18 08:17:08'),
(306, 1, NULL, 197, 'initial', 1, 'Initial stock entry', 2, NULL, NULL, NULL, '2026-01-18 08:19:04', '2026-01-18 08:19:04'),
(307, 1, NULL, 198, 'initial', 1, 'Initial stock entry', 2, NULL, NULL, NULL, '2026-01-18 08:21:28', '2026-01-18 08:21:28'),
(308, 1, NULL, 199, 'initial', 6, 'Initial stock entry', 2, NULL, NULL, NULL, '2026-01-18 08:23:52', '2026-01-18 08:23:52'),
(309, 1, NULL, 200, 'initial', 8, 'Initial stock entry', 2, NULL, NULL, NULL, '2026-01-18 08:25:34', '2026-01-18 08:25:34'),
(310, 1, NULL, 201, 'initial', 9, 'Initial stock entry', 2, NULL, NULL, NULL, '2026-01-18 08:27:49', '2026-01-18 08:27:49'),
(311, 1, NULL, 202, 'initial', 6, 'Initial stock entry', 2, NULL, NULL, NULL, '2026-01-18 08:30:02', '2026-01-18 08:30:02'),
(312, 1, NULL, 203, 'initial', 6, 'Initial stock entry', 2, NULL, NULL, NULL, '2026-01-18 08:31:44', '2026-01-18 08:31:44'),
(313, 1, NULL, 204, 'initial', 1, 'Initial stock entry', 2, NULL, NULL, NULL, '2026-01-18 08:37:07', '2026-01-18 08:37:07'),
(314, 1, NULL, 205, 'initial', 1, 'Initial stock entry', 2, NULL, NULL, NULL, '2026-01-18 08:38:49', '2026-01-18 08:38:49'),
(315, 1, NULL, 206, 'initial', 1, 'Initial stock entry', 2, NULL, NULL, NULL, '2026-01-18 08:41:06', '2026-01-18 08:41:06'),
(316, 1, NULL, 207, 'initial', 1, 'Initial stock entry', 2, NULL, NULL, NULL, '2026-01-18 08:43:21', '2026-01-18 08:43:21'),
(317, 1, NULL, 208, 'initial', 1, 'Initial stock entry', 2, NULL, NULL, NULL, '2026-01-18 08:45:21', '2026-01-18 08:45:21'),
(318, 1, NULL, 209, 'initial', 6, 'Initial stock entry', 2, NULL, NULL, NULL, '2026-01-18 08:47:08', '2026-01-18 08:47:08'),
(319, 1, NULL, 210, 'initial', 5, 'Initial stock entry', 2, NULL, NULL, NULL, '2026-01-18 08:49:26', '2026-01-18 08:49:26'),
(320, 1, NULL, 211, 'initial', 2, 'Initial stock entry', 2, NULL, NULL, NULL, '2026-01-18 08:52:20', '2026-01-18 08:52:20'),
(321, 1, NULL, 212, 'initial', 4, 'Initial stock entry', 2, NULL, NULL, NULL, '2026-01-18 08:54:00', '2026-01-18 08:54:00'),
(322, 1, NULL, 213, 'initial', 6, 'Initial stock entry', 2, NULL, NULL, NULL, '2026-01-18 08:55:51', '2026-01-18 08:55:51'),
(323, 1, NULL, 214, 'initial', 6, 'Initial stock entry', 2, NULL, NULL, NULL, '2026-01-18 08:57:05', '2026-01-18 08:57:05'),
(324, 1, NULL, 215, 'initial', 10, 'Initial stock entry', 2, NULL, NULL, NULL, '2026-01-18 08:58:37', '2026-01-18 08:58:37'),
(325, 1, NULL, 216, 'initial', 1, 'Initial stock entry', 2, NULL, NULL, NULL, '2026-01-18 09:01:34', '2026-01-18 09:01:34'),
(326, 1, NULL, 217, 'initial', 1, 'Initial stock entry', 2, NULL, NULL, NULL, '2026-01-18 09:03:22', '2026-01-18 09:03:22'),
(327, 1, NULL, 23, 'order_sale', -1, 'Stock reduced for Order #ORD-202601190001', 2, NULL, NULL, NULL, '2026-01-18 21:18:32', '2026-01-18 21:18:32'),
(328, 1, NULL, 52, 'order_sale', -2, 'Stock reduced for Order #ORD-202601190001', 2, NULL, NULL, NULL, '2026-01-18 21:18:32', '2026-01-18 21:18:32'),
(329, 1, NULL, 218, 'initial', 10, 'Initial stock entry', 2, NULL, NULL, NULL, '2026-01-18 21:48:34', '2026-01-18 21:48:34'),
(330, 1, NULL, 49, 'order_sale', -1, 'Stock reduced for Order #ORD-202601190002', 2, NULL, NULL, NULL, '2026-01-19 00:23:20', '2026-01-19 00:23:20'),
(331, 1, NULL, 45, 'order_sale', -1, 'Stock reduced for Order #ORD-202601190002', 2, NULL, NULL, NULL, '2026-01-19 00:23:20', '2026-01-19 00:23:20'),
(332, 1, NULL, 53, 'order_sale', -2, 'Stock reduced for Order #ORD-202601190002', 2, NULL, NULL, NULL, '2026-01-19 00:23:20', '2026-01-19 00:23:20'),
(333, 1, NULL, 55, 'order_sale', -1, 'Stock reduced for Order #ORD-202601190002', 2, NULL, NULL, NULL, '2026-01-19 00:23:20', '2026-01-19 00:23:20'),
(334, 1, NULL, 41, 'order_sale', -1, 'Stock reduced for Order #ORD-202601190003', 2, NULL, NULL, NULL, '2026-01-19 01:28:53', '2026-01-19 01:28:53'),
(335, 1, NULL, 26, 'order_sale', -1, 'Stock reduced for Order #ORD-202601190003', 2, NULL, NULL, NULL, '2026-01-19 01:28:53', '2026-01-19 01:28:53'),
(336, 1, NULL, 25, 'order_sale', -1, 'Stock reduced for Order #ORD-202601190003', 2, NULL, NULL, NULL, '2026-01-19 01:28:53', '2026-01-19 01:28:53'),
(337, 1, NULL, 23, 'order_sale', -2, 'Stock reduced for Order #ORD-202601190004', 2, NULL, NULL, NULL, '2026-01-19 01:39:06', '2026-01-19 01:39:06'),
(338, 1, NULL, 41, 'order_sale', -2, 'Stock reduced for Order #ORD-202601190005', 2, NULL, NULL, NULL, '2026-01-19 01:49:03', '2026-01-19 01:49:03'),
(339, 1, NULL, 52, 'order_sale', -2, 'Stock reduced for Order #ORD-202601190006', 2, NULL, NULL, NULL, '2026-01-19 02:07:40', '2026-01-19 02:07:40'),
(340, 1, NULL, 53, 'order_sale', -2, 'Stock reduced for Order #ORD-202601190006', 2, NULL, NULL, NULL, '2026-01-19 02:07:40', '2026-01-19 02:07:40'),
(341, 1, NULL, 219, 'initial', 10, 'Initial stock entry', 2, NULL, NULL, NULL, '2026-01-19 02:32:43', '2026-01-19 02:32:43'),
(342, 1, NULL, 220, 'initial', 10, 'Initial stock entry', 2, NULL, NULL, NULL, '2026-01-19 02:56:05', '2026-01-19 02:56:05'),
(343, 1, NULL, 43, 'order_sale', -1, 'Stock reduced for Order #ORD-202601190007', 2, NULL, NULL, NULL, '2026-01-19 03:13:33', '2026-01-19 03:13:33'),
(344, 1, NULL, 44, 'order_sale', -1, 'Stock reduced for Order #ORD-202601190007', 2, NULL, NULL, NULL, '2026-01-19 03:13:33', '2026-01-19 03:13:33'),
(345, 1, NULL, 220, 'order_sale', -1, 'Stock reduced for Order #ORD-202601190007', 2, NULL, NULL, NULL, '2026-01-19 03:13:33', '2026-01-19 03:13:33'),
(346, 1, NULL, 90, 'order_sale', -1, 'Stock reduced for Order #ORD-202601190007', 2, NULL, NULL, NULL, '2026-01-19 03:13:33', '2026-01-19 03:13:33'),
(347, 1, NULL, 219, 'order_sale', -2, 'Stock reduced for Order #ORD-202601190007', 2, NULL, NULL, NULL, '2026-01-19 03:13:33', '2026-01-19 03:13:33'),
(348, 1, NULL, 49, 'order_sale', -1, 'Stock reduced for Order #ORD-202601200001', 2, NULL, NULL, NULL, '2026-01-19 20:33:45', '2026-01-19 20:33:45'),
(349, 1, NULL, 49, 'order_sale', -1, 'Stock reduced for Order #ORD-202601200002', 2, NULL, NULL, NULL, '2026-01-19 20:42:57', '2026-01-19 20:42:57'),
(350, 1, NULL, 49, 'order_sale', -1, 'Stock reduced for Order #ORD-202601200003', 2, NULL, NULL, NULL, '2026-01-19 20:47:48', '2026-01-19 20:47:48'),
(351, 1, NULL, 49, 'order_sale', -1, 'Stock reduced for Order #ORD-202601200004', 2, NULL, NULL, NULL, '2026-01-19 20:51:29', '2026-01-19 20:51:29'),
(352, 1, NULL, 49, 'order_sale', -1, 'Stock reduced for Order #ORD-202601200005', 2, NULL, NULL, NULL, '2026-01-19 20:56:10', '2026-01-19 20:56:10'),
(353, 1, NULL, 49, 'order_sale', -1, 'Stock reduced for Order #ORD-202601200006', 2, NULL, NULL, NULL, '2026-01-19 21:01:04', '2026-01-19 21:01:04'),
(354, 1, NULL, 14, 'order_sale', -2, 'Stock reduced for Order #ORD-202601220001', 2, NULL, NULL, NULL, '2026-01-21 20:46:17', '2026-01-21 20:46:17'),
(355, 1, NULL, 96, 'order_sale', -2, 'Stock reduced for Order #ORD-202601220002', 2, NULL, NULL, NULL, '2026-01-21 21:06:55', '2026-01-21 21:06:55'),
(356, 1, NULL, 11, 'order_sale', -5, 'Stock reduced for Order #ORD-202601220003', 2, NULL, NULL, NULL, '2026-01-21 21:22:06', '2026-01-21 21:22:06'),
(357, 1, NULL, 14, 'order_sale', -2, 'Stock reduced for Order #ORD-202601220004', 2, NULL, NULL, NULL, '2026-01-21 22:21:21', '2026-01-21 22:21:21'),
(358, 1, NULL, 221, 'initial', 1, 'Initial stock entry', 2, NULL, NULL, NULL, '2026-01-24 18:24:55', '2026-01-24 18:24:55'),
(359, 1, NULL, 222, 'initial', 3, 'Initial stock entry', 2, NULL, NULL, NULL, '2026-01-24 18:26:40', '2026-01-24 18:26:40'),
(360, 1, NULL, 223, 'initial', 3, 'Initial stock entry', 2, NULL, NULL, NULL, '2026-01-24 18:29:13', '2026-01-24 18:29:13'),
(361, 1, NULL, 224, 'initial', 1, 'Initial stock entry', 2, NULL, NULL, NULL, '2026-01-24 18:30:57', '2026-01-24 18:30:57'),
(362, 1, NULL, 225, 'initial', 2, 'Initial stock entry', 2, NULL, NULL, NULL, '2026-01-24 18:34:35', '2026-01-24 18:34:35'),
(363, 1, NULL, 226, 'initial', 1, 'Initial stock entry', 2, NULL, NULL, NULL, '2026-01-24 18:36:38', '2026-01-24 18:36:38'),
(364, 1, NULL, 227, 'initial', 1, 'Initial stock entry', 2, NULL, NULL, NULL, '2026-01-24 18:38:29', '2026-01-24 18:38:29'),
(365, 1, NULL, 228, 'initial', 1, 'Initial stock entry', 2, NULL, NULL, NULL, '2026-01-24 18:41:18', '2026-01-24 18:41:18'),
(366, 1, NULL, 229, 'initial', 1, 'Initial stock entry', 2, NULL, NULL, NULL, '2026-01-24 18:43:11', '2026-01-24 18:43:11'),
(367, 1, NULL, 230, 'initial', 1, 'Initial stock entry', 2, NULL, NULL, NULL, '2026-01-24 18:45:20', '2026-01-24 18:45:20'),
(368, 1, NULL, 231, 'initial', 22, 'Initial stock entry', 2, NULL, NULL, NULL, '2026-01-24 18:47:45', '2026-01-24 18:47:45'),
(369, 1, NULL, 232, 'initial', 1, 'Initial stock entry', 2, NULL, NULL, NULL, '2026-01-24 18:52:48', '2026-01-24 18:52:48'),
(370, 1, NULL, 233, 'initial', 1, 'Initial stock entry', 2, NULL, NULL, NULL, '2026-01-24 18:55:01', '2026-01-24 18:55:01'),
(371, 1, NULL, 234, 'initial', 1, 'Initial stock entry', 2, NULL, NULL, NULL, '2026-01-24 18:58:19', '2026-01-24 18:58:19'),
(372, 1, NULL, 235, 'initial', 1, 'Initial stock entry', 2, NULL, NULL, NULL, '2026-01-24 19:12:38', '2026-01-24 19:12:38'),
(373, 1, NULL, 236, 'initial', 1, 'Initial stock entry', 2, NULL, NULL, NULL, '2026-01-24 19:14:32', '2026-01-24 19:14:32'),
(374, 1, NULL, 237, 'initial', 1, 'Initial stock entry', 2, NULL, NULL, NULL, '2026-01-24 19:17:24', '2026-01-24 19:17:24'),
(375, 1, NULL, 238, 'initial', 9, 'Initial stock entry', 2, NULL, NULL, NULL, '2026-01-24 19:19:01', '2026-01-24 19:19:01'),
(376, 1, NULL, 239, 'initial', 26, 'Initial stock entry', 2, NULL, NULL, NULL, '2026-01-25 17:49:15', '2026-01-25 17:49:15'),
(377, 1, NULL, 240, 'initial', 1, 'Initial stock entry', 2, NULL, NULL, NULL, '2026-01-25 17:51:52', '2026-01-25 17:51:52'),
(378, 1, NULL, 241, 'initial', 1, 'Initial stock entry', 2, NULL, NULL, NULL, '2026-01-25 17:53:34', '2026-01-25 17:53:34'),
(379, 1, NULL, 242, 'initial', 1, 'Initial stock entry', 2, NULL, NULL, NULL, '2026-01-25 17:55:06', '2026-01-25 17:55:06'),
(380, 1, NULL, 243, 'initial', 1, 'Initial stock entry', 2, NULL, NULL, NULL, '2026-01-25 17:57:12', '2026-01-25 17:57:12'),
(381, 1, NULL, 244, 'initial', 1, 'Initial stock entry', 2, NULL, NULL, NULL, '2026-01-25 17:59:30', '2026-01-25 17:59:30'),
(382, 1, NULL, 245, 'initial', 1, 'Initial stock entry', 2, NULL, NULL, NULL, '2026-01-25 18:02:46', '2026-01-25 18:02:46'),
(383, 1, NULL, 246, 'initial', 1, 'Initial stock entry', 2, NULL, NULL, NULL, '2026-01-25 18:04:35', '2026-01-25 18:04:35'),
(384, 1, NULL, 247, 'initial', 1, 'Initial stock entry', 2, NULL, NULL, NULL, '2026-01-25 18:07:02', '2026-01-25 18:07:02'),
(385, 1, NULL, 248, 'initial', 1, 'Initial stock entry', 2, NULL, NULL, NULL, '2026-01-25 18:10:41', '2026-01-25 18:10:41'),
(386, 1, NULL, 249, 'initial', 1, 'Initial stock entry', 2, NULL, NULL, NULL, '2026-01-25 18:12:34', '2026-01-25 18:12:34'),
(387, 1, NULL, 250, 'initial', 1, 'Initial stock entry', 2, NULL, NULL, NULL, '2026-01-25 18:14:35', '2026-01-25 18:14:35'),
(388, 1, NULL, 251, 'initial', 1, 'Initial stock entry', 2, NULL, NULL, NULL, '2026-01-25 18:16:08', '2026-01-25 18:16:08'),
(389, 1, NULL, 252, 'initial', 1, 'Initial stock entry', 2, NULL, NULL, NULL, '2026-01-25 18:18:05', '2026-01-25 18:18:05'),
(390, 1, NULL, 253, 'initial', 2, 'Initial stock entry', 2, NULL, NULL, NULL, '2026-01-25 18:20:42', '2026-01-25 18:20:42'),
(391, 1, NULL, 254, 'initial', 1, 'Initial stock entry', 2, NULL, NULL, NULL, '2026-01-25 18:25:25', '2026-01-25 18:25:25'),
(392, 1, NULL, 255, 'initial', 1, 'Initial stock entry', 2, NULL, NULL, NULL, '2026-01-25 18:28:42', '2026-01-25 18:28:42'),
(393, 1, NULL, 256, 'initial', 1, 'Initial stock entry', 2, NULL, NULL, NULL, '2026-01-25 18:30:21', '2026-01-25 18:30:21'),
(394, 1, NULL, 257, 'initial', 1, 'Initial stock entry', 2, NULL, NULL, NULL, '2026-01-25 18:32:36', '2026-01-25 18:32:36'),
(395, 1, NULL, 258, 'initial', 1, 'Initial stock entry', 2, NULL, NULL, NULL, '2026-01-25 18:34:35', '2026-01-25 18:34:35'),
(396, 1, NULL, 259, 'initial', 1, 'Initial stock entry', 2, NULL, NULL, NULL, '2026-01-25 18:36:40', '2026-01-25 18:36:40'),
(397, 1, NULL, 260, 'initial', 1, 'Initial stock entry', 2, NULL, NULL, NULL, '2026-01-25 18:38:52', '2026-01-25 18:38:52'),
(398, 1, NULL, 261, 'initial', 1, 'Initial stock entry', 2, NULL, NULL, NULL, '2026-01-25 18:40:30', '2026-01-25 18:40:30'),
(399, 1, NULL, 262, 'initial', 1, 'Initial stock entry', 2, NULL, NULL, NULL, '2026-01-25 18:46:56', '2026-01-25 18:46:56'),
(400, 1, NULL, 263, 'initial', 1, 'Initial stock entry', 2, NULL, NULL, NULL, '2026-01-25 18:48:40', '2026-01-25 18:48:40'),
(401, 1, NULL, 264, 'initial', 1, 'Initial stock entry', 2, NULL, NULL, NULL, '2026-01-25 18:53:06', '2026-01-25 18:53:06'),
(402, 1, NULL, 265, 'initial', 0, 'Initial stock entry', 2, NULL, NULL, NULL, '2026-02-06 07:24:44', '2026-02-06 07:24:44'),
(403, 1, NULL, 266, 'initial', 0, 'Initial stock entry', 8, NULL, NULL, NULL, '2026-02-06 07:35:23', '2026-02-06 07:35:23'),
(404, 1, NULL, 267, 'initial', 2, 'Initial stock entry', 8, NULL, NULL, NULL, '2026-02-06 20:01:48', '2026-02-06 20:01:48'),
(405, 1, NULL, 268, 'initial', 6, 'Initial stock entry', 8, NULL, NULL, NULL, '2026-02-06 20:05:48', '2026-02-06 20:05:48'),
(406, 1, NULL, 269, 'initial', 17, 'Initial stock entry', 8, NULL, NULL, NULL, '2026-02-06 20:08:59', '2026-02-06 20:08:59'),
(407, 1, NULL, 270, 'initial', 1, 'Initial stock entry', 8, NULL, NULL, NULL, '2026-02-06 20:11:38', '2026-02-06 20:11:38'),
(408, 1, NULL, 271, 'initial', 2, 'Initial stock entry', 8, NULL, NULL, NULL, '2026-02-06 20:35:15', '2026-02-06 20:35:15'),
(409, 1, NULL, 272, 'initial', 1, 'Initial stock entry', 8, NULL, NULL, NULL, '2026-02-06 20:38:09', '2026-02-06 20:38:09'),
(410, 1, NULL, 273, 'initial', 1, 'Initial stock entry', 8, NULL, NULL, NULL, '2026-02-06 20:42:05', '2026-02-06 20:42:05'),
(411, 1, NULL, 274, 'initial', 2, 'Initial stock entry', 8, NULL, NULL, NULL, '2026-02-06 20:45:09', '2026-02-06 20:45:09'),
(412, 1, NULL, 275, 'initial', 1, 'Initial stock entry', 8, NULL, NULL, NULL, '2026-02-06 20:49:36', '2026-02-06 20:49:36'),
(413, 1, NULL, 276, 'initial', 1, 'Initial stock entry', 8, NULL, NULL, NULL, '2026-02-06 20:55:48', '2026-02-06 20:55:48'),
(414, 1, NULL, 277, 'initial', 1, 'Initial stock entry', 8, NULL, NULL, NULL, '2026-02-06 21:03:01', '2026-02-06 21:03:01'),
(415, 1, NULL, 278, 'initial', 1, 'Initial stock entry', 8, NULL, NULL, NULL, '2026-02-06 21:05:04', '2026-02-06 21:05:04'),
(416, 1, NULL, 279, 'initial', 1, 'Initial stock entry', 8, NULL, NULL, NULL, '2026-02-06 21:07:26', '2026-02-06 21:07:26'),
(417, 1, NULL, 280, 'initial', 1, 'Initial stock entry', 8, NULL, NULL, NULL, '2026-02-06 21:12:47', '2026-02-06 21:12:47'),
(418, 1, NULL, 281, 'initial', 4, 'Initial stock entry', 8, NULL, NULL, NULL, '2026-02-07 04:22:55', '2026-02-07 04:22:55'),
(419, 1, NULL, 282, 'initial', 1, 'Initial stock entry', 8, NULL, NULL, NULL, '2026-02-07 04:26:50', '2026-02-07 04:26:50'),
(420, 1, NULL, 283, 'initial', 1, 'Initial stock entry', 8, NULL, NULL, NULL, '2026-02-07 04:29:02', '2026-02-07 04:29:02'),
(421, 1, NULL, 284, 'initial', 1, 'Initial stock entry', 8, NULL, NULL, NULL, '2026-02-07 04:32:33', '2026-02-07 04:32:33'),
(422, 1, NULL, 285, 'initial', 2, 'Initial stock entry', 8, NULL, NULL, NULL, '2026-02-07 04:35:34', '2026-02-07 04:35:34'),
(423, 1, NULL, 286, 'initial', 2, 'Initial stock entry', 8, NULL, NULL, NULL, '2026-02-07 04:40:37', '2026-02-07 04:40:37'),
(424, 1, NULL, 9, 'order_sale', -2, 'Stock reduced for Order #ORD-202602080001', 2, NULL, NULL, NULL, '2026-02-08 13:03:47', '2026-02-08 13:03:47'),
(425, 1, NULL, 8, 'order_sale', -5, 'Stock reduced for Order #ORD-202602080001', 2, NULL, NULL, NULL, '2026-02-08 13:03:47', '2026-02-08 13:03:47');
INSERT INTO `inventory_logs` (`id`, `branch_id`, `purchase_id`, `product_id`, `action`, `quantity_change`, `notes`, `user_id`, `quantity`, `unit_price`, `total_price`, `created_at`, `updated_at`) VALUES
(426, 1, NULL, 7, 'order_sale', -1, 'Stock reduced for Order #ORD-202602080001', 2, NULL, NULL, NULL, '2026-02-08 13:03:47', '2026-02-08 13:03:47'),
(427, 1, NULL, 12, 'order_sale', -1, 'Stock reduced for Order #ORD-202602090001', 2, NULL, NULL, NULL, '2026-02-08 14:52:06', '2026-02-08 14:52:06'),
(428, 1, NULL, 11, 'order_sale', -1, 'Stock reduced for Order #ORD-202602090001', 2, NULL, NULL, NULL, '2026-02-08 14:52:06', '2026-02-08 14:52:06'),
(429, 1, NULL, 24, 'order_sale', -1, 'Stock reduced for Order #ORD-202602090001', 2, NULL, NULL, NULL, '2026-02-08 15:29:27', '2026-02-08 15:29:27'),
(430, 1, NULL, 54, 'order_sale', -1, 'Stock reduced for Order #ORD-202602110001', 2, NULL, NULL, NULL, '2026-02-10 16:13:37', '2026-02-10 16:13:37'),
(431, 1, NULL, 55, 'order_sale', -1, 'Stock reduced for Order #ORD-202602110001', 2, NULL, NULL, NULL, '2026-02-10 16:13:37', '2026-02-10 16:13:37'),
(432, 1, NULL, 53, 'order_sale', -1, 'Stock reduced for Order #ORD-202602110002', 7, NULL, NULL, NULL, '2026-02-11 02:41:36', '2026-02-11 02:41:36'),
(433, 1, NULL, 287, 'initial', 0, 'Initial stock entry', 2, NULL, NULL, NULL, '2026-02-11 11:34:03', '2026-02-11 11:34:03'),
(434, 1, NULL, 288, 'initial', 30, 'Initial stock entry', 2, NULL, NULL, NULL, '2026-02-11 16:01:28', '2026-02-11 16:01:28'),
(435, 1, NULL, 287, 'order_sale', -1, 'Stock reduced for Order #ORD-202602120001', 2, NULL, NULL, NULL, '2026-02-11 16:15:11', '2026-02-11 16:15:11'),
(436, 1, NULL, 289, 'initial', 10, 'Initial stock entry', 2, NULL, NULL, NULL, '2026-02-11 16:26:53', '2026-02-11 16:26:53'),
(437, 1, NULL, 289, 'order_sale', -1, 'Stock reduced for Order #ORD-202602120002', 2, NULL, NULL, NULL, '2026-02-11 16:31:33', '2026-02-11 16:31:33'),
(438, 1, NULL, 290, 'initial', 10, 'Initial stock entry', 2, NULL, NULL, NULL, '2026-02-11 16:35:48', '2026-02-11 16:35:48'),
(439, 1, NULL, 291, 'initial', 50, 'Initial stock entry', 2, NULL, NULL, NULL, '2026-02-11 16:49:18', '2026-02-11 16:49:18'),
(440, 1, NULL, 292, 'initial', 1, 'Initial stock entry', 2, NULL, NULL, NULL, '2026-02-11 16:51:32', '2026-02-11 16:51:32'),
(441, 1, NULL, 291, 'order_sale', -1, 'Stock reduced for Order #ORD-202602120003', 2, NULL, NULL, NULL, '2026-02-11 16:54:26', '2026-02-11 16:54:26'),
(442, 1, NULL, 292, 'order_sale', -1, 'Stock reduced for Order #ORD-202602120003', 2, NULL, NULL, NULL, '2026-02-11 16:54:26', '2026-02-11 16:54:26'),
(443, 1, NULL, 290, 'order_sale', -1, 'Stock reduced for Order #ORD-202602120003', 2, NULL, NULL, NULL, '2026-02-11 16:54:26', '2026-02-11 16:54:26'),
(444, 1, NULL, 11, 'order_sale', -1, 'Stock reduced for Order #ORD-202602130001', 2, NULL, NULL, NULL, '2026-02-12 18:49:52', '2026-02-12 18:49:52'),
(445, 1, NULL, 293, 'initial', 81, 'Initial stock entry', 2, NULL, NULL, NULL, '2026-02-14 02:36:59', '2026-02-14 02:36:59'),
(446, 1, NULL, 294, 'initial', 0, 'Initial stock entry', 8, NULL, NULL, NULL, '2026-02-17 23:11:29', '2026-02-17 23:11:29'),
(447, 1, NULL, 295, 'initial', 1, 'Initial stock entry', 8, NULL, NULL, NULL, '2026-02-17 23:16:54', '2026-02-17 23:16:54'),
(448, 1, NULL, 296, 'initial', 1, 'Initial stock entry', 8, NULL, NULL, NULL, '2026-02-17 23:22:27', '2026-02-17 23:22:27'),
(449, 1, NULL, 297, 'initial', 1, 'Initial stock entry', 8, NULL, NULL, NULL, '2026-02-17 23:28:13', '2026-02-17 23:28:13'),
(450, 1, NULL, 298, 'initial', 14, 'Initial stock entry', 8, NULL, NULL, NULL, '2026-02-17 23:31:03', '2026-02-17 23:31:03'),
(451, 1, NULL, 299, 'initial', 6, 'Initial stock entry', 8, NULL, NULL, NULL, '2026-02-17 23:33:29', '2026-02-17 23:33:29'),
(452, 1, NULL, 300, 'initial', 1, 'Initial stock entry', 8, NULL, NULL, NULL, '2026-02-17 23:37:39', '2026-02-17 23:37:39'),
(453, 1, NULL, 301, 'initial', 5, 'Initial stock entry', 8, NULL, NULL, NULL, '2026-02-17 23:52:42', '2026-02-17 23:52:42'),
(454, 1, NULL, 302, 'initial', 2, 'Initial stock entry', 8, NULL, NULL, NULL, '2026-02-17 23:56:01', '2026-02-17 23:56:01'),
(455, 1, NULL, 303, 'initial', 4, 'Initial stock entry', 8, NULL, NULL, NULL, '2026-02-18 00:02:27', '2026-02-18 00:02:27'),
(456, 1, NULL, 304, 'initial', 1, 'Initial stock entry', 8, NULL, NULL, NULL, '2026-02-28 17:52:30', '2026-02-28 17:52:30'),
(457, 1, NULL, 305, 'initial', 7, 'Initial stock entry', 8, NULL, NULL, NULL, '2026-03-01 06:44:36', '2026-03-01 06:44:36'),
(458, 1, NULL, 306, 'initial', 1, 'Initial stock entry', 7, NULL, NULL, NULL, '2026-03-03 02:24:31', '2026-03-03 02:24:31'),
(459, 1, NULL, 307, 'initial', 0, 'Initial stock entry', 7, NULL, NULL, NULL, '2026-03-03 02:25:28', '2026-03-03 02:25:28'),
(460, 1, NULL, 290, 'refund_return', 4, 'Restocked due to refund of Order #ORD-202603070001', 2, NULL, NULL, NULL, '2026-03-06 20:02:41', '2026-03-06 20:02:41'),
(461, 1, NULL, 308, 'initial', 0, 'Initial stock entry', 2, NULL, NULL, NULL, '2026-03-07 03:05:44', '2026-03-07 03:05:44'),
(462, 1, NULL, 309, 'initial', 15, 'Initial stock entry', 2, NULL, NULL, NULL, '2026-03-07 05:34:04', '2026-03-07 05:34:04'),
(463, 1, NULL, 310, 'initial', 5, 'Initial stock entry', 2, NULL, NULL, NULL, '2026-03-07 05:41:23', '2026-03-07 05:41:23'),
(464, 1, NULL, 311, 'initial', 11, 'Initial stock entry', 2, NULL, NULL, NULL, '2026-03-07 06:03:00', '2026-03-07 06:03:00'),
(465, 1, NULL, 312, 'initial', 123, 'Initial stock entry', 2, NULL, NULL, NULL, '2026-03-07 06:12:12', '2026-03-07 06:12:12'),
(466, 1, NULL, 313, 'initial', 50, 'Initial stock entry', 2, NULL, NULL, NULL, '2026-03-07 06:28:47', '2026-03-07 06:28:47'),
(467, 1, NULL, 314, 'initial', 1, 'Initial stock entry', 2, NULL, NULL, NULL, '2026-03-07 06:30:11', '2026-03-07 06:30:11'),
(468, 1, NULL, 315, 'initial', 50, 'Initial stock entry', 2, NULL, NULL, NULL, '2026-03-07 06:45:40', '2026-03-07 06:45:40'),
(469, 1, NULL, 316, 'initial', 40, 'Initial stock entry', 2, NULL, NULL, NULL, '2026-03-07 06:49:25', '2026-03-07 06:49:25'),
(470, 1, NULL, 317, 'initial', 0, 'Initial stock entry', 2, NULL, NULL, NULL, '2026-03-07 16:40:52', '2026-03-07 16:40:52'),
(471, 1, NULL, 318, 'initial', 1, 'Initial stock entry', 8, NULL, NULL, NULL, '2026-03-07 17:19:36', '2026-03-07 17:19:36'),
(472, 1, NULL, 319, 'initial', 10, 'Initial stock entry', 8, NULL, NULL, NULL, '2026-03-07 17:23:10', '2026-03-07 17:23:10'),
(473, 1, NULL, 320, 'initial', 10, 'Initial stock entry', 8, NULL, NULL, NULL, '2026-03-07 17:27:28', '2026-03-07 17:27:28'),
(474, 1, NULL, 321, 'initial', 2, 'Initial stock entry', 8, NULL, NULL, NULL, '2026-03-07 17:32:06', '2026-03-07 17:32:06'),
(475, 1, NULL, 322, 'initial', 1, 'Initial stock entry', 8, NULL, NULL, NULL, '2026-03-07 18:18:43', '2026-03-07 18:18:43'),
(476, 1, NULL, 323, 'initial', 1, 'Initial stock entry', 8, NULL, NULL, NULL, '2026-03-07 18:22:01', '2026-03-07 18:22:01'),
(477, 1, NULL, 324, 'initial', 1, 'Initial stock entry', 8, NULL, NULL, NULL, '2026-03-07 18:36:05', '2026-03-07 18:36:05'),
(478, 1, NULL, 325, 'initial', 0, 'Initial stock entry', 8, NULL, NULL, NULL, '2026-03-07 18:46:21', '2026-03-07 18:46:21'),
(479, 1, NULL, 326, 'initial', 1, 'Initial stock entry', 8, NULL, NULL, NULL, '2026-03-07 18:50:32', '2026-03-07 18:50:32'),
(480, 1, NULL, 327, 'initial', 30, 'Initial stock entry', 2, NULL, NULL, NULL, '2026-03-07 18:57:17', '2026-03-07 18:57:17'),
(481, 1, NULL, 328, 'initial', 5, 'Initial stock entry', 2, NULL, NULL, NULL, '2026-03-07 19:10:21', '2026-03-07 19:10:21'),
(482, 1, NULL, 329, 'initial', 10, 'Initial stock entry', 2, NULL, NULL, NULL, '2026-03-08 07:51:58', '2026-03-08 07:51:58'),
(483, 1, NULL, 330, 'initial', 10, 'Initial stock entry', 2, NULL, NULL, NULL, '2026-03-08 07:53:05', '2026-03-08 07:53:05'),
(484, 1, NULL, 331, 'initial', 10, 'Initial stock entry', 2, NULL, NULL, NULL, '2026-03-08 07:54:16', '2026-03-08 07:54:16'),
(485, 1, NULL, 332, 'initial', 15, 'Initial stock entry', 2, NULL, NULL, NULL, '2026-03-08 07:57:18', '2026-03-08 07:57:18'),
(486, 1, NULL, 333, 'initial', 20, 'Initial stock entry', 2, NULL, NULL, NULL, '2026-03-08 07:58:56', '2026-03-08 07:58:56'),
(487, 1, NULL, 334, 'initial', 10, 'Initial stock entry', 2, NULL, NULL, NULL, '2026-03-08 08:12:51', '2026-03-08 08:12:51'),
(488, 1, NULL, 335, 'initial', 20, 'Initial stock entry', 2, NULL, NULL, NULL, '2026-03-08 08:15:02', '2026-03-08 08:15:02'),
(489, 1, NULL, 336, 'initial', 3, 'Initial stock entry', 8, NULL, NULL, NULL, '2026-03-10 03:09:55', '2026-03-10 03:09:55'),
(490, 1, NULL, 337, 'initial', 10, 'Initial stock entry', 8, NULL, NULL, NULL, '2026-03-10 03:13:24', '2026-03-10 03:13:24'),
(491, 1, NULL, 338, 'initial', 10, 'Initial stock entry', 8, NULL, NULL, NULL, '2026-03-10 03:17:07', '2026-03-10 03:17:07'),
(492, 1, NULL, 339, 'initial', 9, 'Initial stock entry', 8, NULL, NULL, NULL, '2026-03-10 03:20:15', '2026-03-10 03:20:15'),
(493, 1, NULL, 340, 'initial', 5, 'Initial stock entry', 8, NULL, NULL, NULL, '2026-03-10 03:23:02', '2026-03-10 03:23:02'),
(494, 1, NULL, 341, 'initial', 5, 'Initial stock entry', 8, NULL, NULL, NULL, '2026-03-10 03:25:50', '2026-03-10 03:25:50'),
(495, 1, NULL, 342, 'initial', 5, 'Initial stock entry', 8, NULL, NULL, NULL, '2026-03-10 03:29:55', '2026-03-10 03:29:55'),
(496, 1, NULL, 343, 'initial', 3, 'Initial stock entry', 8, NULL, NULL, NULL, '2026-03-10 03:33:59', '2026-03-10 03:33:59'),
(497, 1, NULL, 344, 'initial', 2, 'Initial stock entry', 8, NULL, NULL, NULL, '2026-03-10 03:44:36', '2026-03-10 03:44:36'),
(498, 1, NULL, 345, 'initial', 5, 'Initial stock entry', 8, NULL, NULL, NULL, '2026-03-10 03:46:48', '2026-03-10 03:46:48'),
(499, 1, NULL, 346, 'initial', 2, 'Initial stock entry', 8, NULL, NULL, NULL, '2026-03-10 03:49:46', '2026-03-10 03:49:46'),
(500, 1, NULL, 347, 'initial', 2, 'Initial stock entry', 8, NULL, NULL, NULL, '2026-03-10 03:54:00', '2026-03-10 03:54:00'),
(501, 1, NULL, 348, 'initial', 1, 'Initial stock entry', 8, NULL, NULL, NULL, '2026-03-10 04:00:38', '2026-03-10 04:00:38'),
(502, 1, NULL, 349, 'initial', 0, 'Initial stock entry', 8, NULL, NULL, NULL, '2026-03-10 04:02:11', '2026-03-10 04:02:11'),
(503, 1, NULL, 350, 'initial', 1, 'Initial stock entry', 8, NULL, NULL, NULL, '2026-03-10 05:57:59', '2026-03-10 05:57:59'),
(504, 1, NULL, 351, 'initial', 0, 'Initial stock entry', 2, NULL, NULL, NULL, '2026-03-10 06:29:33', '2026-03-10 06:29:33'),
(505, 1, NULL, 352, 'initial', 0, 'Initial stock entry', 2, NULL, NULL, NULL, '2026-03-10 15:54:21', '2026-03-10 15:54:21'),
(506, 1, NULL, 353, 'initial', 5, 'Initial stock entry', 2, NULL, NULL, NULL, '2026-03-10 15:57:52', '2026-03-10 15:57:52'),
(507, 1, NULL, 354, 'initial', 5, 'Initial stock entry', 2, NULL, NULL, NULL, '2026-03-10 17:09:38', '2026-03-10 17:09:38'),
(508, 1, NULL, 355, 'initial', 5, 'Initial stock entry', 2, NULL, NULL, NULL, '2026-03-10 17:18:31', '2026-03-10 17:18:31'),
(509, 1, NULL, 356, 'initial', 240, 'Initial stock entry', 2, NULL, NULL, NULL, '2026-03-10 17:31:56', '2026-03-10 17:31:56'),
(510, 1, NULL, 357, 'initial', 0, 'Initial stock entry', 2, NULL, NULL, NULL, '2026-03-10 18:56:26', '2026-03-10 18:56:26'),
(511, 1, NULL, 358, 'initial', 20, 'Initial stock entry', 2, NULL, NULL, NULL, '2026-03-11 16:49:32', '2026-03-11 16:49:32'),
(512, 1, NULL, 359, 'initial', 0, 'Initial stock entry', 2, NULL, NULL, NULL, '2026-03-11 16:59:32', '2026-03-11 16:59:32'),
(513, 3, NULL, 360, 'initial', 0, 'Initial stock entry', 9, NULL, NULL, NULL, '2026-03-12 08:35:46', '2026-03-12 08:35:46'),
(514, 3, NULL, 401, 'initial', 1, 'Initial stock entry', 9, NULL, NULL, NULL, '2026-03-12 12:14:41', '2026-03-12 12:14:41'),
(515, 1, NULL, 413, 'initial', 100, 'Initial stock entry', 2, NULL, NULL, NULL, '2026-03-12 15:45:10', '2026-03-12 15:45:10'),
(516, 1, NULL, 415, 'initial', 5, 'Initial stock entry', 2, NULL, NULL, NULL, '2026-03-12 15:58:04', '2026-03-12 15:58:04'),
(517, 1, NULL, 416, 'initial', 1, 'Initial stock entry', 2, NULL, NULL, NULL, '2026-03-13 16:18:54', '2026-03-13 16:18:54'),
(518, 3, NULL, 401, 'add', 50, '50 products added on 15 march', 2, NULL, NULL, NULL, '2026-03-15 05:38:28', '2026-03-15 05:38:28'),
(519, 3, NULL, 401, 'add', 2, 'add', 2, NULL, NULL, NULL, '2026-03-15 05:50:52', '2026-03-15 05:50:52');

-- --------------------------------------------------------

--
-- Table structure for table `jobs`
--

CREATE TABLE `jobs` (
  `id` bigint UNSIGNED NOT NULL,
  `queue` varchar(255) COLLATE utf8mb4_unicode_ci NOT NULL,
  `payload` longtext COLLATE utf8mb4_unicode_ci NOT NULL,
  `attempts` tinyint UNSIGNED NOT NULL,
  `reserved_at` int UNSIGNED DEFAULT NULL,
  `available_at` int UNSIGNED NOT NULL,
  `created_at` int UNSIGNED NOT NULL
) ENGINE=InnoDB DEFAULT CHARSET=utf8mb4 COLLATE=utf8mb4_unicode_ci;

-- --------------------------------------------------------

--
-- Table structure for table `job_batches`
--

CREATE TABLE `job_batches` (
  `id` varchar(255) COLLATE utf8mb4_unicode_ci NOT NULL,
  `name` varchar(255) COLLATE utf8mb4_unicode_ci NOT NULL,
  `total_jobs` int NOT NULL,
  `pending_jobs` int NOT NULL,
  `failed_jobs` int NOT NULL,
  `failed_job_ids` longtext COLLATE utf8mb4_unicode_ci NOT NULL,
  `options` mediumtext COLLATE utf8mb4_unicode_ci,
  `cancelled_at` int DEFAULT NULL,
  `created_at` int NOT NULL,
  `finished_at` int DEFAULT NULL
) ENGINE=InnoDB DEFAULT CHARSET=utf8mb4 COLLATE=utf8mb4_unicode_ci;

-- --------------------------------------------------------

--
-- Table structure for table `ledger_accounts`
--

CREATE TABLE `ledger_accounts` (
  `id` bigint UNSIGNED NOT NULL,
  `account_code` varchar(255) COLLATE utf8mb4_unicode_ci NOT NULL,
  `name` varchar(255) COLLATE utf8mb4_unicode_ci NOT NULL,
  `type` varchar(255) COLLATE utf8mb4_unicode_ci NOT NULL,
  `category` varchar(255) COLLATE utf8mb4_unicode_ci DEFAULT NULL,
  `description` text COLLATE utf8mb4_unicode_ci,
  `is_active` tinyint(1) NOT NULL DEFAULT '1',
  `opening_balance` decimal(15,2) NOT NULL DEFAULT '0.00',
  `created_by` bigint UNSIGNED DEFAULT NULL,
  `created_at` timestamp NULL DEFAULT NULL,
  `updated_at` timestamp NULL DEFAULT NULL
) ENGINE=InnoDB DEFAULT CHARSET=utf8mb4 COLLATE=utf8mb4_unicode_ci;

--
-- Dumping data for table `ledger_accounts`
--

INSERT INTO `ledger_accounts` (`id`, `account_code`, `name`, `type`, `category`, `description`, `is_active`, `opening_balance`, `created_by`, `created_at`, `updated_at`) VALUES
(2, 'ACC-0001', 'Shop Expensives', 'expense', 'Shop Expensives', '', 1, 0.00, 2, '2026-03-03 04:24:46', '2026-03-03 04:24:46');

-- --------------------------------------------------------

--
-- Table structure for table `ledger_account_entries`
--

CREATE TABLE `ledger_account_entries` (
  `id` bigint UNSIGNED NOT NULL,
  `entry_number` varchar(255) COLLATE utf8mb4_unicode_ci NOT NULL,
  `ledger_account_id` bigint UNSIGNED NOT NULL,
  `entry_date` date NOT NULL,
  `description` varchar(255) COLLATE utf8mb4_unicode_ci NOT NULL,
  `debit` decimal(15,2) NOT NULL DEFAULT '0.00',
  `credit` decimal(15,2) NOT NULL DEFAULT '0.00',
  `reference_type` varchar(255) COLLATE utf8mb4_unicode_ci DEFAULT NULL,
  `reference_id` bigint UNSIGNED DEFAULT NULL,
  `reference_number` varchar(255) COLLATE utf8mb4_unicode_ci DEFAULT NULL,
  `payment_method` varchar(255) COLLATE utf8mb4_unicode_ci DEFAULT NULL,
  `created_by` bigint UNSIGNED DEFAULT NULL,
  `notes` text COLLATE utf8mb4_unicode_ci,
  `created_at` timestamp NULL DEFAULT NULL,
  `updated_at` timestamp NULL DEFAULT NULL
) ENGINE=InnoDB DEFAULT CHARSET=utf8mb4 COLLATE=utf8mb4_unicode_ci;

--
-- Dumping data for table `ledger_account_entries`
--

INSERT INTO `ledger_account_entries` (`id`, `entry_number`, `ledger_account_id`, `entry_date`, `description`, `debit`, `credit`, `reference_type`, `reference_id`, `reference_number`, `payment_method`, `created_by`, `notes`, `created_at`, `updated_at`) VALUES
(3, 'JV-202603-0001', 2, '2026-03-03', 'Telenor Package', 2000.00, 0.00, 'manual', NULL, 'MAN-69A6A9B5992BA', 'easypaisa', 2, 'Pkg Lgaya', '2026-03-03 04:28:21', '2026-03-03 04:28:21');

-- --------------------------------------------------------

--
-- Table structure for table `ledger_entries`
--

CREATE TABLE `ledger_entries` (
  `id` bigint UNSIGNED NOT NULL,
  `entry_number` varchar(255) COLLATE utf8mb4_unicode_ci NOT NULL,
  `entry_date` date NOT NULL,
  `account_type` varchar(255) COLLATE utf8mb4_unicode_ci NOT NULL,
  `transaction_type` varchar(255) COLLATE utf8mb4_unicode_ci NOT NULL,
  `reference_type` varchar(255) COLLATE utf8mb4_unicode_ci DEFAULT NULL,
  `reference_id` bigint UNSIGNED DEFAULT NULL,
  `reference_number` varchar(255) COLLATE utf8mb4_unicode_ci DEFAULT NULL,
  `description` varchar(255) COLLATE utf8mb4_unicode_ci NOT NULL,
  `debit` decimal(15,2) NOT NULL DEFAULT '0.00',
  `credit` decimal(15,2) NOT NULL DEFAULT '0.00',
  `payment_method` varchar(255) COLLATE utf8mb4_unicode_ci DEFAULT NULL,
  `party_type` varchar(255) COLLATE utf8mb4_unicode_ci DEFAULT NULL,
  `party_id` bigint UNSIGNED DEFAULT NULL,
  `party_name` varchar(255) COLLATE utf8mb4_unicode_ci DEFAULT NULL,
  `user_id` bigint UNSIGNED DEFAULT NULL,
  `notes` text COLLATE utf8mb4_unicode_ci,
  `created_at` timestamp NULL DEFAULT NULL,
  `updated_at` timestamp NULL DEFAULT NULL
) ENGINE=InnoDB DEFAULT CHARSET=utf8mb4 COLLATE=utf8mb4_unicode_ci;

--
-- Dumping data for table `ledger_entries`
--

INSERT INTO `ledger_entries` (`id`, `entry_number`, `entry_date`, `account_type`, `transaction_type`, `reference_type`, `reference_id`, `reference_number`, `description`, `debit`, `credit`, `payment_method`, `party_type`, `party_id`, `party_name`, `user_id`, `notes`, `created_at`, `updated_at`) VALUES
(90, 'LED-202603-0001', '2026-03-03', 'sales', 'sale', 'App\\Models\\Order', 110, 'ORD-202603030001', 'Sale - Order #ORD-202603030001', 0.00, 2550.00, 'cash', 'customer', 13, 'Ibraheem Hadi Saqafti Markaz', 2, NULL, '2026-03-02 20:23:43', '2026-03-02 20:23:43'),
(91, 'LED-202603-0002', '2026-03-03', 'sales', 'sale', 'App\\Models\\Order', 111, 'ORD-202603030002', 'Sale - Order #ORD-202603030002', 0.00, 800.00, 'cash', 'customer', 13, 'Ibraheem Hadi Saqafti Markaz', 2, NULL, '2026-03-02 23:20:05', '2026-03-02 23:20:05'),
(92, 'LED-202603-0003', '2026-03-03', 'sales', 'sale', 'App\\Models\\Order', 112, 'ORD-202603030003', 'Sale - Order #ORD-202603030003', 0.00, 17400.00, 'easypaisa', 'customer', 58, 'Kh. Hijab Zainab', 7, NULL, '2026-03-03 02:35:07', '2026-03-03 02:35:07'),
(93, 'LED-202603-0004', '2026-03-03', 'sales', 'sale', 'App\\Models\\Order', 113, 'ORD-202603030004', 'Sale - Order #ORD-202603030004', 0.00, 17400.00, 'cash', 'customer', 58, 'Kh. Hijab Zainab', 7, NULL, '2026-03-03 02:40:04', '2026-03-03 02:40:04'),
(94, 'LED-202603-0005', '2026-03-03', 'sales', 'sale', 'App\\Models\\Order', 114, 'ORD-202603030005', 'Sale - Order #ORD-202603030005', 0.00, 20900.00, 'easypaisa', 'customer', 58, 'Kh. Hijab Zainab', 7, NULL, '2026-03-03 02:42:05', '2026-03-03 02:42:05'),
(95, 'LED-202603-0006', '2026-03-07', 'sales', 'sale', 'App\\Models\\Order', 115, 'ORD-202603070001', 'Sale - Order #ORD-202603070001', 0.00, 796.00, 'cash', 'customer', 6, 'Al Qaim Saqafti Markaz', 2, NULL, '2026-03-06 19:59:24', '2026-03-06 19:59:24'),
(96, 'LED-202603-0007', '2026-03-07', 'refunds', 'refund', 'App\\Models\\Refund', 1, 'ORD-202603070001', 'Refund for Order #ORD-202603070001', 796.00, 0.00, 'cash', 'customer', 6, 'Al Qaim Saqafti Markaz', 2, NULL, '2026-03-06 20:02:41', '2026-03-06 20:02:41'),
(97, 'LED-202603-0008', '2026-03-07', 'sales', 'sale', 'App\\Models\\Order', 116, 'ORD-202603070001', 'Sale - Order #ORD-202603070001', 0.00, 0.00, 'easypaisa', 'customer', NULL, 'Walk-in Customer', 2, NULL, '2026-03-06 20:46:22', '2026-03-06 20:46:22'),
(98, 'LED-202603-0009', '2026-03-07', 'sales', 'sale', 'App\\Models\\Order', 117, 'ORD-202603070002', 'Sale - Order #ORD-202603070002', 0.00, 350.00, 'cod', 'customer', NULL, 'Walk-in Customer', 2, NULL, '2026-03-07 03:14:44', '2026-03-07 03:14:44'),
(99, 'LED-202603-0010', '2026-03-07', 'sales', 'sale', 'App\\Models\\Order', 118, 'ASM1272', 'Sale - Order #ASM1272', 0.00, 5230.00, 'easypaisa', 'customer', 59, 'Kh. Haya, Sanghar', 2, NULL, '2026-03-07 06:20:15', '2026-03-07 06:20:15'),
(100, 'LED-202603-0011', '2026-03-07', 'sales', 'sale', 'App\\Models\\Order', 119, 'ASM1273', 'Sale - Order #ASM1273', 0.00, 600.00, 'easypaisa', 'customer', 57, 'ALMufeed Customer', 2, NULL, '2026-03-07 06:32:00', '2026-03-07 06:32:00'),
(101, 'LED-202603-0012', '2026-03-07', 'sales', 'sale', 'App\\Models\\Order', 120, 'ASM1274', 'Sale - Order #ASM1274', 0.00, 4000.00, 'cod', 'customer', 57, 'ALMufeed Customer', 2, NULL, '2026-03-07 06:39:50', '2026-03-07 06:39:50'),
(102, 'LED-202603-0013', '2026-03-07', 'sales', 'sale', 'App\\Models\\Order', 121, 'ASM1275', 'Sale - Order #ASM1275', 0.00, 350.36, 'cod', 'customer', 57, 'ALMufeed Customer', 2, NULL, '2026-03-07 06:53:56', '2026-03-07 06:53:56'),
(103, 'LED-202603-0014', '2026-03-07', 'sales', 'sale', 'App\\Models\\Order', 122, 'ASM1276', 'Sale - Order #ASM1276', 0.00, 1100.00, 'easypaisa', 'customer', 57, 'ALMufeed Customer', 2, NULL, '2026-03-07 15:39:02', '2026-03-07 15:39:02'),
(104, 'LED-202603-0015', '2026-03-07', 'sales', 'sale', 'App\\Models\\Order', 123, 'ASM1277', 'Sale - Order #ASM1277', 0.00, 2250.00, 'jazzcash', 'customer', 60, 'Kh Kainat Zahra Sahiba', 2, NULL, '2026-03-07 15:58:14', '2026-03-07 15:58:14'),
(105, 'LED-202603-0016', '2026-03-07', 'sales', 'sale', 'App\\Models\\Order', 124, 'ASM1278', 'Sale - Order #ASM1278', 0.00, 4385.00, 'pending', 'customer', 61, 'Kh. Sabeeqa Nobia', 2, NULL, '2026-03-07 16:15:35', '2026-03-07 16:15:35'),
(106, 'LED-202603-0017', '2026-03-07', 'sales', 'sale', 'App\\Models\\Order', 125, 'ASM1279', 'Sale - Order #ASM1279', 0.00, 21100.00, 'easypaisa', 'customer', 62, 'Kh. LAILA RUBAB Sahiba', 2, NULL, '2026-03-07 16:49:10', '2026-03-07 16:49:10'),
(107, 'LED-202603-0018', '2026-03-07', 'sales', 'sale', 'App\\Models\\Order', 126, 'ASM1280', 'Sale - Order #ASM1280', 0.00, 295.00, 'easypaisa', 'customer', 23, 'Kh. Nida Hussain Sahiba', 2, NULL, '2026-03-07 16:54:33', '2026-03-07 16:54:33'),
(108, 'LED-202603-0019', '2026-03-07', 'sales', 'sale', 'App\\Models\\Order', 127, 'ASM1281', 'Sale - Order #ASM1281', 0.00, 650.00, 'easypaisa', 'customer', 23, 'Kh. Nida Hussain Sahiba', 2, NULL, '2026-03-07 17:02:39', '2026-03-07 17:02:39'),
(109, 'LED-202603-0020', '2026-03-07', 'sales', 'sale', 'App\\Models\\Order', 128, 'ASM1282', 'Sale - Order #ASM1282', 0.00, 780.00, 'cash', 'customer', 32, 'Kh. Ana Fatmi', 2, NULL, '2026-03-07 17:07:24', '2026-03-07 17:07:24'),
(110, 'LED-202603-0021', '2026-03-08', 'sales', 'sale', 'App\\Models\\Order', 129, 'ASM1283', 'Sale - Order #ASM1283', 0.00, 5100.00, 'easypaisa', 'customer', NULL, 'Walk-in Customer', 2, NULL, '2026-03-07 19:00:54', '2026-03-07 19:00:54'),
(111, 'LED-202603-0022', '2026-03-08', 'sales', 'sale', 'App\\Models\\Order', 130, 'ASM1284', 'Sale - Order #ASM1284', 0.00, 2900.00, 'pending', 'customer', 57, 'ALMufeed Customer', 2, NULL, '2026-03-07 19:05:01', '2026-03-07 19:05:01'),
(112, 'LED-202603-0023', '2026-03-08', 'sales', 'sale', 'App\\Models\\Order', 131, 'ASM1285', 'Sale - Order #ASM1285', 0.00, 1200.00, 'easypaisa', 'customer', NULL, 'Walk-in Customer', 2, NULL, '2026-03-07 19:12:07', '2026-03-07 19:12:07'),
(113, 'LED-202603-0024', '2026-03-08', 'sales', 'sale', 'App\\Models\\Order', 132, 'ASM1286', 'Sale - Order #ASM1286', 0.00, 20450.00, 'pending', 'customer', 64, 'Kh. Ume Rubab (MFC)', 2, NULL, '2026-03-08 08:17:25', '2026-03-08 08:17:25'),
(114, 'LED-202603-0025', '2026-03-10', 'sales', 'sale', 'App\\Models\\Order', 133, 'ASM1287', 'Sale - Order #ASM1287', 0.00, 26400.00, 'pending', 'customer', 64, 'Kh. Ume Rubab (MFC)', 2, NULL, '2026-03-10 06:35:12', '2026-03-10 06:35:12'),
(115, 'LED-202603-0026', '2026-03-10', 'sales', 'sale', 'App\\Models\\Order', 134, 'ASM1288', 'Sale - Order #ASM1288', 0.00, 2200.00, 'easypaisa', 'customer', 23, 'Kh. Nida Hussain Sahiba', 2, NULL, '2026-03-10 15:59:52', '2026-03-10 15:59:52'),
(116, 'LED-202603-0027', '2026-03-10', 'sales', 'sale', 'App\\Models\\Order', 135, 'ASM1289', 'Sale - Order #ASM1289', 0.00, 1130.00, 'easypaisa', 'customer', 13, 'Ibraheem Hadi Saqafti Markaz', 2, NULL, '2026-03-10 16:14:59', '2026-03-10 16:14:59'),
(117, 'LED-202603-0028', '2026-03-10', 'sales', 'sale', 'App\\Models\\Order', 136, 'ASM1290', 'Sale - Order #ASM1290', 0.00, 12400.00, 'easypaisa', 'customer', 66, 'Ali Abbas (Jamia Besat Chiniot)', 2, NULL, '2026-03-10 16:53:08', '2026-03-10 16:53:08'),
(118, 'LED-202603-0029', '2026-03-10', 'sales', 'sale', 'App\\Models\\Order', 137, 'ASM1291', 'Sale - Order #ASM1291', 0.00, 750.00, 'easypaisa', 'customer', 13, 'Ibraheem Hadi Saqafti Markaz', 2, NULL, '2026-03-10 16:56:24', '2026-03-10 16:56:24'),
(119, 'LED-202603-0030', '2026-03-10', 'sales', 'sale', 'App\\Models\\Order', 138, 'ASM1292', 'Sale - Order #ASM1292', 0.00, 1380.00, 'jazzcash', 'customer', 6, 'Al Qaim Saqafti Markaz', 2, NULL, '2026-03-10 17:12:30', '2026-03-10 17:12:30'),
(120, 'LED-202603-0031', '2026-03-10', 'sales', 'sale', 'App\\Models\\Order', 139, 'ASM1293', 'Sale - Order #ASM1293', 0.00, 800.00, 'bank', 'customer', 17, 'Kh. Izzat Batool Sahiba', 2, NULL, '2026-03-10 17:21:14', '2026-03-10 17:21:14'),
(121, 'LED-202603-0032', '2026-03-10', 'sales', 'sale', 'App\\Models\\Order', 140, 'ASM1294', 'Sale - Order #ASM1294', 0.00, 1510.00, 'cod', 'customer', 13, 'Ibraheem Hadi Saqafti Markaz', 2, NULL, '2026-03-10 17:25:28', '2026-03-10 17:25:28'),
(122, 'LED-202603-0033', '2026-03-10', 'sales', 'sale', 'App\\Models\\Order', 141, 'ASM1295', 'Sale - Order #ASM1295', 0.00, 1055.00, 'easypaisa', 'customer', 13, 'Ibraheem Hadi Saqafti Markaz', 2, NULL, '2026-03-10 17:39:45', '2026-03-10 17:39:45'),
(123, 'LED-202603-0034', '2026-03-10', 'sales', 'sale', 'App\\Models\\Order', 142, 'ASM1296', 'Sale - Order #ASM1296', 0.00, 3300.00, 'easypaisa', 'customer', 67, 'Kh. Tehzeeb Zahra Bhk', 2, NULL, '2026-03-10 18:07:50', '2026-03-10 18:07:50'),
(124, 'LED-202603-0035', '2026-03-10', 'sales', 'sale', 'App\\Models\\Order', 143, 'ASM1297', 'Sale - Order #ASM1297', 0.00, 1300.00, 'easypaisa', 'customer', 68, 'Kh. Uswa Zahra Sahiba', 2, NULL, '2026-03-10 18:14:28', '2026-03-10 18:14:28'),
(125, 'LED-202603-0036', '2026-03-10', 'sales', 'sale', 'App\\Models\\Order', 144, 'ASM1298', 'Sale - Order #ASM1298', 0.00, 1400.00, 'pending', 'customer', 69, 'ALHadi Saqafti Markaz', 2, NULL, '2026-03-10 18:18:07', '2026-03-10 18:18:07'),
(126, 'LED-202603-0037', '2026-03-10', 'sales', 'sale', 'App\\Models\\Order', 145, 'ASM1299', 'Sale - Order #ASM1299', 0.00, 1300.00, 'easypaisa', 'customer', 70, 'Kh. Aqeela Alvi', 2, NULL, '2026-03-10 18:22:17', '2026-03-10 18:22:17'),
(127, 'LED-202603-0038', '2026-03-10', 'sales', 'sale', 'App\\Models\\Order', 146, 'ASM1300', 'Sale - Order #ASM1300', 0.00, 1600.00, 'cash', 'customer', 17, 'Kh. Izzat Batool Sahiba', 2, NULL, '2026-03-10 18:44:18', '2026-03-10 18:44:18'),
(128, 'LED-202603-0039', '2026-03-10', 'sales', 'sale', 'App\\Models\\Order', 147, 'ASM1301', 'Sale - Order #ASM1301', 0.00, 750.00, 'easypaisa', 'customer', 13, 'Ibraheem Hadi Saqafti Markaz', 2, NULL, '2026-03-10 18:46:50', '2026-03-10 18:46:50'),
(129, 'LED-202603-0040', '2026-03-10', 'sales', 'sale', 'App\\Models\\Order', 148, 'ASM1302', 'Sale - Order #ASM1302', 0.00, 830.00, 'easypaisa', 'customer', 71, 'Kh. Hafiza Sakeena Fatima', 2, NULL, '2026-03-10 18:51:48', '2026-03-10 18:51:48'),
(130, 'LED-202603-0041', '2026-03-10', 'sales', 'sale', 'App\\Models\\Order', 149, 'ASM1303', 'Sale - Order #ASM1303', 0.00, 410.00, 'easypaisa', 'customer', 20, 'M Mustafa Sahb', 2, NULL, '2026-03-10 18:54:38', '2026-03-10 18:54:38'),
(131, 'LED-202603-0042', '2026-03-10', 'sales', 'sale', 'App\\Models\\Order', 150, 'ASM1304', 'Sale - Order #ASM1304', 0.00, 950.00, 'easypaisa', 'customer', NULL, 'Walk-in Customer', 2, NULL, '2026-03-10 18:59:29', '2026-03-10 18:59:29'),
(132, 'LED-202603-0043', '2026-03-11', 'sales', 'sale', 'App\\Models\\Order', 151, 'ASM1305', 'Sale - Order #ASM1305', 0.00, 1765.00, 'cod', 'customer', 57, 'ALMufeed Customer', 2, NULL, '2026-03-11 16:52:20', '2026-03-11 16:52:20'),
(133, 'LED-202603-0044', '2026-03-11', 'sales', 'sale', 'App\\Models\\Order', 152, 'ASM1306', 'Sale - Order #ASM1306', 0.00, 3480.00, 'easypaisa', 'customer', 67, 'Kh. Tehzeeb Zahra Bhk', 2, NULL, '2026-03-11 17:13:42', '2026-03-11 17:13:42'),
(134, 'LED-202603-0045', '2026-03-12', 'sales', 'sale', 'App\\Models\\Order', 153, 'ASM1307', 'Sale - Order #ASM1307', 0.00, 1600.00, 'cod', 'customer', NULL, 'Walk-in Customer', 9, NULL, '2026-03-12 08:38:03', '2026-03-12 08:38:03'),
(135, 'LED-202603-0046', '2026-03-12', 'sales', 'sale', 'App\\Models\\Order', 154, 'ASM1308', 'Sale - Order #ASM1308', 0.00, 2200.00, 'cash', 'customer', NULL, 'Walk-in Customer', 9, NULL, '2026-03-12 12:22:40', '2026-03-12 12:22:40'),
(136, 'LED-202603-0047', '2026-03-12', 'sales', 'sale', 'App\\Models\\Order', 155, 'ASM1309', 'Sale - Order #ASM1309', 0.00, 4525.00, 'easypaisa', 'customer', 23, 'Kh. Nida Hussain Sahiba', 2, NULL, '2026-03-12 16:07:13', '2026-03-12 16:07:13'),
(137, 'LED-202603-0048', '2026-03-13', 'sales', 'sale', 'App\\Models\\Order', 156, 'ASM1310', 'Sale - Order #ASM1310', 0.00, 2700.00, 'cash', 'customer', NULL, 'Walk-in Customer', 2, NULL, '2026-03-12 19:06:29', '2026-03-12 19:06:29'),
(138, 'LED-202603-0049', '2026-03-13', 'sales', 'sale', 'App\\Models\\Order', 157, 'ASM1310', 'Sale - Order #ASM1310', 0.00, 2700.00, 'cash', 'customer', NULL, 'Walk-in Customer', 2, NULL, '2026-03-12 23:08:55', '2026-03-12 23:08:55'),
(139, 'LED-202603-0050', '2026-03-13', 'sales', 'sale', 'App\\Models\\Order', 158, 'ASM1310', 'Sale - Order #ASM1310', 0.00, 30.00, 'cash', 'customer', NULL, 'Walk-in Customer', 2, NULL, '2026-03-13 00:27:40', '2026-03-13 00:27:40'),
(140, 'LED-202603-0051', '2026-03-13', 'sales', 'sale', 'App\\Models\\Order', 159, 'ASM1307', 'Sale - Order #ASM1307', 0.00, 4525.00, 'easypaisa', 'customer', 23, 'Kh. Nida Hussain Sahiba', 2, NULL, '2026-03-13 13:51:03', '2026-03-13 13:51:03'),
(141, 'LED-202603-0052', '2026-03-13', 'sales', 'sale', 'App\\Models\\Order', 160, 'ASM1308', 'Sale - Order #ASM1308', 0.00, 1800.00, 'easypaisa', 'customer', 23, 'Kh. Nida Hussain Sahiba', 2, NULL, '2026-03-13 16:24:15', '2026-03-13 16:24:15'),
(142, 'LED-202603-0053', '2026-03-14', 'sales', 'sale', 'App\\Models\\Order', 161, 'ASM1309', 'Sale - Order #ASM1309', 0.00, 2700.00, 'cash', 'customer', NULL, 'Walk-in Customer', 2, NULL, '2026-03-13 23:15:48', '2026-03-13 23:15:48'),
(143, 'LED-202603-0054', '2026-03-14', 'sales', 'sale', 'App\\Models\\Order', 162, 'ASM1309', 'Sale - Order #ASM1309', 0.00, 5150.00, 'easypaisa', 'customer', 72, 'Kh Arooj Fatima', 2, NULL, '2026-03-14 11:40:24', '2026-03-14 11:40:24'),
(144, 'LED-202603-0055', '2026-03-14', 'sales', 'sale', 'App\\Models\\Order', 163, 'ASM1310', 'Sale - Order #ASM1310', 0.00, 3150.00, 'easypaisa', 'customer', 72, 'Kh Arooj Fatima', 2, NULL, '2026-03-14 11:45:43', '2026-03-14 11:45:43'),
(145, 'LED-202603-0056', '2026-03-14', 'sales', 'sale', 'App\\Models\\Order', 164, 'ASM1311', 'Sale - Order #ASM1311', 0.00, 400.00, 'easypaisa', 'customer', 23, 'Kh. Nida Hussain Sahiba', 2, NULL, '2026-03-14 12:34:43', '2026-03-14 12:34:43'),
(146, 'LED-202603-0057', '2026-03-15', 'sales', 'sale', 'App\\Models\\Order', 165, 'AMM313', 'Sale - Order #AMM313', 0.00, 5400.00, 'cash', 'customer', NULL, 'Walk-in Customer', 2, NULL, '2026-03-15 05:39:33', '2026-03-15 05:39:33'),
(147, 'LED-202603-0058', '2026-03-15', 'sales', 'sale', 'App\\Models\\Order', 166, 'AMM313', 'Sale - Order #AMM313', 0.00, 5400.00, 'cash', 'customer', NULL, 'Walk-in Customer', 2, NULL, '2026-03-15 05:43:36', '2026-03-15 05:43:36');

-- --------------------------------------------------------

--
-- Table structure for table `login_histories`
--

CREATE TABLE `login_histories` (
  `id` bigint UNSIGNED NOT NULL,
  `user_id` bigint UNSIGNED NOT NULL,
  `ip_address` varchar(255) COLLATE utf8mb4_unicode_ci NOT NULL,
  `user_agent` text COLLATE utf8mb4_unicode_ci NOT NULL,
  `login_at` timestamp NOT NULL DEFAULT CURRENT_TIMESTAMP ON UPDATE CURRENT_TIMESTAMP,
  `logout_at` timestamp NULL DEFAULT NULL,
  `created_at` timestamp NULL DEFAULT NULL,
  `updated_at` timestamp NULL DEFAULT NULL
) ENGINE=InnoDB DEFAULT CHARSET=utf8mb4 COLLATE=utf8mb4_unicode_ci;

-- --------------------------------------------------------

--
-- Table structure for table `migrations`
--

CREATE TABLE `migrations` (
  `id` int UNSIGNED NOT NULL,
  `migration` varchar(255) COLLATE utf8mb4_unicode_ci NOT NULL,
  `batch` int NOT NULL
) ENGINE=InnoDB DEFAULT CHARSET=utf8mb4 COLLATE=utf8mb4_unicode_ci;

--
-- Dumping data for table `migrations`
--

INSERT INTO `migrations` (`id`, `migration`, `batch`) VALUES
(1, '0001_01_01_000000_create_users_table', 1),
(2, '0001_01_01_000001_create_cache_table', 1),
(3, '0001_01_01_000002_create_jobs_table', 1),
(4, '2025_06_23_220555_create_employees_table', 1),
(5, '2025_06_23_220621_create_categories_table', 1),
(6, '2025_06_23_220726_create_products_table', 1),
(7, '2025_06_23_220735_create_product_variants_table', 1),
(8, '2025_06_23_221036_create_customers_table', 1),
(9, '2025_06_23_221056_create_suppliers_table', 1),
(10, '2025_06_23_221315_create_orders_table', 1),
(11, '2025_06_23_221318_create_order_items_table', 1),
(12, '2025_06_23_221439_create_purchases_table', 1),
(13, '2025_06_23_221453_create_purchase_items_table', 1),
(14, '2025_06_23_221602_create_inventory_logs_table', 1),
(15, '2025_06_23_221638_create_expenses_table', 1),
(16, '2025_06_23_221758_create_ecommerce_sync_logs_table', 1),
(17, '2025_06_23_233533_create_permission_tables', 2),
(18, '2025_06_23_234217_create_shifts_table', 3),
(19, '2025_06_23_234436_create_attendances_table', 3),
(20, '2025_06_23_235426_create_login_histories_table', 3),
(21, '2025_06_24_203557_add_role_to_users_table', 4),
(22, '2025_06_27_000328_add_action_and_details_to_inventory_logs_table', 5),
(23, '2025_06_28_010904_create_payments_table', 6),
(24, '2025_06_28_010959_create_refunds_table', 6),
(25, '2025_06_28_011024_create_receipts_table', 6),
(26, '2025_06_28_111040_add_tax_rate_to_orders_table', 7),
(27, '2025_06_28_112028_update_orders_table_with_defaults', 8),
(28, '2025_06_28_125555_add_track_inventory_to_products_table', 9),
(29, '2025_09_12_222416_create_payrolls_table', 10),
(30, '2025_09_12_233404_create_attendance_sessions_table', 11),
(31, '2025_09_12_234200_update_attendances_table_add_session_and_halfday', 12),
(32, '2025_09_14_161559_add_hours_to_payrolls_table', 13),
(33, '2025_09_14_164337_add_prices_and_customer_type', 14),
(34, '2025_09_14_183502_create_branches_table', 15),
(35, '2026_02_08_180627_create_units_table', 16),
(36, '2026_02_11_235547_create_credit_ledgers_table', 17),
(37, '2026_02_11_235612_create_credit_transactions_table', 18),
(38, '2026_02_12_001127_add_credit_permissions', 19),
(39, '2026_03_01_223544_create_ledger_entries_table', 20),
(40, '2026_03_01_234508_add_balance_columns_to_orders_table', 21),
(41, '2026_03_02_090458_add_payment_type_and_make_order_nullable_to_payments_table', 22),
(42, '2026_03_02_093300_create_ledger_accounts_table', 23),
(43, '2026_03_12_100000_safe_deploy_all_changes', 24),
(44, '2026_03_15_120000_add_logo_to_branches_table', 25),
(45, '2026_03_15_150000_create_delivery_charge_slabs_table', 26),
(46, '2026_03_15_160000_add_dispatch_method_id_to_delivery_charge_slabs', 27);

-- --------------------------------------------------------

--
-- Table structure for table `model_has_permissions`
--

CREATE TABLE `model_has_permissions` (
  `permission_id` bigint UNSIGNED NOT NULL,
  `model_type` varchar(255) COLLATE utf8mb4_unicode_ci NOT NULL,
  `model_id` bigint UNSIGNED NOT NULL
) ENGINE=InnoDB DEFAULT CHARSET=utf8mb4 COLLATE=utf8mb4_unicode_ci;

-- --------------------------------------------------------

--
-- Table structure for table `model_has_roles`
--

CREATE TABLE `model_has_roles` (
  `role_id` bigint UNSIGNED NOT NULL,
  `model_type` varchar(255) COLLATE utf8mb4_unicode_ci NOT NULL,
  `model_id` bigint UNSIGNED NOT NULL
) ENGINE=InnoDB DEFAULT CHARSET=utf8mb4 COLLATE=utf8mb4_unicode_ci;

--
-- Dumping data for table `model_has_roles`
--

INSERT INTO `model_has_roles` (`role_id`, `model_type`, `model_id`) VALUES
(1, 'App\\Models\\User', 1),
(1, 'App\\Models\\User', 2),
(5, 'App\\Models\\User', 2),
(1, 'App\\Models\\User', 6),
(2, 'App\\Models\\User', 7),
(1, 'App\\Models\\User', 8),
(1, 'App\\Models\\User', 9),
(2, 'App\\Models\\User', 10);

-- --------------------------------------------------------

--
-- Table structure for table `orders`
--

CREATE TABLE `orders` (
  `id` bigint UNSIGNED NOT NULL,
  `branch_id` bigint UNSIGNED DEFAULT NULL,
  `order_number` varchar(255) COLLATE utf8mb4_unicode_ci NOT NULL,
  `customer_id` bigint UNSIGNED DEFAULT NULL,
  `customer_type` varchar(355) COLLATE utf8mb4_unicode_ci DEFAULT NULL,
  `user_id` bigint UNSIGNED DEFAULT NULL,
  `order_type` enum('pos','online') COLLATE utf8mb4_unicode_ci NOT NULL DEFAULT 'pos',
  `subtotal` decimal(10,2) DEFAULT '0.00',
  `tax` decimal(10,2) DEFAULT '0.00',
  `discount` decimal(10,2) DEFAULT '0.00',
  `delivery_charges` decimal(10,2) DEFAULT NULL,
  `weight` decimal(8,2) DEFAULT NULL,
  `total` decimal(10,2) DEFAULT '0.00',
  `paid_amount` decimal(10,2) NOT NULL DEFAULT '0.00',
  `previous_balance` decimal(10,2) NOT NULL DEFAULT '0.00',
  `balance_amount` decimal(10,2) NOT NULL DEFAULT '0.00',
  `payment_method` varchar(255) COLLATE utf8mb4_unicode_ci DEFAULT NULL,
  `payment_status` varchar(255) COLLATE utf8mb4_unicode_ci DEFAULT 'pending',
  `status` enum('pending','completed','cancelled','refunded') COLLATE utf8mb4_unicode_ci NOT NULL DEFAULT 'completed',
  `notes` text COLLATE utf8mb4_unicode_ci,
  `tax_rate` decimal(5,2) NOT NULL DEFAULT '10.00',
  `created_at` timestamp NULL DEFAULT NULL,
  `updated_at` timestamp NULL DEFAULT NULL,
  `dispatch_method` varchar(255) COLLATE utf8mb4_unicode_ci DEFAULT NULL,
  `receipt_token` varchar(2555) COLLATE utf8mb4_unicode_ci DEFAULT NULL,
  `tracking_id` varchar(255) COLLATE utf8mb4_unicode_ci DEFAULT NULL,
  `payment_type` enum('cash','credit','cod','jazzcash','easypaisa','bank','card') COLLATE utf8mb4_unicode_ci NOT NULL,
  `credit_status` enum('none','pending','partial','paid','overdue') COLLATE utf8mb4_unicode_ci NOT NULL,
  `credit_ledger_id` int UNSIGNED DEFAULT NULL,
  `credit_due_date` date DEFAULT NULL,
  `credit_paid_amount` decimal(12,2) NOT NULL DEFAULT '0.00',
  `credit_remaining_amount` decimal(12,2) DEFAULT '0.00'
) ENGINE=InnoDB DEFAULT CHARSET=utf8mb4 COLLATE=utf8mb4_unicode_ci;

--
-- Dumping data for table `orders`
--

INSERT INTO `orders` (`id`, `branch_id`, `order_number`, `customer_id`, `customer_type`, `user_id`, `order_type`, `subtotal`, `tax`, `discount`, `delivery_charges`, `weight`, `total`, `paid_amount`, `previous_balance`, `balance_amount`, `payment_method`, `payment_status`, `status`, `notes`, `tax_rate`, `created_at`, `updated_at`, `dispatch_method`, `receipt_token`, `tracking_id`, `payment_type`, `credit_status`, `credit_ledger_id`, `credit_due_date`, `credit_paid_amount`, `credit_remaining_amount`) VALUES
(61, 1, 'ORD-202512290002', 13, NULL, 2, 'pos', 2250.00, 0.00, 0.00, 350.00, 2.40, 2600.00, 0.00, 0.00, 0.00, 'easypaisa', 'pending', 'completed', '', 0.00, '2025-12-29 04:47:10', '2025-12-29 04:47:10', 'Pak Post', 'Gs7QLhVf0i6dixxLWKjaN3cerrOi1g2O', 'PAR16354582', 'cash', 'none', NULL, NULL, 0.00, 0.00),
(62, 1, 'ORD-202512310001', 16, NULL, 2, 'pos', 600.00, 0.00, 0.00, 400.00, 0.12, 1000.00, 0.00, 0.00, 0.00, 'easypaisa', 'pending', 'completed', '', 0.00, '2025-12-31 06:04:49', '2025-12-31 06:04:49', 'TCS', 'uAvuU7fVIptwtuumHUHJZgbG26z0zBl3', '774891300351', 'cash', 'none', NULL, NULL, 0.00, 0.00),
(63, 1, 'ORD-202512310002', 17, NULL, 2, 'pos', 850.00, 0.00, 0.00, 200.00, 0.84, 1050.00, 0.00, 0.00, 0.00, 'easypaisa', 'pending', 'completed', '', 0.00, '2025-12-31 06:19:29', '2025-12-31 06:19:29', 'TCS', 'PPR3b6bMKdAtyMaXWj0fmU4UPbjP6FOj', '774891300350', 'cash', 'none', NULL, NULL, 0.00, 0.00),
(64, 1, 'ORD-202512310003', NULL, NULL, 2, 'pos', 800.00, 0.00, 0.00, 200.00, 0.00, 1000.00, 0.00, 0.00, 0.00, 'easypaisa', 'pending', 'completed', '', 0.00, '2025-12-31 07:09:49', '2025-12-31 07:09:49', 'TCS', '7RDgYWuFLzeLjEwck2UgvG1WtGyUFQBd', '774891300349', 'cash', 'none', NULL, NULL, 0.00, 0.00),
(65, 1, 'ORD-202601050001', 15, NULL, 7, 'pos', 135.00, 0.00, 0.00, 115.00, 0.10, 250.00, 0.00, 0.00, 0.00, 'easypaisa', 'pending', 'completed', '', 0.00, '2026-01-04 22:27:14', '2026-01-04 22:27:14', 'Pak Post', 'HtW6R44kCmBESHtt8V5dpSCCNwb0OPqw', 'RGL162035406', 'cash', 'none', NULL, NULL, 0.00, 0.00),
(66, 1, 'ORD-202601060001', 21, NULL, 2, 'pos', 1850.00, 0.00, 0.00, 350.00, 1.13, 2200.00, 0.00, 0.00, 0.00, 'easypaisa', 'pending', 'completed', '', 0.00, '2026-01-06 05:01:22', '2026-01-06 05:01:22', 'Pak Post', 'sThFIK4jzJD6rUJQ3jn5ko01Heics4Or', 'PAR16354589', 'cash', 'none', NULL, NULL, 0.00, 0.00),
(67, 1, 'ORD-202601090001', NULL, NULL, 2, 'pos', 3799.00, 0.00, 0.00, 201.00, 1.30, 4000.00, 0.00, 0.00, 0.00, 'jazzcash', 'pending', 'completed', '', 0.00, '2026-01-09 05:07:24', '2026-01-09 05:07:25', 'TCS', 'j5LJKEbjcPZL9NNCkxjubWoxfbksnY7y', '774891300381', 'cash', 'none', NULL, NULL, 0.00, 0.00),
(68, 1, 'ORD-202601150001', 30, NULL, 2, 'pos', 300.00, 0.00, 0.00, 0.00, 0.00, 300.00, 0.00, 0.00, 0.00, 'cash', 'pending', 'completed', '', 0.00, '2026-01-15 04:28:26', '2026-01-15 04:28:26', 'Self Pickup', 'tKOufN9jVx8nvZDqrPhuZr9Y64leMSup', NULL, 'cash', 'none', NULL, NULL, 0.00, 0.00),
(69, 1, 'ORD-202601150002', 30, NULL, 2, 'pos', 300.00, 0.00, 0.00, 0.00, 0.00, 300.00, 0.00, 0.00, 0.00, 'cash', 'pending', 'completed', '', 0.00, '2026-01-15 04:33:52', '2026-01-15 04:33:52', 'Self Pickup', '29Axj9VgrLH8S8s0WBRnTvf7v045AgLd', NULL, 'cash', 'none', NULL, NULL, 0.00, 0.00),
(71, 1, 'ORD-202601150003', NULL, NULL, 2, 'pos', 400.00, 0.00, 0.00, 0.00, 0.00, 400.00, 0.00, 0.00, 0.00, 'cash', 'pending', 'completed', '', 0.00, '2026-01-15 04:33:54', '2026-01-15 04:33:54', 'Self Pickup', 'yvInUOcyH0srHrIDSyCfBWkJ4gW3zdOi', NULL, 'cash', 'none', NULL, NULL, 0.00, 0.00),
(72, 1, 'ORD-202601150004', 30, NULL, 2, 'pos', 300.00, 0.00, 0.00, 0.00, 0.00, 300.00, 0.00, 0.00, 0.00, 'cash', 'pending', 'completed', '', 0.00, '2026-01-15 04:41:13', '2026-01-15 04:41:13', 'Self Pickup', 'w70uN2mW85B3NPau44xcFamhlQvLNiF1', NULL, 'cash', 'none', NULL, NULL, 0.00, 0.00),
(73, 1, 'ORD-202601150005', NULL, NULL, 2, 'pos', 2200.00, 0.00, 0.00, 200.00, 2.40, 2400.00, 0.00, 0.00, 0.00, 'easypaisa', 'pending', 'completed', '', 0.00, '2026-01-15 04:43:12', '2026-01-15 04:43:12', 'Pak Post', 'VzMurrTfAjfzZqMFXPsaLHtDNuBfYdUe', 'PAR16354598', 'cash', 'none', NULL, NULL, 0.00, 0.00),
(74, 1, 'ORD-202601150006', 13, NULL, 2, 'pos', 2200.00, 0.00, 0.00, 200.00, 2.40, 2400.00, 0.00, 0.00, 0.00, 'easypaisa', 'pending', 'completed', '', 0.00, '2026-01-15 05:12:17', '2026-01-15 05:12:17', 'Pak Post', 'yDgxvAc6Fr3lE9M4eFp4ZOukfCNiQNyn', 'PAR16354598', 'cash', 'none', NULL, NULL, 0.00, 0.00),
(75, 1, 'ORD-202601150007', 6, NULL, 2, 'pos', 620.00, 0.00, 40.00, 250.00, 0.47, 830.00, 0.00, 0.00, 0.00, 'jazzcash', 'pending', 'completed', '', 0.00, '2026-01-15 06:58:18', '2026-01-15 06:58:18', 'Pak Post', '5iSRM1AHnOgUgEklyxQ8ZhDi2fUeCqj1', 'RGL162035416', 'cash', 'none', NULL, NULL, 0.00, 0.00),
(76, 1, 'ORD-202601150008', 32, NULL, 2, 'pos', 3390.00, 0.00, 0.00, 210.00, 0.10, 3600.00, 0.00, 0.00, 0.00, 'easypaisa', 'pending', 'completed', '', 0.00, '2026-01-15 07:40:32', '2026-01-15 07:40:32', 'TCS', 'g36TQoGrFoDFIPXlbiJK3FTDYdBW6A6v', 'PAR16354599', 'cash', 'none', NULL, NULL, 0.00, 0.00),
(77, 1, 'ORD-202601160001', 15, NULL, 2, 'pos', 400.00, 0.00, 0.00, 150.00, 0.08, 550.00, 0.00, 0.00, 0.00, 'easypaisa', 'pending', 'completed', '', 0.00, '2026-01-15 21:06:44', '2026-01-15 21:06:44', 'Pak Post', '3FW1y1oLvdNnWsTtHIVvJDJyxCnsqY4j', 'RGL162035418', 'cash', 'none', NULL, NULL, 0.00, 0.00),
(78, 1, 'ORD-202601160002', 36, NULL, 2, 'pos', 3050.00, 0.00, 400.00, 200.00, 0.40, 2850.00, 0.00, 0.00, 0.00, 'easypaisa', 'pending', 'completed', '', 0.00, '2026-01-16 02:59:39', '2026-01-16 02:59:39', 'Pak Post', 'MehcDkvvRTCVAfjaJAme7v75VvF1iPaG', 'RGL162035413', 'cash', 'none', NULL, NULL, 0.00, 0.00),
(79, 1, 'ORD-202601180001', 7, NULL, 2, 'pos', 380.00, 0.00, 0.00, 150.00, 0.06, 530.00, 0.00, 0.00, 0.00, 'jazzcash', 'pending', 'completed', '', 0.00, '2026-01-17 19:54:11', '2026-01-17 19:54:11', 'Pak Post', 'oYDfc48ruJBdGaSeM0EX44ulSoQVhWb6', NULL, 'cash', 'none', NULL, NULL, 0.00, 0.00),
(81, 1, 'ORD-202601190001', NULL, NULL, 2, 'pos', 3799.00, 0.00, 0.00, 201.00, 1.30, 4000.00, 0.00, 0.00, 0.00, 'easypaisa', 'pending', 'completed', '', 0.00, '2026-01-18 21:18:32', '2026-01-18 21:18:32', 'TCS', 'f5lyl04AmJxoZpAhziXmaOF7dJtjOgI7', '774891300381', 'cash', 'none', NULL, NULL, 0.00, 0.00),
(82, 1, 'ORD-202601190002', 39, NULL, 2, 'pos', 1850.00, 0.00, 0.00, 150.00, 1.13, 2000.00, 0.00, 0.00, 0.00, 'easypaisa', 'pending', 'completed', '', 0.00, '2026-01-19 00:23:20', '2026-01-19 00:23:20', 'Pak Post', '0gUaCl5WDCWEFdOP3GU0rOX3nWMd8N71', 'par16354589', 'cash', 'none', NULL, NULL, 0.00, 0.00),
(83, 1, 'ORD-202601190003', 41, NULL, 2, 'pos', 1165.00, 0.00, 100.00, 400.00, 1.80, 1465.00, 0.00, 0.00, 0.00, 'easypaisa', 'pending', 'completed', '', 0.00, '2026-01-19 01:28:53', '2026-01-19 01:28:53', 'TCS', 'S54kOxVqbAblXDhSqP780zRnwfJk9Shq', '774891300346', 'cash', 'none', NULL, NULL, 0.00, 0.00),
(84, 1, 'ORD-202601190004', NULL, NULL, 2, 'pos', 5998.00, 0.00, 0.00, 252.00, 2.00, 6250.00, 0.00, 0.00, 0.00, 'easypaisa', 'pending', 'completed', '', 0.00, '2026-01-19 01:39:06', '2026-01-19 01:39:06', 'TCS', '29mghH0E3S88pPZjR92VK0T55zKkgH0Q', '774891300325', 'cash', 'none', NULL, NULL, 0.00, 0.00),
(85, 1, 'ORD-202601190005', NULL, NULL, 2, 'pos', 2600.00, 0.00, 0.00, 300.00, 3.43, 2900.00, 0.00, 0.00, 0.00, 'easypaisa', 'pending', 'completed', '', 0.00, '2026-01-19 01:49:03', '2026-01-19 01:49:03', 'Pak Post', 'rh6Z1XMSuAhNuJUSAmjyP9Yh2PSHxgqi', 'PAR16354577', 'cash', 'none', NULL, NULL, 0.00, 0.00),
(86, 1, 'ORD-202601190006', 13, NULL, 2, 'pos', 1400.00, 0.00, 0.00, 400.00, 0.60, 1800.00, 0.00, 0.00, 0.00, 'easypaisa', 'pending', 'completed', '', 0.00, '2026-01-19 02:07:40', '2026-01-19 02:07:40', 'TCS-COD', 'ixnOofsSFdi1l6xyyG0Z9vgjjcwjw6v8', '774891300287', 'cash', 'none', NULL, NULL, 0.00, 0.00),
(87, 1, 'ORD-202601190007', 44, NULL, 2, 'pos', 1990.00, 0.00, 110.00, 220.00, 0.57, 2100.00, 0.00, 0.00, 0.00, 'easypaisa', 'pending', 'completed', '', 0.00, '2026-01-19 03:13:33', '2026-01-19 03:13:33', 'Pak Post', '1G1qOabqRJiiKJUNLJa13GBlHCMwZfRY', 'PAR16354600', 'cash', 'none', NULL, NULL, 0.00, 0.00),
(89, 1, 'ORD-202601200001', NULL, NULL, 2, 'pos', 450.00, 0.00, 0.00, 0.00, 0.48, 450.00, 0.00, 0.00, 0.00, 'easypaisa', 'pending', 'completed', '', 0.00, '2026-01-19 20:33:45', '2026-01-19 20:33:45', 'TCS', 'GfS95gCnVoq9LQ9ThbN9HDjcWSxvikQt', '774891300372', 'cash', 'none', NULL, NULL, 0.00, 0.00),
(90, 1, 'ORD-202601200002', NULL, NULL, 2, 'pos', 450.00, 0.00, 0.00, 0.00, 0.48, 450.00, 0.00, 0.00, 0.00, 'easypaisa', 'pending', 'completed', '', 0.00, '2026-01-19 20:42:57', '2026-01-19 20:42:57', 'TCS', 'X6aAnlVehuhshkkDPBJxDKb56Bt7IbKB', '774891300365', 'cash', 'none', NULL, NULL, 0.00, 0.00),
(91, 1, 'ORD-202601200003', NULL, NULL, 2, 'pos', 450.00, 0.00, 0.00, 0.00, 0.48, 450.00, 0.00, 0.00, 0.00, 'easypaisa', 'pending', 'completed', '', 0.00, '2026-01-19 20:47:48', '2026-01-19 20:47:48', 'TCS', 'dLj2VTR4i83zO82py7zBeyhcmQqw4O93', '774891300364', 'cash', 'none', NULL, NULL, 0.00, 0.00),
(92, 1, 'ORD-202601200004', NULL, NULL, 2, 'pos', 450.00, 0.00, 0.00, 0.00, 0.48, 450.00, 0.00, 0.00, 0.00, 'easypaisa', 'pending', 'completed', '', 0.00, '2026-01-19 20:51:29', '2026-01-19 20:51:29', 'TCS', 'JiiYtBVTglpSmwksAIHKS7E1neZGTJae', '774891300363', 'cash', 'none', NULL, NULL, 0.00, 0.00),
(93, 1, 'ORD-202601200005', NULL, NULL, 2, 'pos', 450.00, 0.00, 0.00, 0.00, 0.48, 450.00, 0.00, 0.00, 0.00, 'easypaisa', 'pending', 'completed', '', 0.00, '2026-01-19 20:56:10', '2026-01-19 20:56:10', 'TCS', 'TNUKDIDGBAy3KnTtQrcLSYpDTBCqh7I5', '774891300362', 'cash', 'none', NULL, NULL, 0.00, 0.00),
(94, 1, 'ORD-202601200006', NULL, NULL, 2, 'pos', 450.00, 0.00, 0.00, 50.00, 0.48, 500.00, 0.00, 0.00, 0.00, 'easypaisa', 'pending', 'completed', '', 0.00, '2026-01-19 21:01:04', '2026-01-19 21:01:04', 'Pak Post', 'r1RrZxFICavGZ1fJZCFNxZmpvPqGU8Pw', 'RGL162035405', 'cash', 'none', NULL, NULL, 0.00, 0.00),
(95, 1, 'ORD-202601220001', NULL, NULL, 2, 'pos', 2400.00, 0.00, 400.00, 200.00, 0.00, 2200.00, 0.00, 0.00, 0.00, 'easypaisa', 'pending', 'completed', '', 0.00, '2026-01-21 20:46:17', '2026-01-21 20:46:17', 'Pak Post', 'Pthih6zlu3ohlrKSkA2Eef4JzTFJKWWX', 'RGL162035421', 'cash', 'none', NULL, NULL, 0.00, 0.00),
(96, 1, 'ORD-202601220002', 36, NULL, 2, 'pos', 6100.00, 0.00, 600.00, 0.00, 0.80, 5500.00, 0.00, 0.00, 0.00, 'easypaisa', 'pending', 'completed', '', 0.00, '2026-01-21 21:06:55', '2026-01-21 21:06:55', 'Pak Post', 'gi36sbjCqRIxfgPiE0jf92WPdboCEdDt', '0', 'cash', 'none', NULL, NULL, 0.00, 0.00),
(97, 1, 'ORD-202601220003', NULL, NULL, 2, 'pos', 5000.00, 0.00, 0.00, 300.00, 0.00, 5300.00, 0.00, 0.00, 0.00, 'easypaisa', 'pending', 'completed', '', 0.00, '2026-01-21 21:22:06', '2026-01-21 21:22:06', 'Pak Post', 'Q9Wb1ZU4qYSaIjCsLKQQsf0SzQ8qbdQ0', 'PAR16354556', 'cash', 'none', NULL, NULL, 0.00, 0.00),
(98, 1, 'ORD-202601220004', NULL, NULL, 2, 'pos', 2400.00, 0.00, 0.00, 950.00, 0.00, 3350.00, 0.00, 0.00, 0.00, 'cod', 'pending', 'completed', '', 0.00, '2026-01-21 22:21:21', '2026-01-21 22:21:21', 'TCS-COD', 'iAKwkGOvdDBkDHZWUY3EalnFsYeqPU5P', '774891300172', 'cash', 'none', NULL, NULL, 0.00, 0.00),
(101, 1, 'ORD-202602090001', 7, 'reseller', 2, 'pos', 2200.00, 0.00, 0.00, 200.00, 2.40, 2400.00, 0.00, 0.00, 0.00, 'cash', 'pending', 'completed', NULL, 0.00, '2026-02-08 15:29:27', '2026-02-08 15:29:27', 'TCS', 'jSQ9ENcabfU0HXCe9qX2UyejqXqXA1dc', '77481900875', 'cash', 'none', NULL, NULL, 0.00, 0.00),
(102, 1, 'ORD-202602110001', 55, 'reseller', 2, 'pos', 700.00, 0.00, 0.00, 150.00, 0.00, 850.00, 0.00, 0.00, 0.00, 'jazzcash', 'pending', 'completed', NULL, 0.00, '2026-02-10 16:13:37', '2026-02-10 16:13:37', 'Pak Post', 'TOYjv89LxWCliIvGyJpT9ylNyJAh7Qnq', 'RGL162035437', 'cash', 'none', NULL, NULL, 0.00, 0.00),
(103, 1, 'ORD-202602110002', NULL, 'walkin', 7, 'pos', 400.00, 0.00, 0.00, 0.00, 0.15, 400.00, 0.00, 0.00, 0.00, 'cash', 'pending', 'completed', NULL, 0.00, '2026-02-11 02:41:36', '2026-02-11 02:41:36', 'Self Pickup', 'wWiLMSaSYv847qr1wccXmZVcDZRF0jNx', NULL, 'cash', 'none', NULL, NULL, 0.00, 0.00),
(104, 1, 'ORD-202602120001', 6, 'reseller', 2, 'pos', 1100.00, 0.00, 0.00, 200.00, 0.10, 1300.00, 0.00, 0.00, 0.00, 'easypaisa', 'pending', 'completed', NULL, 0.00, '2026-02-11 16:15:11', '2026-02-11 16:15:11', 'TCS', 'QawiPiKF4c1KAd3mWa1ssycvOfwtjIj9', '774891300467', 'cash', 'none', NULL, NULL, 0.00, 0.00),
(105, 1, 'ORD-202602120002', 13, 'reseller', 2, 'pos', 220.00, 0.00, 0.00, 120.00, 0.15, 340.00, 0.00, 0.00, 0.00, 'jazzcash', 'pending', 'completed', NULL, 0.00, '2026-02-11 16:31:33', '2026-02-11 16:31:33', 'Pak Post', 'rgVjXtcbLxTuZegWzcJOapKbhfFjGXBY', 'RGL162035441', 'cash', 'none', NULL, NULL, 0.00, 0.00),
(106, 1, 'ORD-202602120003', 13, 'reseller', 2, 'pos', 1449.00, 0.00, 0.00, 200.00, 1.00, 1649.00, 0.00, 0.00, 0.00, 'easypaisa', 'pending', 'completed', NULL, 0.00, '2026-02-11 16:54:26', '2026-02-11 16:54:26', 'Pak Post', 'Gvc7kr6xDFoN3e2IOg5uzYNXMsFjtgO8', 'RGL162035442', 'cash', 'none', NULL, NULL, 0.00, 0.00),
(107, 1, 'ORD-202602130001', 57, 'customer', 2, 'pos', 1000.00, 0.00, 50.00, 150.00, 0.00, 1100.00, 0.00, 0.00, 0.00, 'easypaisa', 'pending', 'completed', NULL, 0.00, '2026-02-12 18:49:52', '2026-02-12 18:49:52', 'Pak Post', 'RXSqDlqa1ZQImkbna7uHr0lnfYObdwc0', 'RGL162035443', 'cash', 'none', NULL, NULL, 0.00, 0.00),
(112, 1, 'ORD-202603030003', 58, 'reseller', 7, 'pos', 8000.00, 0.00, 0.00, 9400.00, 1.00, 17400.00, 17400.00, -38300.00, 0.00, 'easypaisa', 'pending', 'completed', NULL, 0.00, '2026-03-03 02:35:07', '2026-03-08 02:23:04', 'TCS', '1FPIJ4kWoHxHgA3blbbifeYxZDbXgrh5', 'Shippit:1107081', 'cash', 'none', NULL, NULL, 0.00, 0.00),
(113, 1, 'ORD-202603030004', 58, 'reseller', 7, 'pos', 8000.00, 0.00, 0.00, 9400.00, 1.00, 17400.00, 0.00, -38300.00, 17400.00, 'cash', 'pending', 'completed', NULL, 0.00, '2026-03-03 02:40:04', '2026-03-08 02:23:04', 'TCS', 'T6kxNv1p3vc5jqhzB2pJIYj1y1Ct67PM', 'Shippit:1107081', 'cash', 'none', NULL, NULL, 0.00, 0.00),
(114, 1, 'ORD-202603030005', 58, 'reseller', 7, 'pos', 1800.00, 0.00, 0.00, 19100.00, 1.00, 20900.00, 0.00, -20900.00, 20900.00, 'easypaisa', 'pending', 'completed', NULL, 0.00, '2026-03-03 02:42:05', '2026-03-08 02:23:04', 'TCS', 'TQI4kH2ffGkxor3VzUPjAO0vY4xctuEu', 'Shippit', 'cash', 'none', NULL, NULL, 0.00, 0.00),
(118, 1, 'ASM1272', 59, 'reseller', 2, 'pos', 5005.00, 0.00, 0.00, 225.00, 1.35, 5230.00, 4960.00, 0.00, 270.00, 'easypaisa', 'pending', 'completed', NULL, 0.00, '2026-03-07 06:20:15', '2026-03-07 06:20:15', 'Pak Post', 'KQlYS5UfB9PMqtnbLTWL98Qlu1h9x3gv', 'PAR16354715', 'cash', 'none', NULL, NULL, 0.00, 0.00),
(119, 1, 'ASM1273', 57, 'customer', 2, 'pos', 450.00, 0.00, 0.00, 150.00, 0.27, 600.00, 600.00, 0.00, 0.00, 'easypaisa', 'pending', 'completed', 'To, Syeda Atia Zainab Sahiba', 0.00, '2026-03-07 06:32:00', '2026-03-07 06:32:00', 'Pak Post', 'AzIDUb4q9B49QQoYOWyuomHPiVJvNePY', 'RGL16343528', 'cash', 'none', NULL, NULL, 0.00, 0.00),
(120, 1, 'ASM1274', 57, 'customer', 2, 'pos', 3800.00, 0.00, 0.00, 200.00, 0.40, 4000.00, 300.00, 3250.36, 3700.00, 'cod', 'pending', 'completed', 'To, Saqlain Abbas Sahb, Mandi Bahau Din', 0.00, '2026-03-07 06:39:50', '2026-03-11 01:13:27', 'Pak Post', 'VbVJoXSf1CrJ3rqXiNSlHJ5L3RIvbfiW', 'VPP12381524', 'cash', 'none', NULL, NULL, 0.00, 0.00),
(121, 1, 'ASM1275', 57, 'customer', 2, 'pos', 150.00, 7.50, 7.14, 200.00, 0.08, 350.36, 0.00, 3700.00, 350.36, 'cod', 'pending', 'completed', 'To, Shahbaz Ali Sahb, Kashmore', 5.00, '2026-03-07 06:53:56', '2026-03-08 02:23:04', 'Pak Post', 'Xt0jNP8es4vtjfx0aVe2DQaYreqzL0kc', '24564010000016', 'cash', 'none', NULL, NULL, 0.00, 0.00),
(122, 1, 'ASM1276', NULL, 'walkin', 2, 'pos', 900.00, 0.00, 0.00, 200.00, 0.16, 1100.00, 1100.00, 0.00, 0.00, 'easypaisa', 'pending', 'completed', 'To, Manzar Ali Sahb, Kohat', 0.00, '2026-03-07 15:39:02', '2026-03-07 15:47:01', 'Pak Post', '3gNnI3owzdc7S0VIprqh7GtmBSXt5jf8', 'RGL16343529', 'cash', 'none', NULL, NULL, 0.00, 0.00),
(123, 1, 'ASM1277', 60, 'reseller', 2, 'pos', 2250.00, 0.00, 0.00, 0.00, 2.40, 2250.00, 3000.00, 0.00, 0.00, 'jazzcash', 'pending', 'completed', 'To: M Saqlain, Paki Shah Mardan', 0.00, '2026-03-07 15:58:14', '2026-03-07 15:58:14', 'Pak Post', '9UEcf8FpyYjjn4FNPNmb7dT1VXT7q3ra', NULL, 'cash', 'none', NULL, NULL, 0.00, 0.00),
(124, 1, 'ASM1278', 61, 'reseller', 2, 'pos', 5185.00, 0.00, 0.00, 0.00, 3.91, 5185.00, 0.00, 0.00, 5185.00, 'pending', 'pending', 'completed', 'M.Hussain sb k zrye bhjwaya 8/3/26', 0.00, '2026-03-07 16:15:35', '2026-03-08 02:23:04', 'Self Pickup', 'LJaoZY5DovjFwszXe9206Tnbur6RMV7j', NULL, 'cash', 'none', NULL, NULL, 0.00, 0.00),
(125, 1, 'ASM1279', 62, 'reseller', 2, 'pos', 22220.00, 0.00, 1770.00, 650.00, 5.72, 21100.00, 550.00, 0.00, 20550.00, 'easypaisa', 'pending', 'completed', NULL, 0.00, '2026-03-07 16:49:10', '2026-03-07 16:49:10', 'Pak Post', 'LxqjXOriFerylNvlauwxqJhv9y1RV4DG', NULL, 'cash', 'none', NULL, NULL, 0.00, 0.00),
(126, 1, 'ASM1280', 23, 'reseller', 2, 'pos', 295.00, 0.00, 0.00, 265.00, 0.25, 560.00, 560.00, 0.00, 0.00, 'easypaisa', 'pending', 'completed', 'To; Syed Jawad Shah, kandh kot', 0.00, '2026-03-07 16:54:33', '2026-03-13 03:04:32', 'PostEx', 'XeDH3rZbx2NLBju1W6EjJsQQr8Pdbwhr', '25564010000019', 'cash', 'none', NULL, NULL, 0.00, 0.00),
(127, 1, 'ASM1281', 23, 'reseller', 2, 'pos', 350.00, 0.00, 0.00, 150.00, 0.00, 500.00, 650.00, -265.00, 0.00, 'easypaisa', 'pending', 'completed', 'To; Ali Imran Hisbani, Dokri Larkana', 0.00, '2026-03-07 17:02:39', '2026-03-13 03:15:14', 'Pak Post', 'XSaBhdTYH1u97F6I68vFVrCUQRbQYey2', 'RGL165343531', 'cash', 'none', NULL, NULL, 0.00, 0.00),
(128, 1, 'ASM1282', 32, 'reseller', 2, 'pos', 570.00, 0.00, 15.00, 180.00, 0.68, 735.00, 780.00, 0.00, 0.00, 'jazzcash', 'pending', 'completed', 'To; Zahid Ali, Iiaqat Abad Karachi', 0.00, '2026-03-07 17:07:24', '2026-03-13 03:19:26', 'Pak Post', 'cnzYNkar9PMald252BUgB38Y6sBLWiwD', 'RGL165343532', 'cash', 'none', NULL, NULL, 0.00, 0.00),
(129, 1, 'ASM1283', NULL, 'walkin', 2, 'pos', 5800.00, 0.00, 1155.00, 455.00, 1.52, 5100.00, 5100.00, 0.00, 0.00, 'easypaisa', 'pending', 'completed', 'To; Sadoro Jagirani, Qambar Shehdad kot', 0.00, '2026-03-07 19:00:54', '2026-03-13 03:24:26', 'Pak Post', 'BGsl2GcWEv3dzvNrgpuRP03QFPvepd7D', 'PAR16354710', 'cash', 'none', NULL, NULL, 0.00, 0.00),
(130, 1, 'ASM1284', 57, 'customer', 2, 'pos', 2800.00, 0.00, 200.00, 300.00, 0.60, 2900.00, 0.00, 4050.36, 2900.00, 'pending', 'pending', 'completed', 'To: M Irfan Sahb, Multan ', 0.00, '2026-03-07 19:05:01', '2026-03-08 02:23:04', 'PostEx', 'RIV5WwKB3fCY8wLRMx78Vjd5X6d3xaBr', '26564010000018', 'cash', 'none', NULL, NULL, 0.00, 0.00),
(131, 1, 'ASM1285', NULL, 'walkin', 2, 'pos', 1050.00, 0.00, 150.00, 300.00, 0.35, 1200.00, 1200.00, 0.00, 0.00, 'easypaisa', 'pending', 'completed', 'In Process ', 0.00, '2026-03-07 19:12:07', '2026-03-07 19:12:07', 'PostEx', '0re27Zv9aULUsh5RFaGG3qNKmMjlfKqV', NULL, 'cash', 'none', NULL, NULL, 0.00, 0.00),
(132, 1, 'ASM1286', 64, 'wholesale', 2, 'pos', 23930.00, 0.00, 0.00, 830.00, 8.71, 24760.00, 24760.00, -4760.00, 0.00, 'bank', 'pending', 'completed', 'Order in Process', 0.00, '2026-03-08 08:17:25', '2026-03-13 13:47:18', 'Pak Post', 'ySpvUv15Q3l7dMVw1K2r3RzaA34yiwkl', 'PAR16354711', 'cash', 'none', NULL, NULL, 0.00, 0.00),
(133, 1, 'ASM1287', 64, 'wholesale', 2, 'pos', 23750.00, 0.00, 0.00, 650.00, 6.40, 24400.00, 24400.00, 0.00, 0.00, 'bank', 'pending', 'completed', 'To: Sikandae Chandio, Kotri Jamshoro', 0.00, '2026-03-10 06:35:12', '2026-03-13 13:46:42', 'Pak Post', 'ki6kuZHIICI2hDQyVJWSRJlHPaeFxvN1', 'PAR16354759', 'cash', 'none', NULL, NULL, 0.00, 0.00),
(134, 1, 'ASM1288', 23, 'reseller', 2, 'pos', 1900.00, 0.00, 0.00, 300.00, 0.33, 2200.00, 2200.00, -265.00, 0.00, 'easypaisa', 'pending', 'completed', NULL, 0.00, '2026-03-10 15:59:52', '2026-03-10 15:59:52', 'PostEx', 'AgZxIgnppbkbF3SnqRu0nUWyetVG3gBG', NULL, 'cash', 'none', NULL, NULL, 0.00, 0.00),
(135, 1, 'ASM1289', 13, 'reseller', 2, 'pos', 950.00, 0.00, 0.00, 180.00, 0.15, 1130.00, 1100.00, 0.00, 30.00, 'easypaisa', 'pending', 'completed', 'To: Umul Baneen, NawabShah', 0.00, '2026-03-10 16:14:59', '2026-03-10 16:18:34', 'Pak Post', '10Mo8SAszDMlibB73Ec5ID0EN5GnKFm7', 'RGL165343541', 'cash', 'none', NULL, NULL, 0.00, 0.00),
(136, 1, 'ASM1290', 66, 'reseller', 2, 'pos', 12050.00, 0.00, 0.00, 350.00, 0.40, 12400.00, 12000.00, 0.00, 400.00, 'easypaisa', 'pending', 'completed', NULL, 0.00, '2026-03-10 16:53:08', '2026-03-10 16:53:08', 'Pak Post', 'yqaQcHKkc9oMbldNBdS2NZlcPcHiN5Ky', 'PAR16354713', 'cash', 'none', NULL, NULL, 0.00, 0.00),
(137, 1, 'ASM1291', 13, 'reseller', 2, 'pos', 600.00, 0.00, 0.00, 150.00, 0.16, 750.00, 750.00, 30.00, 0.00, 'easypaisa', 'pending', 'completed', NULL, 0.00, '2026-03-10 16:56:24', '2026-03-10 16:56:24', 'Pak Post', 'ZbelA2aVI99z5PUlG80EhoGJdeTciHme', NULL, 'cash', 'none', NULL, NULL, 0.00, 0.00),
(138, 1, 'ASM1292', 6, 'reseller', 2, 'pos', 1200.00, 0.00, 0.00, 180.00, 0.40, 1380.00, 1400.00, 20.00, 0.00, 'jazzcash', 'pending', 'completed', 'To: Mrs Sharjeel Kohro, HaiderAbad Sindh', 0.00, '2026-03-10 17:12:30', '2026-03-11 12:49:34', 'Pak Post', 'XFxNJKHGRq8Y8kfBHaUNcJV0K0jpR2cM', 'RGL16534535', 'cash', 'none', NULL, NULL, 0.00, 0.00),
(139, 1, 'ASM1293', 17, 'reseller', 2, 'pos', 650.00, 0.00, 30.00, 180.00, 0.25, 800.00, 800.00, 0.00, 0.00, 'bank', 'pending', 'completed', 'To: M Hussain, Kaka Gujran Jehlam', 0.00, '2026-03-10 17:21:14', '2026-03-10 17:21:14', 'Pak Post', 'YbYAbpLonMqA4bcderAuL0ycUeeWTW35', 'RGL165343535', 'cash', 'none', NULL, NULL, 0.00, 0.00),
(140, 1, 'ASM1294', 13, 'reseller', 2, 'pos', 1200.00, 60.00, 0.00, 250.00, 0.32, 1510.00, 0.00, 30.00, 1510.00, 'cod', 'pending', 'completed', 'To: Mohsin Raza, HaiderAbad Sindh', 5.00, '2026-03-10 17:25:28', '2026-03-10 17:25:28', 'PostEx', 'SDW4mFAveSuapEYwORbADp63rvXXOhf0', '28564010000020', 'cash', 'none', NULL, NULL, 0.00, 0.00),
(141, 1, 'ASM1295', 13, 'reseller', 2, 'pos', 875.00, 0.00, 0.00, 180.00, 0.52, 1055.00, 1050.00, 1540.00, 5.00, 'easypaisa', 'pending', 'completed', 'To: Fatima Zahra, Karachi', 0.00, '2026-03-10 17:39:45', '2026-03-10 17:39:45', 'Pak Post', 'fD6m00th6n0Tq0HRmCsO5IeqC7NlZoIu', 'RGL165343537', 'cash', 'none', NULL, NULL, 0.00, 0.00),
(142, 1, 'ASM1296', 67, 'reseller', 2, 'pos', 3000.00, 0.00, 0.00, 300.00, 0.80, 3300.00, 2500.00, 0.00, 800.00, 'easypaisa', 'pending', 'completed', 'To: M Aslam, DaryaKhan', 0.00, '2026-03-10 18:07:50', '2026-03-10 18:07:50', 'PostEx', 'bzQjv68OkikryoBLQqtqhqLZxJKaPgRg', NULL, 'cash', 'none', NULL, NULL, 0.00, 0.00),
(143, 1, 'ASM1297', 68, 'reseller', 2, 'pos', 1100.00, 0.00, 0.00, 200.00, 0.10, 1300.00, 1300.00, 0.00, 0.00, 'easypaisa', 'pending', 'completed', 'To: Sajib Abbas, Bhakkar', 0.00, '2026-03-10 18:14:28', '2026-03-10 18:14:28', 'Pak Post', 'R8WjNT1mD74hz80URB2dyN0aJHWDmHNZ', NULL, 'cash', 'none', NULL, NULL, 0.00, 0.00),
(144, 1, 'ASM1298', 69, 'reseller', 2, 'pos', 1100.00, 0.00, 0.00, 300.00, 0.10, 1400.00, 0.00, 0.00, 1400.00, 'pending', 'pending', 'completed', 'To: Zeeshan Haider, Khi', 0.00, '2026-03-10 18:18:07', '2026-03-10 18:18:07', 'Pak Post', 'x0lBYJ2VEYjlP6NCpOv7UjW4JYRQbYRW', NULL, 'cash', 'none', NULL, NULL, 0.00, 0.00),
(145, 1, 'ASM1299', 70, 'reseller', 2, 'pos', 1100.00, 0.00, 0.00, 200.00, 0.10, 1300.00, 1300.00, 0.00, 0.00, 'easypaisa', 'pending', 'completed', 'To; Mukhtiar Hussain, Malakwal ', 0.00, '2026-03-10 18:22:17', '2026-03-10 18:22:17', 'Pak Post', 'xTB20lIAxKUYUV7mhnFCZUpSDmT9Aiw4', NULL, 'cash', 'none', NULL, NULL, 0.00, 0.00),
(146, 1, 'ASM1300', 17, 'reseller', 2, 'pos', 1400.00, 0.00, 30.00, 230.00, 1.00, 1600.00, 1600.00, 0.00, 0.00, 'cash', 'pending', 'completed', 'To; M Baqir, kot Diji', 0.00, '2026-03-10 18:44:17', '2026-03-10 18:44:17', 'Pak Post', 'q8h2BzGlZ11vWgMnq0HqxwIAxheOdWgS', 'PAR16354709', 'cash', 'none', NULL, NULL, 0.00, 0.00),
(147, 1, 'ASM1301', 13, 'reseller', 2, 'pos', 600.00, 0.00, 0.00, 150.00, 0.16, 750.00, 750.00, 1545.00, 0.00, 'easypaisa', 'pending', 'completed', 'To; Syeda Sani e Zahra, Karachi', 0.00, '2026-03-10 18:46:50', '2026-03-10 18:46:50', 'Pak Post', 'bxKi8svCErLrsIvr4nzbHEkgK8LSGrLI', NULL, 'cash', 'none', NULL, NULL, 0.00, 0.00),
(148, 1, 'ASM1302', 71, 'reseller', 2, 'pos', 700.00, 0.00, 20.00, 150.00, 0.01, 830.00, 830.00, 0.00, 0.00, 'easypaisa', 'pending', 'completed', 'To; Siraj Ali, Karachi', 0.00, '2026-03-10 18:51:48', '2026-03-10 18:51:48', 'Pak Post', 'jZb3SWsnYpa12Z5A9EFNSxU6H6nrC8T2', 'RGL165343539', 'cash', 'none', NULL, NULL, 0.00, 0.00),
(149, 1, 'ASM1303', 20, 'reseller', 2, 'pos', 300.00, 0.00, 0.00, 110.00, 0.10, 410.00, 600.00, 0.00, 0.00, 'easypaisa', 'pending', 'completed', 'To; Mol Mujahid Hussain, DIK', 0.00, '2026-03-10 18:54:38', '2026-03-11 12:53:45', 'Pak Post', 'MtlUkZrNYCIrubYLwarClQ38o3CJ5wJX', 'RGL165343538', 'cash', 'none', NULL, NULL, 0.00, 0.00),
(150, 1, 'ASM1304', NULL, 'walkin', 2, 'pos', 700.00, 0.00, 0.00, 250.00, 0.02, 950.00, 950.00, 0.00, 0.00, 'easypaisa', 'pending', 'completed', 'To; Taimoor Hassan, Patoki kasur', 0.00, '2026-03-10 18:59:29', '2026-03-10 18:59:29', 'PostEx', 'rq2BrXJl9itnfIZ1BAIo0TLFpCPrdlYU', NULL, 'cash', 'none', NULL, NULL, 0.00, 0.00),
(151, 1, 'ASM1305', 57, 'customer', 2, 'pos', 1500.00, 0.00, 150.00, 400.00, 0.38, 1750.00, 400.00, 6950.36, 1350.00, 'pending', 'pending', 'completed', 'To; Faraz Laghari, Dadu', 0.00, '2026-03-11 16:52:20', '2026-03-11 17:08:15', 'PostEx', 'ZLTroPS7nL6aeYBkH4DJdPon1xSq3QvM', '23564010000025', 'cash', 'none', NULL, NULL, 0.00, 0.00),
(152, 1, 'ASM1306', 67, 'reseller', 2, 'pos', 3300.00, 0.00, 0.00, 180.00, 0.40, 3480.00, 4350.00, 800.00, 0.00, 'easypaisa', 'pending', 'completed', 'To; Muhabad Dero, Kandyaro Noshero Feroz', 0.00, '2026-03-11 17:13:42', '2026-03-11 17:13:42', 'Pak Post', 't1r7KZzLxPKtZDUlFBlioBwlhq0BesMz', 'RGL165343544', 'cash', 'none', NULL, NULL, 0.00, 0.00),
(159, 1, 'ASM1307', 23, 'reseller', 2, 'pos', 4125.00, 0.00, 0.00, 400.00, 0.80, 4525.00, 4500.00, 0.00, 25.00, 'easypaisa', 'pending', 'completed', 'To; Shah Muhammad, Bin Qasim Karachi', 0.00, '2026-03-13 13:51:03', '2026-03-13 13:51:03', 'TCS', 'kYKI7ZTNufeGxT2TNnQcMgiBT1yDeX7Y', NULL, 'cash', 'none', NULL, NULL, 0.00, 0.00),
(160, 1, 'ASM1308', 23, 'reseller', 2, 'pos', 1500.00, 0.00, 0.00, 300.00, 0.15, 1800.00, 1800.00, 25.00, 0.00, 'easypaisa', 'pending', 'completed', 'Rehbar Pic For Yasin Ali Solangi Khairpur nathan Dadu', 0.00, '2026-03-13 16:24:15', '2026-03-13 16:24:15', 'TCS', 'UhcErCLzxndzhylj8EWae9rgqzTtCUzz', NULL, 'cash', 'none', NULL, NULL, 0.00, 0.00),
(162, 1, 'ASM1309', 72, 'reseller', 2, 'pos', 4600.00, 0.00, 0.00, 550.00, 2.24, 5150.00, 5150.00, 0.00, 0.00, 'easypaisa', 'pending', 'completed', 'To; Fouzia Mumtaz, Kotli Baqir Jhang', 0.00, '2026-03-14 11:40:24', '2026-03-14 11:40:24', 'PostEx', 'HgVIHFHkhsLgGOjCa3tYMM2d9uop0b8h', '23564010000026', 'cash', 'none', NULL, NULL, 0.00, 0.00),
(163, 1, 'ASM1310', 72, 'reseller', 2, 'pos', 2750.00, 0.00, 0.00, 400.00, 2.50, 3150.00, 1500.00, 0.00, 1650.00, 'easypaisa', 'pending', 'completed', 'To; M. Zaffar, Chak No 164/TDA Layyah', 0.00, '2026-03-14 11:45:43', '2026-03-14 11:46:05', 'PostEx', 'jBbjvjHOCYUFxJ48zd9l22CBCYgboLdE', '29564010000027', 'cash', 'none', NULL, NULL, 0.00, 0.00),
(164, 1, 'ASM1311', 23, 'reseller', 2, 'pos', 300.00, 0.00, 0.00, 100.00, 0.10, 400.00, 500.00, 25.00, 0.00, 'easypaisa', 'pending', 'completed', 'To; Dr Hasan Zaidi, DIK', 0.00, '2026-03-14 12:34:43', '2026-03-14 12:34:43', 'Pak Post', 'vnjvw4ztS54Ib5y9DfrVDB2fSGPUhfFN', 'RGL165343546', 'cash', 'none', NULL, NULL, 0.00, 0.00),
(166, 3, 'AMM313', NULL, 'walkin', 2, 'pos', 5400.00, 0.00, 0.00, 0.00, 0.50, 5400.00, 5400.00, 0.00, 0.00, 'cash', 'pending', 'completed', NULL, 0.00, '2026-03-15 05:43:36', '2026-03-15 05:43:36', 'Self Pickup', '6kpMMyot66RveVFmhgamghb7fr1KAyNS', NULL, 'cash', 'none', NULL, NULL, 0.00, 0.00);

-- --------------------------------------------------------

--
-- Table structure for table `order_items`
--

CREATE TABLE `order_items` (
  `id` bigint UNSIGNED NOT NULL,
  `order_id` bigint UNSIGNED NOT NULL,
  `product_id` bigint UNSIGNED NOT NULL,
  `variant_id` bigint UNSIGNED DEFAULT NULL,
  `quantity` int NOT NULL,
  `unit_price` decimal(10,2) NOT NULL,
  `total_price` decimal(10,2) NOT NULL,
  `created_at` timestamp NULL DEFAULT NULL,
  `updated_at` timestamp NULL DEFAULT NULL
) ENGINE=InnoDB DEFAULT CHARSET=utf8mb4 COLLATE=utf8mb4_unicode_ci;

--
-- Dumping data for table `order_items`
--

INSERT INTO `order_items` (`id`, `order_id`, `product_id`, `variant_id`, `quantity`, `unit_price`, `total_price`, `created_at`, `updated_at`) VALUES
(103, 61, 24, NULL, 1, 2250.00, 2250.00, '2025-12-29 04:47:10', '2025-12-29 04:47:10'),
(104, 62, 50, NULL, 3, 200.00, 600.00, '2025-12-31 06:04:49', '2025-12-31 06:04:49'),
(105, 63, 51, NULL, 1, 850.00, 850.00, '2025-12-31 06:19:29', '2025-12-31 06:19:29'),
(106, 64, 54, NULL, 2, 400.00, 800.00, '2025-12-31 07:09:49', '2025-12-31 07:09:49'),
(107, 65, 22, NULL, 1, 100.00, 100.00, '2026-01-04 22:27:14', '2026-01-04 22:27:14'),
(108, 65, 56, NULL, 1, 35.00, 35.00, '2026-01-04 22:27:14', '2026-01-04 22:27:14'),
(109, 66, 53, NULL, 2, 350.00, 700.00, '2026-01-06 05:01:22', '2026-01-06 05:01:22'),
(110, 66, 55, NULL, 1, 350.00, 350.00, '2026-01-06 05:01:22', '2026-01-06 05:01:22'),
(111, 66, 45, NULL, 1, 450.00, 450.00, '2026-01-06 05:01:22', '2026-01-06 05:01:22'),
(112, 66, 49, NULL, 1, 350.00, 350.00, '2026-01-06 05:01:22', '2026-01-06 05:01:22'),
(113, 67, 23, NULL, 1, 2999.00, 2999.00, '2026-01-09 05:07:24', '2026-01-09 05:07:24'),
(114, 67, 52, NULL, 2, 400.00, 800.00, '2026-01-09 05:07:25', '2026-01-09 05:07:25'),
(115, 68, 9, NULL, 1, 300.00, 300.00, '2026-01-15 04:28:26', '2026-01-15 04:28:26'),
(116, 69, 9, NULL, 1, 300.00, 300.00, '2026-01-15 04:33:52', '2026-01-15 04:33:52'),
(117, 71, 9, NULL, 1, 400.00, 400.00, '2026-01-15 04:33:54', '2026-01-15 04:33:54'),
(118, 72, 9, NULL, 1, 300.00, 300.00, '2026-01-15 04:41:13', '2026-01-15 04:41:13'),
(119, 73, 24, NULL, 1, 2200.00, 2200.00, '2026-01-15 04:43:12', '2026-01-15 04:43:12'),
(120, 74, 24, NULL, 1, 2200.00, 2200.00, '2026-01-15 05:12:17', '2026-01-15 05:12:17'),
(121, 75, 18, NULL, 1, 500.00, 500.00, '2026-01-15 06:58:18', '2026-01-15 06:58:18'),
(122, 75, 44, NULL, 1, 120.00, 120.00, '2026-01-15 06:58:18', '2026-01-15 06:58:18'),
(123, 76, 7, NULL, 2, 1550.00, 3100.00, '2026-01-15 07:40:32', '2026-01-15 07:40:32'),
(124, 76, 166, NULL, 1, 290.00, 290.00, '2026-01-15 07:40:32', '2026-01-15 07:40:32'),
(125, 77, 50, NULL, 2, 200.00, 400.00, '2026-01-15 21:06:44', '2026-01-15 21:06:44'),
(126, 78, 96, NULL, 1, 3050.00, 3050.00, '2026-01-16 02:59:39', '2026-01-16 02:59:39'),
(127, 79, 172, NULL, 2, 190.00, 380.00, '2026-01-17 19:54:11', '2026-01-17 19:54:11'),
(129, 81, 23, NULL, 1, 2999.00, 2999.00, '2026-01-18 21:18:32', '2026-01-18 21:18:32'),
(130, 81, 52, NULL, 2, 400.00, 800.00, '2026-01-18 21:18:32', '2026-01-18 21:18:32'),
(131, 82, 49, NULL, 1, 350.00, 350.00, '2026-01-19 00:23:20', '2026-01-19 00:23:20'),
(132, 82, 45, NULL, 1, 450.00, 450.00, '2026-01-19 00:23:20', '2026-01-19 00:23:20'),
(133, 82, 53, NULL, 2, 350.00, 700.00, '2026-01-19 00:23:20', '2026-01-19 00:23:20'),
(134, 82, 55, NULL, 1, 350.00, 350.00, '2026-01-19 00:23:20', '2026-01-19 00:23:20'),
(135, 83, 41, NULL, 1, 1000.00, 1000.00, '2026-01-19 01:28:53', '2026-01-19 01:28:53'),
(136, 83, 26, NULL, 1, 90.00, 90.00, '2026-01-19 01:28:53', '2026-01-19 01:28:53'),
(137, 83, 25, NULL, 1, 75.00, 75.00, '2026-01-19 01:28:53', '2026-01-19 01:28:53'),
(138, 84, 23, NULL, 2, 2999.00, 5998.00, '2026-01-19 01:39:06', '2026-01-19 01:39:06'),
(139, 85, 41, NULL, 2, 1300.00, 2600.00, '2026-01-19 01:49:03', '2026-01-19 01:49:03'),
(140, 86, 52, NULL, 2, 350.00, 700.00, '2026-01-19 02:07:40', '2026-01-19 02:07:40'),
(141, 86, 53, NULL, 2, 350.00, 700.00, '2026-01-19 02:07:40', '2026-01-19 02:07:40'),
(142, 87, 43, NULL, 1, 650.00, 650.00, '2026-01-19 03:13:33', '2026-01-19 03:13:33'),
(143, 87, 44, NULL, 1, 120.00, 120.00, '2026-01-19 03:13:33', '2026-01-19 03:13:33'),
(144, 87, 220, NULL, 1, 320.00, 320.00, '2026-01-19 03:13:33', '2026-01-19 03:13:33'),
(145, 87, 90, NULL, 1, 300.00, 300.00, '2026-01-19 03:13:33', '2026-01-19 03:13:33'),
(146, 87, 219, NULL, 2, 300.00, 600.00, '2026-01-19 03:13:33', '2026-01-19 03:13:33'),
(147, 89, 49, NULL, 1, 450.00, 450.00, '2026-01-19 20:33:45', '2026-01-19 20:33:45'),
(148, 90, 49, NULL, 1, 450.00, 450.00, '2026-01-19 20:42:57', '2026-01-19 20:42:57'),
(149, 91, 49, NULL, 1, 450.00, 450.00, '2026-01-19 20:47:48', '2026-01-19 20:47:48'),
(150, 92, 49, NULL, 1, 450.00, 450.00, '2026-01-19 20:51:29', '2026-01-19 20:51:29'),
(151, 93, 49, NULL, 1, 450.00, 450.00, '2026-01-19 20:56:10', '2026-01-19 20:56:10'),
(152, 94, 49, NULL, 1, 450.00, 450.00, '2026-01-19 21:01:04', '2026-01-19 21:01:04'),
(153, 95, 14, NULL, 2, 1200.00, 2400.00, '2026-01-21 20:46:17', '2026-01-21 20:46:17'),
(154, 96, 96, NULL, 2, 3050.00, 6100.00, '2026-01-21 21:06:55', '2026-01-21 21:06:55'),
(155, 97, 11, NULL, 5, 1000.00, 5000.00, '2026-01-21 21:22:06', '2026-01-21 21:22:06'),
(156, 98, 14, NULL, 2, 1200.00, 2400.00, '2026-01-21 22:21:21', '2026-01-21 22:21:21'),
(162, 101, 24, NULL, 1, 2200.00, 2200.00, '2026-02-08 15:29:27', '2026-02-08 15:29:27'),
(163, 102, 54, NULL, 1, 350.00, 350.00, '2026-02-10 16:13:37', '2026-02-10 16:13:37'),
(164, 102, 55, NULL, 1, 350.00, 350.00, '2026-02-10 16:13:37', '2026-02-10 16:13:37'),
(165, 103, 53, NULL, 1, 400.00, 400.00, '2026-02-11 02:41:36', '2026-02-11 02:41:36'),
(166, 104, 287, NULL, 1, 1100.00, 1100.00, '2026-02-11 16:15:11', '2026-02-11 16:15:11'),
(167, 105, 289, NULL, 1, 220.00, 220.00, '2026-02-11 16:31:33', '2026-02-11 16:31:33'),
(168, 106, 291, NULL, 1, 250.00, 250.00, '2026-02-11 16:54:26', '2026-02-11 16:54:26'),
(169, 106, 292, NULL, 1, 1000.00, 1000.00, '2026-02-11 16:54:26', '2026-02-11 16:54:26'),
(170, 106, 290, NULL, 1, 199.00, 199.00, '2026-02-11 16:54:26', '2026-02-11 16:54:26'),
(171, 107, 11, NULL, 1, 1000.00, 1000.00, '2026-02-12 18:49:52', '2026-02-12 18:49:52'),
(174, 112, 306, NULL, 1, 8000.00, 8000.00, '2026-03-03 02:35:07', '2026-03-03 02:35:07'),
(175, 113, 306, NULL, 1, 8000.00, 8000.00, '2026-03-03 02:40:04', '2026-03-03 02:40:04'),
(176, 114, 307, NULL, 1, 1800.00, 1800.00, '2026-03-03 02:42:05', '2026-03-03 02:42:05'),
(181, 118, 311, NULL, 1, 275.00, 275.00, '2026-03-07 06:20:15', '2026-03-07 06:20:15'),
(182, 118, 312, NULL, 1, 360.00, 360.00, '2026-03-07 06:20:15', '2026-03-07 06:20:15'),
(183, 118, 310, NULL, 1, 350.00, 350.00, '2026-03-07 06:20:15', '2026-03-07 06:20:15'),
(184, 118, 309, NULL, 6, 670.00, 4020.00, '2026-03-07 06:20:15', '2026-03-07 06:20:15'),
(185, 119, 313, NULL, 1, 250.00, 250.00, '2026-03-07 06:32:00', '2026-03-07 06:32:00'),
(186, 119, 314, NULL, 1, 200.00, 200.00, '2026-03-07 06:32:00', '2026-03-07 06:32:00'),
(190, 121, 308, NULL, 1, 150.00, 150.00, '2026-03-07 13:53:08', '2026-03-07 13:53:08'),
(193, 122, 315, NULL, 1, 700.00, 700.00, '2026-03-07 15:47:01', '2026-03-07 15:47:01'),
(194, 122, 316, NULL, 1, 200.00, 200.00, '2026-03-07 15:47:01', '2026-03-07 15:47:01'),
(195, 123, 24, NULL, 1, 2250.00, 2250.00, '2026-03-07 15:58:14', '2026-03-07 15:58:14'),
(207, 124, 313, NULL, 1, 175.00, 175.00, '2026-03-07 16:20:36', '2026-03-07 16:20:36'),
(208, 124, 308, NULL, 13, 120.00, 1560.00, '2026-03-07 16:20:36', '2026-03-07 16:20:36'),
(209, 124, 20, NULL, 1, 950.00, 950.00, '2026-03-07 16:20:36', '2026-03-07 16:20:36'),
(210, 124, 19, NULL, 1, 800.00, 800.00, '2026-03-07 16:20:36', '2026-03-07 16:20:36'),
(211, 124, 14, NULL, 1, 900.00, 900.00, '2026-03-07 16:20:36', '2026-03-07 16:20:36'),
(212, 124, 61, NULL, 1, 800.00, 800.00, '2026-03-07 16:20:36', '2026-03-07 16:20:36'),
(213, 125, 317, NULL, 1, 220.00, 220.00, '2026-03-07 16:49:10', '2026-03-07 16:49:10'),
(214, 125, 315, NULL, 35, 600.00, 21000.00, '2026-03-07 16:49:10', '2026-03-07 16:49:10'),
(215, 125, 43, NULL, 1, 650.00, 650.00, '2026-03-07 16:49:10', '2026-03-07 16:49:10'),
(216, 125, 54, NULL, 1, 350.00, 350.00, '2026-03-07 16:49:10', '2026-03-07 16:49:10'),
(229, 130, 315, NULL, 4, 700.00, 2800.00, '2026-03-07 19:05:01', '2026-03-07 19:05:01'),
(230, 131, 328, NULL, 1, 250.00, 250.00, '2026-03-07 19:12:07', '2026-03-07 19:12:07'),
(231, 131, 313, NULL, 1, 250.00, 250.00, '2026-03-07 19:12:07', '2026-03-07 19:12:07'),
(232, 131, 308, NULL, 1, 150.00, 150.00, '2026-03-07 19:12:07', '2026-03-07 19:12:07'),
(233, 131, 9, NULL, 1, 400.00, 400.00, '2026-03-07 19:12:07', '2026-03-07 19:12:07'),
(293, 134, 353, NULL, 1, 600.00, 600.00, '2026-03-10 15:59:52', '2026-03-10 15:59:52'),
(294, 134, 352, NULL, 2, 650.00, 1300.00, '2026-03-10 15:59:52', '2026-03-10 15:59:52'),
(297, 135, 315, NULL, 1, 600.00, 600.00, '2026-03-10 16:18:34', '2026-03-10 16:18:34'),
(298, 135, 55, NULL, 1, 350.00, 350.00, '2026-03-10 16:18:34', '2026-03-10 16:18:34'),
(299, 136, 96, NULL, 1, 3300.00, 3300.00, '2026-03-10 16:53:08', '2026-03-10 16:53:08'),
(300, 136, 54, NULL, 20, 350.00, 7000.00, '2026-03-10 16:53:08', '2026-03-10 16:53:08'),
(301, 136, 55, NULL, 5, 350.00, 1750.00, '2026-03-10 16:53:08', '2026-03-10 16:53:08'),
(302, 137, 21, NULL, 1, 600.00, 600.00, '2026-03-10 16:56:24', '2026-03-10 16:56:24'),
(304, 139, 355, NULL, 1, 650.00, 650.00, '2026-03-10 17:21:14', '2026-03-10 17:21:14'),
(305, 140, 21, NULL, 2, 600.00, 1200.00, '2026-03-10 17:25:28', '2026-03-10 17:25:28'),
(306, 141, 43, NULL, 1, 575.00, 575.00, '2026-03-10 17:39:45', '2026-03-10 17:39:45'),
(307, 141, 356, NULL, 1, 300.00, 300.00, '2026-03-10 17:39:45', '2026-03-10 17:39:45'),
(308, 142, 21, NULL, 5, 600.00, 3000.00, '2026-03-10 18:07:50', '2026-03-10 18:07:50'),
(309, 143, 287, NULL, 1, 1100.00, 1100.00, '2026-03-10 18:14:28', '2026-03-10 18:14:28'),
(310, 144, 287, NULL, 1, 1100.00, 1100.00, '2026-03-10 18:18:07', '2026-03-10 18:18:07'),
(311, 145, 287, NULL, 1, 1100.00, 1100.00, '2026-03-10 18:22:17', '2026-03-10 18:22:17'),
(312, 146, 8, NULL, 20, 70.00, 1400.00, '2026-03-10 18:44:18', '2026-03-10 18:44:18'),
(313, 147, 21, NULL, 1, 600.00, 600.00, '2026-03-10 18:46:50', '2026-03-10 18:46:50'),
(314, 148, 332, NULL, 1, 700.00, 700.00, '2026-03-10 18:51:48', '2026-03-10 18:51:48'),
(316, 150, 357, NULL, 1, 300.00, 300.00, '2026-03-10 18:59:29', '2026-03-10 18:59:29'),
(317, 150, 54, NULL, 1, 400.00, 400.00, '2026-03-10 18:59:29', '2026-03-10 18:59:29'),
(318, 120, 96, NULL, 1, 3800.00, 3800.00, '2026-03-11 01:13:27', '2026-03-11 01:13:27'),
(332, 138, 354, NULL, 1, 1200.00, 1200.00, '2026-03-11 12:49:34', '2026-03-11 12:49:34'),
(333, 149, 335, NULL, 1, 300.00, 300.00, '2026-03-11 12:53:45', '2026-03-11 12:53:45'),
(343, 151, 358, NULL, 1, 250.00, 250.00, '2026-03-11 17:08:15', '2026-03-11 17:08:15'),
(344, 151, 34, NULL, 1, 300.00, 300.00, '2026-03-11 17:08:15', '2026-03-11 17:08:15'),
(345, 151, 315, NULL, 3, 50.00, 150.00, '2026-03-11 17:08:15', '2026-03-11 17:08:15'),
(346, 151, 21, NULL, 1, 700.00, 700.00, '2026-03-11 17:08:15', '2026-03-11 17:08:15'),
(347, 151, 359, NULL, 1, 100.00, 100.00, '2026-03-11 17:08:15', '2026-03-11 17:08:15'),
(348, 152, 96, NULL, 1, 3300.00, 3300.00, '2026-03-11 17:13:42', '2026-03-11 17:13:42'),
(358, 126, 313, NULL, 1, 175.00, 175.00, '2026-03-13 03:04:32', '2026-03-13 03:04:32'),
(359, 126, 308, NULL, 1, 120.00, 120.00, '2026-03-13 03:04:32', '2026-03-13 03:04:32'),
(361, 127, 54, NULL, 1, 350.00, 350.00, '2026-03-13 03:15:14', '2026-03-13 03:15:14'),
(366, 128, 189, NULL, 1, 370.00, 370.00, '2026-03-13 03:19:26', '2026-03-13 03:19:26'),
(367, 128, 313, NULL, 1, 200.00, 200.00, '2026-03-13 03:19:26', '2026-03-13 03:19:26'),
(375, 129, 327, NULL, 4, 350.00, 1400.00, '2026-03-13 03:24:26', '2026-03-13 03:24:26'),
(376, 129, 326, NULL, 1, 600.00, 600.00, '2026-03-13 03:24:26', '2026-03-13 03:24:26'),
(377, 129, 325, NULL, 1, 600.00, 600.00, '2026-03-13 03:24:26', '2026-03-13 03:24:26'),
(378, 129, 324, NULL, 1, 700.00, 700.00, '2026-03-13 03:24:26', '2026-03-13 03:24:26'),
(379, 129, 322, NULL, 1, 500.00, 500.00, '2026-03-13 03:24:26', '2026-03-13 03:24:26'),
(380, 129, 323, NULL, 1, 600.00, 600.00, '2026-03-13 03:24:26', '2026-03-13 03:24:26'),
(381, 129, 21, NULL, 2, 700.00, 1400.00, '2026-03-13 03:24:26', '2026-03-13 03:24:26'),
(382, 133, 351, NULL, 30, 125.00, 3750.00, '2026-03-13 13:46:42', '2026-03-13 13:46:42'),
(383, 133, 21, NULL, 40, 500.00, 20000.00, '2026-03-13 13:46:42', '2026-03-13 13:46:42'),
(384, 132, 335, NULL, 4, 220.00, 880.00, '2026-03-13 13:47:18', '2026-03-13 13:47:18'),
(385, 132, 334, NULL, 10, 320.00, 3200.00, '2026-03-13 13:47:18', '2026-03-13 13:47:18'),
(386, 132, 333, NULL, 9, 450.00, 4050.00, '2026-03-13 13:47:18', '2026-03-13 13:47:18'),
(387, 132, 332, NULL, 15, 500.00, 7500.00, '2026-03-13 13:47:18', '2026-03-13 13:47:18'),
(388, 132, 331, NULL, 5, 400.00, 2000.00, '2026-03-13 13:47:18', '2026-03-13 13:47:18'),
(389, 132, 62, NULL, 3, 450.00, 1350.00, '2026-03-13 13:47:18', '2026-03-13 13:47:18'),
(390, 132, 313, NULL, 3, 150.00, 450.00, '2026-03-13 13:47:18', '2026-03-13 13:47:18'),
(391, 132, 21, NULL, 9, 500.00, 4500.00, '2026-03-13 13:47:18', '2026-03-13 13:47:18'),
(392, 159, 415, NULL, 1, 3150.00, 3150.00, '2026-03-13 13:51:03', '2026-03-13 13:51:03'),
(393, 159, 413, NULL, 5, 20.00, 100.00, '2026-03-13 13:51:03', '2026-03-13 13:51:03'),
(394, 159, 56, NULL, 5, 35.00, 175.00, '2026-03-13 13:51:03', '2026-03-13 13:51:03'),
(395, 159, 54, NULL, 2, 350.00, 700.00, '2026-03-13 13:51:03', '2026-03-13 13:51:03'),
(396, 160, 416, NULL, 1, 1500.00, 1500.00, '2026-03-13 16:24:15', '2026-03-13 16:24:15'),
(398, 162, 7, NULL, 1, 1550.00, 1550.00, '2026-03-14 11:40:24', '2026-03-14 11:40:24'),
(399, 162, 48, NULL, 1, 1250.00, 1250.00, '2026-03-14 11:40:24', '2026-03-14 11:40:24'),
(400, 162, 21, NULL, 3, 600.00, 1800.00, '2026-03-14 11:40:24', '2026-03-14 11:40:24'),
(402, 163, 333, NULL, 5, 550.00, 2750.00, '2026-03-14 11:46:05', '2026-03-14 11:46:05'),
(403, 164, 335, NULL, 1, 300.00, 300.00, '2026-03-14 12:34:43', '2026-03-14 12:34:43'),
(405, 166, 401, NULL, 2, 2700.00, 5400.00, '2026-03-15 05:43:36', '2026-03-15 05:43:36');

-- --------------------------------------------------------

--
-- Table structure for table `password_reset_tokens`
--

CREATE TABLE `password_reset_tokens` (
  `email` varchar(255) COLLATE utf8mb4_unicode_ci NOT NULL,
  `token` varchar(255) COLLATE utf8mb4_unicode_ci NOT NULL,
  `created_at` timestamp NULL DEFAULT NULL
) ENGINE=InnoDB DEFAULT CHARSET=utf8mb4 COLLATE=utf8mb4_unicode_ci;

-- --------------------------------------------------------

--
-- Table structure for table `payments`
--

CREATE TABLE `payments` (
  `id` bigint UNSIGNED NOT NULL,
  `payment_number` varchar(255) COLLATE utf8mb4_unicode_ci NOT NULL,
  `payment_type` varchar(255) COLLATE utf8mb4_unicode_ci NOT NULL DEFAULT 'order',
  `order_id` bigint UNSIGNED DEFAULT NULL,
  `amount` decimal(10,2) NOT NULL,
  `payment_date` date DEFAULT NULL,
  `payment_method` varchar(255) COLLATE utf8mb4_unicode_ci DEFAULT NULL,
  `reference_number` varchar(255) COLLATE utf8mb4_unicode_ci DEFAULT NULL,
  `notes` text COLLATE utf8mb4_unicode_ci,
  `method` varchar(255) COLLATE utf8mb4_unicode_ci NOT NULL DEFAULT 'cash',
  `reference` varchar(255) COLLATE utf8mb4_unicode_ci DEFAULT NULL,
  `status` varchar(255) COLLATE utf8mb4_unicode_ci NOT NULL DEFAULT 'completed',
  `created_at` timestamp NULL DEFAULT NULL,
  `updated_at` timestamp NULL DEFAULT NULL,
  `customer_id` bigint UNSIGNED DEFAULT NULL,
  `created_by` bigint UNSIGNED DEFAULT NULL
) ENGINE=InnoDB DEFAULT CHARSET=utf8mb4 COLLATE=utf8mb4_unicode_ci;

--
-- Dumping data for table `payments`
--

INSERT INTO `payments` (`id`, `payment_number`, `payment_type`, `order_id`, `amount`, `payment_date`, `payment_method`, `reference_number`, `notes`, `method`, `reference`, `status`, `created_at`, `updated_at`, `customer_id`, `created_by`) VALUES
(20, 'PAY-202603-0003', 'order', 112, 17400.00, '2026-03-03', 'easypaisa', 'Shippit:1107081', NULL, 'cash', NULL, 'completed', '2026-03-03 02:35:07', '2026-03-03 02:35:07', 58, 7),
(21, 'PAY-202603-0004', 'khata', NULL, 38300.00, '2026-03-03', 'jazzcash', 'KHATA-69A69A2AEF7E0', '476497', 'cash', NULL, 'completed', '2026-03-03 03:22:02', '2026-03-03 03:22:02', 58, 7),
(23, 'PAY-202603-0005', 'order', 118, 4960.00, '2026-03-07', 'easypaisa', 'PAR16354715', NULL, 'cash', NULL, 'completed', '2026-03-07 06:20:15', '2026-03-07 06:20:15', 59, 2),
(24, 'PAY-202603-0006', 'order', 119, 600.00, '2026-03-07', 'easypaisa', 'RGL16343528', NULL, 'cash', NULL, 'completed', '2026-03-07 06:32:00', '2026-03-07 06:32:00', 57, 2),
(25, 'PAY-202603-0007', 'order', 120, 300.00, '2026-03-07', 'cod', NULL, NULL, 'cash', NULL, 'completed', '2026-03-07 06:39:50', '2026-03-07 06:39:50', 57, 2),
(26, 'PAY-202603-0008', 'order', 121, 350.36, '2026-03-07', 'cod', '24564010000016', NULL, 'cash', NULL, 'completed', '2026-03-07 06:53:56', '2026-03-07 06:53:56', 57, 2),
(27, 'PAY-202603-0009', 'order', 122, 1100.00, '2026-03-07', 'easypaisa', 'RGL16343529', NULL, 'cash', NULL, 'completed', '2026-03-07 15:39:02', '2026-03-07 15:39:02', 57, 2),
(28, 'PAY-202603-0010', 'order', 123, 3000.00, '2026-03-07', 'jazzcash', NULL, NULL, 'cash', NULL, 'completed', '2026-03-07 15:58:14', '2026-03-07 15:58:14', 60, 2),
(29, 'PAY-202603-0011', 'order', 125, 550.00, '2026-03-07', 'easypaisa', NULL, NULL, 'cash', NULL, 'completed', '2026-03-07 16:49:10', '2026-03-07 16:49:10', 62, 2),
(30, 'PAY-202603-0012', 'order', 126, 560.00, '2026-03-07', 'easypaisa', NULL, NULL, 'cash', NULL, 'completed', '2026-03-07 16:54:33', '2026-03-07 16:54:33', 23, 2),
(31, 'PAY-202603-0013', 'order', 127, 650.00, '2026-03-07', 'easypaisa', NULL, NULL, 'cash', NULL, 'completed', '2026-03-07 17:02:39', '2026-03-07 17:02:39', 23, 2),
(32, 'PAY-202603-0014', 'order', 128, 780.00, '2026-03-07', 'cash', NULL, NULL, 'cash', NULL, 'completed', '2026-03-07 17:07:24', '2026-03-07 17:07:24', 32, 2),
(34, 'PAY-202603-0015', 'order', 134, 2200.00, '2026-03-10', 'easypaisa', NULL, NULL, 'cash', NULL, 'completed', '2026-03-10 15:59:52', '2026-03-10 15:59:52', 23, 2),
(35, 'PAY-202603-0016', 'order', 135, 1100.00, '2026-03-10', 'easypaisa', 'RGL165343541', NULL, 'cash', NULL, 'completed', '2026-03-10 16:14:59', '2026-03-10 16:14:59', 13, 2),
(36, 'PAY-202603-0017', 'order', 136, 12000.00, '2026-03-10', 'easypaisa', 'PAR16354713', NULL, 'cash', NULL, 'completed', '2026-03-10 16:53:08', '2026-03-10 16:53:08', 66, 2),
(37, 'PAY-202603-0018', 'order', 137, 750.00, '2026-03-10', 'easypaisa', NULL, NULL, 'cash', NULL, 'completed', '2026-03-10 16:56:24', '2026-03-10 16:56:24', 13, 2),
(38, 'PAY-202603-0019', 'order', 138, 1400.00, '2026-03-10', 'jazzcash', 'RGL16534535', NULL, 'cash', NULL, 'completed', '2026-03-10 17:12:31', '2026-03-10 17:12:31', 6, 2),
(39, 'PAY-202603-0020', 'order', 139, 800.00, '2026-03-10', 'bank', 'RGL165343535', NULL, 'cash', NULL, 'completed', '2026-03-10 17:21:14', '2026-03-10 17:21:14', 17, 2),
(40, 'PAY-202603-0021', 'order', 141, 1050.00, '2026-03-10', 'easypaisa', 'RGL165343537', NULL, 'cash', NULL, 'completed', '2026-03-10 17:39:45', '2026-03-10 17:39:45', 13, 2),
(41, 'PAY-202603-0022', 'order', 142, 2500.00, '2026-03-10', 'easypaisa', NULL, NULL, 'cash', NULL, 'completed', '2026-03-10 18:07:50', '2026-03-10 18:07:50', 67, 2),
(42, 'PAY-202603-0023', 'order', 143, 1300.00, '2026-03-10', 'easypaisa', NULL, NULL, 'cash', NULL, 'completed', '2026-03-10 18:14:28', '2026-03-10 18:14:28', 68, 2),
(43, 'PAY-202603-0024', 'order', 145, 1300.00, '2026-03-10', 'easypaisa', NULL, NULL, 'cash', NULL, 'completed', '2026-03-10 18:22:17', '2026-03-10 18:22:17', 70, 2),
(44, 'PAY-202603-0025', 'order', 146, 1600.00, '2026-03-10', 'cash', 'PAR16354709', NULL, 'cash', NULL, 'completed', '2026-03-10 18:44:18', '2026-03-10 18:44:18', 17, 2),
(45, 'PAY-202603-0026', 'order', 147, 750.00, '2026-03-10', 'easypaisa', NULL, NULL, 'cash', NULL, 'completed', '2026-03-10 18:46:50', '2026-03-10 18:46:50', 13, 2),
(46, 'PAY-202603-0027', 'order', 148, 830.00, '2026-03-10', 'easypaisa', 'RGL165343539', NULL, 'cash', NULL, 'completed', '2026-03-10 18:51:48', '2026-03-10 18:51:48', 71, 2),
(47, 'PAY-202603-0028', 'order', 149, 600.00, '2026-03-10', 'easypaisa', 'RGL165343538', NULL, 'cash', NULL, 'completed', '2026-03-10 18:54:38', '2026-03-10 18:54:38', 20, 2),
(48, 'PAY-202603-0029', 'order', 151, 400.00, '2026-03-11', 'cod', '23564010000025', NULL, 'cash', NULL, 'completed', '2026-03-11 16:52:20', '2026-03-11 16:52:20', 57, 2),
(49, 'PAY-202603-0030', 'order', 152, 4350.00, '2026-03-11', 'easypaisa', 'RGL165343544', NULL, 'cash', NULL, 'completed', '2026-03-11 17:13:42', '2026-03-11 17:13:42', 67, 2),
(50, 'PAY-202603-0031', 'khata', NULL, 4155.00, '2026-03-12', 'jazzcash', 'KHATA-69B2C293D4645', 'Trx: 706193152504', 'cash', NULL, 'completed', '2026-03-12 13:41:39', '2026-03-12 13:41:39', 61, 2),
(52, 'PAY-202603-0032', 'order', 159, 4500.00, '2026-03-13', 'easypaisa', NULL, NULL, 'cash', NULL, 'completed', '2026-03-13 13:51:03', '2026-03-13 13:51:03', 23, 2),
(53, 'PAY-202603-0033', 'order', 160, 1800.00, '2026-03-13', 'easypaisa', NULL, NULL, 'cash', NULL, 'completed', '2026-03-13 16:24:15', '2026-03-13 16:24:15', 23, 2),
(54, 'PAY-202603-0034', 'khata', NULL, 20550.00, '2026-03-13', 'easypaisa', 'KHATA-69B5448EAC997', 'ASM1279-Payment ', 'cash', NULL, 'completed', '2026-03-14 11:20:46', '2026-03-14 11:20:46', 62, 2),
(55, 'PAY-202603-0035', 'order', 162, 5150.00, '2026-03-14', 'easypaisa', '23564010000026', NULL, 'cash', NULL, 'completed', '2026-03-14 11:40:24', '2026-03-14 11:40:24', 72, 2),
(56, 'PAY-202603-0036', 'order', 163, 3150.00, '2026-03-14', 'easypaisa', '29564010000027', NULL, 'cash', NULL, 'completed', '2026-03-14 11:45:43', '2026-03-14 11:45:43', 72, 2),
(57, 'PAY-202603-0037', 'order', 164, 500.00, '2026-03-14', 'easypaisa', 'RGL165343546', NULL, 'cash', NULL, 'completed', '2026-03-14 12:34:43', '2026-03-14 12:34:43', 23, 2);

-- --------------------------------------------------------

--
-- Table structure for table `payment_methods`
--

CREATE TABLE `payment_methods` (
  `id` bigint UNSIGNED NOT NULL,
  `name` varchar(255) COLLATE utf8mb4_unicode_ci NOT NULL,
  `label` varchar(255) COLLATE utf8mb4_unicode_ci NOT NULL,
  `sort_order` int NOT NULL DEFAULT '0',
  `is_active` tinyint(1) NOT NULL DEFAULT '1',
  `created_at` timestamp NULL DEFAULT NULL,
  `updated_at` timestamp NULL DEFAULT NULL
) ENGINE=InnoDB DEFAULT CHARSET=utf8mb4 COLLATE=utf8mb4_unicode_ci;

--
-- Dumping data for table `payment_methods`
--

INSERT INTO `payment_methods` (`id`, `name`, `label`, `sort_order`, `is_active`, `created_at`, `updated_at`) VALUES
(1, 'cash', 'Cash', 0, 1, '2026-03-12 01:48:21', '2026-03-12 01:48:21'),
(2, 'jazzcash', 'Jazz', 1, 1, '2026-03-12 01:48:21', '2026-03-12 01:48:21'),
(3, 'easypaisa', 'Easy', 2, 1, '2026-03-12 01:48:21', '2026-03-12 01:48:21'),
(4, 'bank', 'Bank', 3, 1, '2026-03-12 01:48:21', '2026-03-12 01:48:21'),
(5, 'cod', 'COD', 4, 1, '2026-03-12 01:48:21', '2026-03-12 01:48:21'),
(6, 'pending', 'Pending', 5, 1, '2026-03-12 01:48:21', '2026-03-12 01:48:21');

-- --------------------------------------------------------

--
-- Table structure for table `payrolls`
--

CREATE TABLE `payrolls` (
  `id` bigint UNSIGNED NOT NULL,
  `branch_id` bigint UNSIGNED DEFAULT NULL,
  `employee_id` bigint UNSIGNED NOT NULL,
  `month` int NOT NULL,
  `year` int NOT NULL,
  `present_days` int NOT NULL DEFAULT '0',
  `absent_days` int NOT NULL DEFAULT '0',
  `late_days` int NOT NULL DEFAULT '0',
  `gross_salary` decimal(10,2) NOT NULL DEFAULT '0.00',
  `deductions` decimal(10,2) NOT NULL DEFAULT '0.00',
  `net_salary` decimal(10,2) NOT NULL DEFAULT '0.00',
  `status` enum('unpaid','paid') COLLATE utf8mb4_unicode_ci NOT NULL DEFAULT 'unpaid',
  `created_at` timestamp NULL DEFAULT NULL,
  `updated_at` timestamp NULL DEFAULT NULL,
  `total_hours` decimal(8,2) NOT NULL DEFAULT '0.00',
  `hourly_rate` decimal(10,2) NOT NULL DEFAULT '0.00'
) ENGINE=InnoDB DEFAULT CHARSET=utf8mb4 COLLATE=utf8mb4_unicode_ci;

--
-- Dumping data for table `payrolls`
--

INSERT INTO `payrolls` (`id`, `branch_id`, `employee_id`, `month`, `year`, `present_days`, `absent_days`, `late_days`, `gross_salary`, `deductions`, `net_salary`, `status`, `created_at`, `updated_at`, `total_hours`, `hourly_rate`) VALUES
(37, 1, 4, 9, 2025, 29, 0, 0, 5000.00, -174.28, 5174.28, 'unpaid', '2025-09-16 02:22:31', '2025-10-03 15:43:21', 215.25, 24.04),
(38, 1, 5, 9, 2025, 14, 0, 0, 12000.00, 1898.08, 10101.92, 'unpaid', '2025-10-03 15:43:21', '2025-10-03 15:43:21', 175.10, 57.69);

-- --------------------------------------------------------

--
-- Table structure for table `permissions`
--

CREATE TABLE `permissions` (
  `id` bigint UNSIGNED NOT NULL,
  `name` varchar(255) COLLATE utf8mb4_unicode_ci NOT NULL,
  `guard_name` varchar(255) COLLATE utf8mb4_unicode_ci NOT NULL,
  `created_at` timestamp NULL DEFAULT NULL,
  `updated_at` timestamp NULL DEFAULT NULL
) ENGINE=InnoDB DEFAULT CHARSET=utf8mb4 COLLATE=utf8mb4_unicode_ci;

--
-- Dumping data for table `permissions`
--

INSERT INTO `permissions` (`id`, `name`, `guard_name`, `created_at`, `updated_at`) VALUES
(1, 'view dashboard', 'web', '2025-06-23 18:41:58', '2025-06-23 18:41:58'),
(2, 'manage products', 'web', '2025-06-23 18:41:58', '2025-06-23 18:41:58'),
(3, 'manage categories', 'web', '2025-06-23 18:41:58', '2025-06-23 18:41:58'),
(4, 'process orders', 'web', '2025-06-23 18:41:58', '2025-06-23 18:41:58'),
(5, 'manage employees', 'web', '2025-06-23 18:41:58', '2025-06-23 18:41:58'),
(6, 'manage reports', 'web', '2025-06-23 18:41:58', '2025-08-15 18:13:42'),
(7, 'manage inventory', 'web', '2025-06-23 18:41:58', '2025-06-23 18:41:58'),
(8, 'manage attendance', 'web', '2025-08-15 17:14:00', '2025-08-15 17:14:00'),
(9, 'manage variants', 'web', '2025-08-15 17:14:00', '2025-08-15 17:14:00'),
(10, 'manage purchases', 'web', '2025-08-15 17:14:00', '2025-08-15 17:14:00'),
(11, 'manage suppliers', 'web', '2025-08-15 17:14:00', '2025-08-15 17:14:00'),
(12, 'access pos', 'web', '2025-08-15 17:14:00', '2025-08-15 17:14:00'),
(13, 'manage roles', 'web', '2025-08-15 17:14:00', '2025-08-15 17:14:00'),
(14, 'manage permissions', 'web', '2025-08-15 17:14:00', '2025-08-15 17:14:00'),
(15, 'assign roles', 'web', '2025-08-15 17:14:00', '2025-08-15 17:14:00'),
(16, 'manage payroll', 'web', '2025-09-14 16:23:35', '2025-09-14 16:23:35'),
(17, 'manage credit', 'web', '2026-02-11 19:14:07', '2026-02-11 19:14:07'),
(18, 'view credit dashboard', 'web', '2026-02-11 19:14:07', '2026-02-11 19:14:07'),
(19, 'enable credit', 'web', '2026-02-11 19:14:07', '2026-02-11 19:14:07'),
(20, 'disable credit', 'web', '2026-02-11 19:14:07', '2026-02-11 19:14:07'),
(21, 'collect credit payment', 'web', '2026-02-11 19:14:07', '2026-02-11 19:14:07'),
(22, 'view credit statement', 'web', '2026-02-11 19:14:07', '2026-02-11 19:14:07'),
(23, 'export credit statement', 'web', '2026-02-11 19:14:07', '2026-02-11 19:14:07'),
(24, 'view overdue report', 'web', '2026-02-11 19:14:07', '2026-02-11 19:14:07'),
(25, 'manage ledger', 'web', '2026-03-01 23:01:26', '2026-03-01 23:01:26'),
(26, 'manage branches', 'web', '2026-03-12 01:48:21', '2026-03-12 01:48:21'),
(27, 'view all branches', 'web', '2026-03-12 01:48:21', '2026-03-12 01:48:21');

-- --------------------------------------------------------

--
-- Table structure for table `products`
--

CREATE TABLE `products` (
  `id` bigint UNSIGNED NOT NULL,
  `branch_id` bigint UNSIGNED DEFAULT NULL,
  `category_id` bigint UNSIGNED NOT NULL,
  `name` varchar(255) COLLATE utf8mb4_unicode_ci NOT NULL,
  `barcode` varchar(255) COLLATE utf8mb4_unicode_ci DEFAULT NULL,
  `description` text COLLATE utf8mb4_unicode_ci,
  `price` decimal(10,2) DEFAULT NULL,
  `sale_price` decimal(10,2) DEFAULT NULL,
  `resale_price` decimal(10,2) DEFAULT NULL,
  `wholesale_price` decimal(10,2) DEFAULT NULL,
  `cost_price` decimal(10,2) DEFAULT NULL,
  `weight` decimal(8,4) DEFAULT NULL,
  `stock_quantity` decimal(10,2) DEFAULT '0.00',
  `reorder_level` int DEFAULT '0',
  `image` varchar(255) COLLATE utf8mb4_unicode_ci DEFAULT NULL,
  `is_active` tinyint(1) NOT NULL DEFAULT '1',
  `created_at` timestamp NULL DEFAULT NULL,
  `updated_at` timestamp NULL DEFAULT NULL,
  `track_inventory` tinyint(1) NOT NULL DEFAULT '1',
  `rank` varchar(555) COLLATE utf8mb4_unicode_ci DEFAULT NULL,
  `unit_id` varchar(255) COLLATE utf8mb4_unicode_ci DEFAULT NULL
) ENGINE=InnoDB DEFAULT CHARSET=utf8mb4 COLLATE=utf8mb4_unicode_ci;

--
-- Dumping data for table `products`
--

INSERT INTO `products` (`id`, `branch_id`, `category_id`, `name`, `barcode`, `description`, `price`, `sale_price`, `resale_price`, `wholesale_price`, `cost_price`, `weight`, `stock_quantity`, `reorder_level`, `image`, `is_active`, `created_at`, `updated_at`, `track_inventory`, `rank`, `unit_id`) VALUES
(1, 1, 4, 'Quran Al Kareem (Naqan sb)', '328', 'Tarjuma Allama Ali Naqi Naqan Sahb', 2000.00, 1500.00, 1250.00, 1200.00, 1030.00, 0.5000, 31.00, 3, 'products/8LRzHKiD2L0RSekKX5Qz6ZqXGnef72L8MWxFkNjW.jpg', 1, '2025-06-26 14:00:13', '2026-03-11 01:24:47', 1, '', ''),
(7, 1, 4, 'Balagh Ul Quran Small', '314', 'Tarjuma Allama Sheikh Mohsin Ali Najfi', 2000.00, 1799.00, 1550.00, 1450.00, 1230.00, NULL, 26.00, 3, 'products/a0ngX7d4AmpBgAQZaeDjox4Hu2BKfFVXuoX4LP7m.jpg', 1, '2025-06-26 14:50:58', '2026-03-11 01:26:43', 1, '', NULL),
(8, 1, 4, 'Yasarnal Quran JTI', '315', 'Quaida', 2000.00, 100.00, 70.00, 63.00, 55.00, 0.0500, 95.00, 10, 'products/Z3RIBfaiHeUB4vhCRkyEFhu85nyZIy3X3xsd8MEG.jpg', 1, '2025-06-26 14:57:14', '2026-03-11 01:25:59', 1, '', '1'),
(9, 1, 4, 'Quran Pocket Size', '316', 'With out Tarjuma', 400.00, 400.00, 300.00, 280.00, 240.00, NULL, 22.00, 5, 'products/9B9zeYdy460ja9ef4nBuJ2xqJXC2h36Zs9boxGgm.jpg', 1, '2025-06-26 14:57:15', '2026-03-11 01:25:00', 1, '', NULL),
(10, 1, 4, 'Quran Mubeen', '317', 'Tarjuma Allama M Hussain Akbar', NULL, 1299.00, 1099.00, 999.00, 730.00, 1.3700, 11.00, 5, 'products/jTcGBziyP0B4J3m3aGCjbd8MDkl9Kw2NSffGB5SE.jpg', 1, '2025-09-14 08:09:06', '2026-03-11 01:27:09', 1, '14', NULL),
(11, 1, 5, 'Namaz Chadar Open Swiss-M', '318', 'Swiss Lawn Open Round, Irani Style Namaz Chadar ', NULL, 1000.00, 850.00, 790.00, 600.00, NULL, 43.00, 20, 'products/Eqwd9F7mQhWaEs2HKdY3Bx0Lg0JzFL9u98ar8rzT.jpg', 1, '2025-09-17 02:48:38', '2026-03-11 01:26:29', 1, '', NULL),
(12, 1, 6, 'Syed e Muqawimat', '319', 'Book', NULL, 250.00, 200.00, 175.00, 148.00, NULL, 49.00, 5, 'products/0lrY4EqBs3Hc1Dt9gyuNy51dloKUyEvpbe8IBPe6.jpg', 1, '2025-09-21 00:51:13', '2026-03-11 01:26:15', 1, '', NULL),
(13, 1, 4, 'Anwar ul Quran (DiarySize)', '320', 'Quran Majeed', NULL, 1499.00, 1250.00, 1150.00, 1020.00, 0.8800, 9.00, 3, 'products/0pDjmL2TYVwLMkCpblZw4DUX9Gih0JtJ2q0VUm0C.jpg', 1, '2025-09-21 01:14:54', '2026-03-11 01:25:27', 1, '15', NULL),
(14, 1, 5, 'Namaz Chadar Swiss Lawn Open-L', '321', 'Namaz Chadar open', NULL, 1200.00, 900.00, 800.00, 680.00, NULL, 94.00, 20, NULL, 1, '2025-09-21 18:11:45', '2026-03-11 01:25:14', 1, '', NULL),
(18, 1, 7, 'Valvet Jay Namaz Small', '322', 'Jay Namaz', NULL, 650.00, 500.00, 420.00, 270.00, 0.4000, 47.00, 5, 'products/7lylFr8NMcBF2rdL8t7Z0X28tY4TmJxTiOW6DHgJ.jpg', 1, '2025-09-26 18:10:41', '2026-03-11 01:26:28', 1, '', NULL),
(19, 1, 7, 'Valvet Jay Namaz Medium', '323', 'Jay Namaz', NULL, 950.00, 800.00, 700.00, 500.00, 1.1500, 48.00, 5, 'products/Yib1NaQbMQU0ZJBK2vpl5n4Ho2jVvaWvhBFnepHP.jpg', 1, '2025-09-26 18:14:03', '2026-03-11 01:26:28', 1, '', NULL),
(20, 1, 7, 'Valvet Jay Namaz Large', '324', 'Jay Namaz', NULL, 1150.00, 950.00, 890.00, 600.00, 1.5000, 66.00, 5, 'products/TFNLpua7XboEjyCNR8XZFqtC4c8qrnRrnXVyABi5.jpg', 1, '2025-09-26 18:16:59', '2026-03-11 01:26:28', 1, '', NULL),
(21, 1, 11, 'Printed Basiji', '325', 'Basiji Romal Printed', NULL, 700.00, 600.00, 550.00, 370.00, 0.1600, 68.00, 5, 'products/7kfonooKkoUt6DHuQstMSXb2CDBkoVVMMItQDPO9.jpg', 1, '2025-09-30 20:35:35', '2026-03-13 13:45:49', 1, '', '1'),
(22, 1, 7, 'Hadia Hussaini', '326', 'Sajda Gah Tasbeeh Box', NULL, 120.00, 100.00, 95.00, 83.00, 0.0600, 11.00, 5, 'products/iFqe5nsKIAxn23phM8SVUs5UXhlbTDvzFIb6CBeN.jpg', 1, '2025-10-01 22:39:32', '2026-03-11 01:26:29', 1, '', NULL),
(23, 1, 5, 'Irani Hijab Round Chadar ', ' 327  ', '', NULL, 2999.00, 2799.00, 2699.00, 2200.00, 1.0000, 6.00, 5, 'products/9pCAGDNcECQ4nb1ssB4iC93ywwHV8QXsDvui3uj6.jpg', 1, '2025-12-13 06:45:20', '2026-03-11 01:26:43', 1, '', NULL),
(24, 1, 4, 'Balagh ul Quran Large', '313', 'VIP', NULL, 2500.00, 2250.00, 2100.00, 1845.00, 2.4000, 55.00, 3, 'products/5BVSKA8yPPoQ85eOB6PF0kc9AhdAiR4biVXkvXRk.jpg', 1, '2025-12-19 21:23:14', '2026-03-11 01:26:56', 1, '1,2,3', ''),
(25, 1, 7, 'Dua e Tawasal', '329', 'Dua ', NULL, 80.00, 75.00, 65.00, 50.00, 0.0400, 11.00, 0, NULL, 1, '2025-12-19 21:26:29', '2026-03-11 03:25:57', 1, '', NULL),
(26, 1, 7, 'Dua e Kumail', '330', 'Dua', NULL, 120.00, 90.00, 80.00, 70.00, 0.0400, 11.00, 0, NULL, 1, '2025-12-19 21:29:10', '2026-03-11 03:25:57', 1, '', NULL),
(27, 1, 7, 'Dua e Joshan Kabeer', '331', 'Dua', NULL, 150.00, 125.00, 120.00, 110.00, 0.1100, 5.00, 5, NULL, 1, '2025-12-19 21:31:27', '2026-03-11 01:26:56', 1, '', NULL),
(28, 1, 7, 'Dua e Noor', '332', 'Dua', NULL, 150.00, 125.00, 120.00, 110.00, 0.0500, 5.00, 5, NULL, 1, '2025-12-19 21:32:44', '2026-03-11 01:26:56', 1, '', NULL),
(29, 1, 7, 'Ziarat e Aal e Yaseen', '333', 'Dua', NULL, 100.00, 80.00, 75.00, 70.00, 0.0400, 5.00, 5, NULL, 1, '2025-12-19 21:34:59', '2025-12-19 21:44:35', 1, '', NULL),
(30, 1, 7, 'Dua e Nudba', '334', 'Dua', NULL, 150.00, 125.00, 120.00, 110.00, 0.0800, 5.00, 5, NULL, 1, '2025-12-19 21:36:14', '2025-12-19 21:44:35', 1, '', NULL),
(31, 1, 7, 'Ziarat e Nahia o Warisa', '335', 'Dua', NULL, 150.00, 125.00, 120.00, 110.00, 0.0700, 5.00, 5, NULL, 1, '2025-12-19 21:37:05', '2025-12-19 21:44:35', 1, '', NULL),
(32, 1, 7, 'Majmoa Dua', '336', 'Dua', NULL, 150.00, 125.00, 120.00, 110.00, 0.0800, 5.00, 5, NULL, 1, '2025-12-19 21:37:56', '2025-12-19 21:44:35', 1, '', NULL),
(33, 1, 7, 'Ziarat e Ashoora o Arbaeen', '337', 'Dua', NULL, 180.00, 160.00, 145.00, 130.00, 0.0800, 5.00, 5, NULL, 1, '2025-12-19 21:38:47', '2025-12-19 21:44:35', 1, '', NULL),
(34, 1, 7, 'Taqibat e Namaz', '338', 'Dua', NULL, 300.00, 250.00, 230.00, 210.00, 0.1500, 4.00, 2, NULL, 1, '2025-12-19 21:41:17', '2026-03-11 17:08:15', 1, '', ''),
(35, 1, 4, 'Quran al Kareem 150-L', '339', 'With out Translation Quran', NULL, 800.00, 700.00, 620.00, 575.00, 1.5700, 1.00, 2, 'products/SADKLHMhOXUjaErze5DObSRW7Z0BF1KqTnXhTdgW.jpg', 1, '2025-12-20 20:47:00', '2026-03-11 01:27:07', 1, '', NULL),
(36, 1, 4, 'Quran Majeed (Farman) 786/2 5', '340', 'Quran Pak', NULL, 1800.00, 1650.00, 1500.00, 1350.00, 1.6500, 4.00, 2, 'products/YTZvVFteNBEp2w04xG5nbhkXVukV60aGNydFTaJj.jpg', 1, '2025-12-26 00:33:02', '2026-03-11 01:27:22', 1, '', NULL),
(37, 1, 9, 'Imamia jantri-26', '341', 'جنتری 2026 ایک مستند اسلامی کیلنڈر ہے جو اہم مذہبی معلومات فراہم کرتا ہے۔ یہ جنتری روزانہ کی دعائیں، نماز کے اوقات، اہم اسلامی واقعات، اور نجومی رہنمائی پر مشتمل ہوتی ہے۔', NULL, 390.00, 300.00, 280.00, 227.00, 0.2200, 43.00, 5, 'products/QM5oAyd8IPwMaKcDqLNhlnEXj1JpHXB7cC61SGAJ.jpg', 1, '2025-12-28 00:05:19', '2025-12-28 18:26:01', 1, '56', NULL),
(38, 1, 4, 'Quran Majeed (Farman786/1)', '342', 'ترجمہ و تفسیر سید فرمان علی شاہ ', NULL, 1500.00, 1250.00, 1150.00, 925.00, 1.5200, 5.00, 5, 'products/xQWfDJd6ilxpv9mRFbrpbEcdz3U3U28PAdYzR7EP.jpg', 1, '2025-12-28 05:34:36', '2025-12-28 18:25:20', 1, '4', NULL),
(39, 1, 4, 'Pocket Quran Art paper', '343', 'پوکٹ سائز قرآن رنگین ', NULL, 650.00, 500.00, 475.00, 375.00, 0.2000, 10.00, 5, 'products/XkUYcrw46DFTjF11kXYk4yHoC759VpzBBWbV19By.jpg', 1, '2025-12-28 05:41:32', '2025-12-28 19:15:42', 1, 'R6', NULL),
(41, 1, 7, 'Mafate Ul Jinan', '344', ' مفاتیح الجنان آیت اللہ شیخ عباس قمی۔', NULL, 1300.00, 1000.00, 950.00, 800.00, 1.7150, 3.00, 2, 'products/iqgcarhhWHDYjLC2k0c1tMM5cIWUYJtwypLNQ7gU.jpg', 1, '2025-12-28 21:34:23', '2026-03-11 03:25:57', 1, '16', NULL),
(43, 1, 6, 'Sir Buland', '345', 'Shaheed Mohsin Hujaji', NULL, 650.00, 575.00, 530.00, 465.00, 0.3650, 7.00, 0, 'products/w7911Rqz7JOVQmC53k2rldxV0oGzhvXKdlgS83JL.jpg', 1, '2025-12-29 22:15:22', '2026-03-10 17:39:45', 1, '', ''),
(44, 1, 6, 'Sadar e Mohtram', '346', 'Shaheed Sadar Ibraheem Raisi', NULL, 200.00, 120.00, 110.00, 80.00, 0.0650, 198.00, 5, 'products/YzPruR7KZEw82YRD4ik5JsdJeqK2he8BlHyRY4lI.jpg', 1, '2025-12-29 22:17:03', '2026-01-19 03:13:33', 1, '24', NULL),
(45, 1, 6, 'Salam bar Ibraheem (1)', '347', 'Shaheed Ibraheem Hadi', NULL, 600.00, 450.00, 410.00, 370.00, 0.3450, 9.00, 0, 'products/hQjNW9k7NZgn0fhUzsz9JRljl14MwsfYyOg5K8hf.jpg', 1, '2025-12-29 22:19:23', '2026-01-19 00:23:20', 1, '', NULL),
(48, 1, 9, 'Nehj ul Balagha (Afkar)', '348', 'نہج البلاغہ علامہ مفتی جعفر حسین ', NULL, 1500.00, 1250.00, 1200.00, 1050.00, 1.7550, 5.00, 5, NULL, 1, '2025-12-30 06:29:26', '2025-12-31 01:44:03', 1, '3,7', NULL),
(49, 1, 9, 'ALI Chehra e Yazdan', '349', 'Islamic Book', NULL, 450.00, 350.00, 300.00, 250.00, 0.4800, 122.00, 5, 'products/2JxOxxLprYjDau9bU2uCI2yxkeSnR8ZYoI8EFxpR.jpg', 1, '2025-12-31 01:45:59', '2026-01-19 21:01:04', 1, '', NULL),
(50, 1, 8, 'Afnan itar', '449', 'Perfumea', NULL, 250.00, 200.00, 170.00, 110.00, 0.0400, 395.00, 5, 'products/tHB1E7sfXZd8rHofYVvM19pQkavjtYkX3GGlipHD.jpg', 1, '2025-12-31 05:33:17', '2026-01-15 21:06:44', 1, '', NULL),
(51, 1, 9, 'Khazeena e Imania', '350', 'Islamic Book', NULL, 1100.00, 850.00, 800.00, 750.00, 0.8400, 29.00, 5, 'products/GL7kAsUPAjF1u2V4LwnNjE0CvfgccfsoFipH1Wwq.jpg', 1, '2025-12-31 06:00:57', '2025-12-31 06:19:29', 1, '', NULL),
(52, 1, 8, 'Basiji Romal White Small', '351', 'Basiji Romal White Small', NULL, 400.00, 350.00, 330.00, 300.00, 0.1500, 4.00, 5, 'products/SHQXqaHYAzPZlEYM8n5k0If5hXRbcRWWsllI44y6.jpg', 1, '2025-12-31 06:56:47', '2026-01-19 02:07:40', 1, '', NULL),
(53, 1, 8, 'Basiji Romal Black Small', '352', 'Basiji Romal Black Small', NULL, 400.00, 350.00, 330.00, 300.00, 0.1500, 3.00, 5, 'products/1aPRASpjfZT91YKLprTQzZrNfGG7H8uBhyAiFNnd.jpg', 1, '2025-12-31 07:00:20', '2026-02-11 02:41:36', 1, '', NULL),
(54, 1, 8, 'Basiji Romal White Large', '353', 'Basiji Romal White Large', NULL, 400.00, 350.00, 330.00, 300.00, NULL, 79.00, 20, 'products/tvyhv0ZChaWyHZqzQOdtGl4tKXhPkNy4JVuolf35.jpg', 1, '2025-12-31 07:03:19', '2026-03-10 18:59:29', 1, '', ''),
(55, 1, 8, 'Basiji Romal Black Large', '354', 'Basiji Romal Black Large', NULL, 400.00, 350.00, 330.00, 300.00, NULL, 21.00, 10, 'products/w8OyJIPqcTWbQ3yEOTT1R6JA1dX4N9wUjvgHPrd5.jpg', 1, '2025-12-31 07:04:57', '2026-03-10 16:53:08', 1, '', ''),
(56, 1, 7, 'Sajda Gah -2 inches', '355', 'Sajda Gah - 2 inches', NULL, 50.00, 35.00, 30.00, 25.00, 0.0400, 19.00, 5, 'products/6GjmbQZYGAOGQFWDORLenZ2vg9SqQgUyTjtyuj7D.jpg', 1, '2025-12-31 07:20:24', '2026-01-04 22:27:14', 1, '', NULL),
(57, 1, 10, 'Dur e Najaf Pathar ', '356', 'Nagina', NULL, 150.00, 100.00, 80.00, 40.00, 0.0010, 0.00, 2, 'products/uaFb0GB5a45pqW0lucasQ7ZaISZsu4BRafXoUxIZ.webp', 1, '2026-01-01 19:18:47', '2026-01-01 20:44:16', 1, '', NULL),
(58, 1, 8, 'Kafan Karbala', '358', '', NULL, 2900.00, 2600.00, 2500.00, 2300.00, 0.7500, 0.00, 2, 'products/QC1agCOpAPokPP4iFXtBilq4BODnd7rXRFRFKYpK.jpg', 1, '2026-01-01 19:55:41', '2026-01-01 20:38:31', 1, '', NULL),
(59, 1, 10, 'Sang Sitara Stone', '357', '', NULL, 170.00, 120.00, 100.00, 55.00, 0.0010, 0.00, 5, 'products/ROwOvWYHMFUc5GXQEkG3YPqH24kakoJFZWeJCAJL.jpg', 1, '2026-01-01 19:56:33', '2026-01-01 20:43:59', 1, '', NULL),
(60, 1, 5, 'Lenon Namaz Chadar', '359', '', NULL, 2000.00, 1750.00, 1700.00, 1520.00, 1.0000, 0.00, 5, 'products/mnLQDNebCV6u60w5xh50K2PXVPDX46FuvbqtmqTf.jpg', 1, '2026-01-02 01:54:27', '2026-01-02 01:54:27', 1, '', NULL),
(61, 1, 7, 'Tasbeeh Um ul Baneen 100', '360', '', NULL, 999.00, 800.00, 650.00, 350.00, 0.0500, 3.00, 2, 'products/9KrWqjOil4M8b2OPjzeDAft2DmMQQRJY6NsItbhX.jpg', 1, '2026-01-02 01:55:33', '2026-03-07 16:20:36', 1, '', '1'),
(62, 1, 8, 'Irani Banner', '361', '', NULL, 700.00, 600.00, 450.00, 350.00, 0.0700, 4.00, 0, 'products/xFDGms0QcsxF8ylROlhrDmN73s9L1EwwTYwKDxQK.jpg', 1, '2026-01-02 02:10:00', '2026-03-11 12:45:44', 1, '', '1'),
(63, 1, 7, 'Z. Ashura, Nahiya + Dua e Nudba', '362', '', NULL, 200.00, 150.00, 135.00, 105.00, 0.0800, 0.00, 0, 'products/bbfuXKRiy79drjD03jXMFRe5PEc6mU2sLnd8wulj.jpg', 1, '2026-01-02 02:26:24', '2026-01-02 02:26:24', 1, '', NULL),
(64, 1, 4, 'Tafseer e Namona Brown ', '363', 'تفسیرِ نمونہ علامہ صفدر حسین نجفی ', NULL, 18000.00, 15000.00, 14000.00, 12000.00, 18.2850, 1.00, 5, 'products/RuBsqPFLm03WeVxj33eoUGZOCjTcVXUuXVsDsner.jpg', 1, '2026-01-04 19:31:43', '2026-01-04 19:31:43', 1, '8,9', NULL),
(65, 1, 4, 'Tafseer e Namona Golden ', '364', 'تفسیرِ نمونہ علامہ صفدر حسین نجفی ', NULL, 18000.00, 15000.00, 14000.00, 12000.00, 16.9300, 1.00, 5, 'products/n93KbxLRgSF0lARJriz1nsYmnh7KIdaqAqV3aWfU.jpg', 1, '2026-01-04 19:43:41', '2026-01-04 19:45:53', 1, '10٫11', NULL),
(66, 1, 9, 'Wasael Ul Shiya', '365', 'تالیف: علامہ محمد بن الحسن\r\nترجمہ: علامہ محمد حسین نجفی\r\n10 جلدیں ', NULL, 0.00, 0.00, 0.00, 0.00, 11.7200, 1.00, 5, 'products/gBvskmv5Qs4veANK0rlFFH7OVADZBfLBlJcVw1Ql.jpg', 1, '2026-01-04 19:55:07', '2026-01-04 19:55:07', 1, '11,12', NULL),
(67, 1, 4, 'Alquran Alkareem ', '366', 'ترجمہ و تفسیر علامہ محسن علی نجفی ', NULL, 1300.00, 1100.00, 1000.00, 900.00, 1.4350, 12.00, 5, 'products/pthOgaK2QwQcuhBEWB1dfd2yVNQ1vpoM7p3gaXrH.jpg', 1, '2026-01-04 20:04:41', '2026-01-04 20:04:41', 1, '13,14', NULL),
(68, 1, 4, 'Pocket Size Quran Translate ', '367', 'ترجمہ سید فرمان علی شاہ ', NULL, 800.00, 650.00, 600.00, 500.00, 0.4900, 1.00, 5, 'products/44WTiwNQrdkb473WpJwgutOE2DT9IKE8r5ViUAdd.jpg', 1, '2026-01-04 20:33:08', '2026-01-04 20:33:08', 1, '15', NULL),
(69, 1, 6, 'Ashqy e Tanhayi', '368', 'شہید محمد معماریان کی والدہ محترمہ کی یاداشتیں ', NULL, 900.00, 750.00, 700.00, 600.00, 0.2750, 1.00, 5, 'products/wmm5DYPwpXWV9X8KJaLJbt7ypAlZzpIuQ4mOZctm.jpg', 1, '2026-01-04 20:42:45', '2026-01-04 20:42:45', 1, '17', NULL),
(70, 1, 6, 'Khiza ki Rut', '369', 'سردار شہید احمد یوسفی کی زوجہ فخر السادات موسوی کی یاداشتیں ', NULL, 0.00, 0.00, 0.00, 0.00, 0.3650, 1.00, 5, 'products/GHmJTs6DvBpJaYL2VmwTzqFiMLvUpnYjSk7c4O5K.jpg', 1, '2026-01-04 20:52:40', '2026-01-04 20:52:40', 1, '17', NULL),
(71, 1, 6, 'Dastany Bekarari', '370', 'شہید حسین محرابی کی زوجہ مرضیہ بلدیہ کی یاداشتیں ', NULL, 0.00, 0.00, 0.00, 0.00, 0.4900, 1.00, 5, 'products/KrbMpkzIXk2vdDUN0UB04Rc77oubaUWbbZeBrIV0.jpg', 1, '2026-01-04 21:09:58', '2026-01-05 19:45:48', 1, '17', NULL),
(72, 1, 6, 'Lashqr e Khuban', '371', 'مہدی قلی رضائی کی یاداشتیں ', NULL, 0.00, 0.00, 0.00, 0.00, 0.7400, 1.00, 5, 'products/2zNucklJJTRYwzf0yDFQxYUFZ3NwPlPWMdosK3oE.jpg', 1, '2026-01-04 21:12:46', '2026-01-04 21:12:46', 1, '17', NULL),
(73, 1, 6, 'Imam Khomeini ka kamsen sepahi', '372', 'دفاع مقدس کے معروف 13 سالہ ایرانی قیدی مہدی طحانیاں کی سرگزشت', NULL, 0.00, 0.00, 0.00, 0.00, 0.4800, 1.00, 5, 'products/mtuRID40qdaKR2NHLb3YfvVvMvlFlwHQULlpGG1h.jpg', 1, '2026-01-04 21:15:54', '2026-01-04 21:15:54', 1, '17', NULL),
(74, 1, 6, 'Jab Chand Ojal howa', '373', 'علی خوش لفظ کی یادیں', NULL, 0.00, 0.00, 0.00, 0.00, 0.5250, 1.00, 5, 'products/Q0Q03lKHdTv9akkKsRKXyqozTPQ7UYLuWvMHsylE.jpg', 1, '2026-01-04 21:18:56', '2026-01-04 21:18:56', 1, '17', NULL),
(75, 1, 7, 'Misbah Al Abedeen', '374', 'سال بھر کی دعاؤں اور اعمال کا منفرد مجموعہ ', NULL, 0.00, 0.00, 0.00, 0.00, 0.9900, 1.00, 5, 'products/hOjVmcUqQUt7GCYwA8QpeS51TW97CTQDTrSjPZUv.jpg', 1, '2026-01-05 19:38:48', '2026-01-05 19:38:48', 1, '17', NULL),
(76, 1, 9, 'Tuhfa Tul Awam', '375', 'علامہ سید منظور حسین نقوی', NULL, 0.00, 0.00, 0.00, 0.00, 0.9650, 2.00, 5, 'products/VjKwZu10ypIah55RkZKwivkgGGXu94D4fmoPKYt0.jpg', 1, '2026-01-05 19:41:13', '2026-01-05 19:41:13', 1, '17', NULL),
(77, 1, 9, 'Chuda Sitary', '376', 'چہاردہ معصومین کی مکمل سوانح حیات علامہ سید ذیشان حیدر جوادی ', NULL, 0.00, 0.00, 0.00, 0.00, 0.8450, 1.00, 5, 'products/0qj2885p6FcdxsRvxylgWdOTZ8j2hSRsgJxXLDmC.jpg', 1, '2026-01-05 19:44:56', '2026-01-05 19:44:56', 1, '17', NULL),
(78, 1, 9, 'Khisal', '377', 'زندگی گزرانے کے آداب آئمہ معصومین علیہم السلام کے ارشادات کی روشنی میں ', NULL, 0.00, 0.00, 0.00, 0.00, 0.7050, 1.00, 5, 'products/YCKfhOFTpgmhNtd90Mj4taivukZI43ziyDE7btng.jpg', 1, '2026-01-05 19:48:05', '2026-01-05 19:48:05', 1, '17', NULL),
(79, 1, 9, 'Albehja tul Marziya', '378', '', NULL, 0.00, 0.00, 0.00, 0.00, 1.0400, 1.00, 5, 'products/J4tkIbh1aaFuJ3ld9OCrEhfnzy2LpCk1n8s6njf6.jpg', 1, '2026-01-05 19:50:12', '2026-01-05 19:50:12', 1, '17', NULL),
(80, 1, 9, 'Alal Al Sharaya (1)', '379', 'شیخ صدوق ', NULL, 0.00, 0.00, 0.00, 0.00, 1.2250, 1.00, 5, 'products/qEvE70CkqVc6gH0xcgx5j27QgdqXBqVJRDUQUEJ0.jpg', 1, '2026-01-05 19:57:17', '2026-01-05 19:59:13', 1, '7', NULL),
(81, 1, 9, 'Alal Al Sharaya (2)', '380', 'شیخ صدوق ', NULL, 0.00, 0.00, 0.00, 0.00, 1.1850, 1.00, 5, 'products/ihKnBlMwHiqAFK0UCopPaKHWdQ2AqAyUEQA94I6W.jpg', 1, '2026-01-05 19:58:44', '2026-01-05 19:59:34', 1, '7', NULL),
(82, 1, 9, 'Mayni Al Akhbar (1)(2)', '381', 'شیخ صدوق ', NULL, 0.00, 0.00, 0.00, 0.00, 2.0950, 1.00, 5, 'products/u4MOCP9Ct42Jw7FV2CQ3RML9JJA9B6XNXUFa4fa4.jpg', 1, '2026-01-05 20:01:54', '2026-01-06 19:28:04', 1, '7', NULL),
(83, 1, 9, 'Nehj Ul Balagah ki Doniya', '382', 'شہید مرتضیٰ مطہری ', NULL, 0.00, 0.00, 0.00, 0.00, 0.3400, 2.00, 5, 'products/xadmrGLrtXBTXDTSgSKGAFlQA8XGlhbcKV5xR5CM.jpg', 1, '2026-01-06 19:30:35', '2026-01-06 19:30:35', 1, '18', NULL),
(84, 1, 9, 'Nehaj Ul Balagah ki Istnad', '383', 'علامہ سید علی نقی نقوی', NULL, 0.00, 0.00, 0.00, 0.00, 0.2950, 2.00, 5, 'products/wjejLVtVj8gTsUnwMlD5LdVSKpP13JUBWnHaVkLW.jpg', 1, '2026-01-06 19:33:10', '2026-01-06 19:33:10', 1, '18', NULL),
(85, 1, 9, 'Nehaj Ul Balagah or Marifyat khuda', '384', 'علامہ مقبول حسین علوی', NULL, 0.00, 0.00, 0.00, 0.00, 0.2950, 2.00, 5, 'products/MtuuwWrusEwmPgzv8jtbj8zM31gmweWO7vMZPlg7.jpg', 1, '2026-01-06 19:34:46', '2026-01-06 19:34:46', 1, '18', NULL),
(86, 1, 9, 'Hadisy Arz e Deen', '385', 'ایمانیات حقہ امامیہ پر مشتمل حضرت عظیم الحسنی علیہ السلام کی حدیث عرض دین', NULL, 0.00, 0.00, 0.00, 0.00, 0.1100, 2.00, 5, 'products/kcVos9DJBAl2YI1HKdwdCYobQrrmsa5NZwJcGzY4.jpg', 1, '2026-01-06 19:38:18', '2026-01-06 19:38:18', 1, '18', NULL),
(87, 1, 9, 'Deni Baty', '386', 'علامہ سید رضی عباس ہمدانی ', NULL, 0.00, 0.00, 0.00, 0.00, 0.1700, 3.00, 5, 'products/Az8pIFyVCKNggf9oh6Cm9NZWZVj66bBNQxZJnhDb.jpg', 1, '2026-01-06 19:40:22', '2026-01-06 19:40:22', 1, '18', NULL),
(88, 1, 9, 'Ainy Hukmrani', '387', 'امام علی علیہ السلام کی نظر میں \r\nآیت اللہ شیخ محمد فاضل لنکرانی رح', NULL, 0.00, 0.00, 0.00, 0.00, 0.2500, 2.00, 5, 'products/b1ydmeE7na2B92Cf7snwGKvMcAIexvbQWdcIv7AP.jpg', 1, '2026-01-06 19:42:43', '2026-01-06 19:42:43', 1, '18', NULL),
(89, 1, 9, 'Zinat e Muntziren', '388', '', NULL, 0.00, 0.00, 0.00, 0.00, 0.1050, 2.00, 5, 'products/nQL9FvS0Xi0Q7BdEZOm6uVptdTTdci4YfJsRqRiu.jpg', 1, '2026-01-06 19:44:19', '2026-01-06 19:45:17', 1, '18', NULL),
(90, 1, 6, 'Hmara Khush Bakhat Sathi', '389', 'Hmara Khush Bakhat Sathi', NULL, 350.00, 300.00, 270.00, 220.00, 0.1400, 9.00, 0, 'products/D06tl7mfGE2PQqguBIpkux9491Ne7CloZICBdC9t.jpg', 1, '2026-01-06 19:47:25', '2026-01-19 03:13:33', 1, '18', NULL),
(91, 1, 6, 'Tin Adhy Saiab', '390', 'مدافعان حرم شہید مصطفیٰ بختی اور شہید مجتبیٰ بختی کی والدہ خدیجہ شاد کی یاداشتیں ', NULL, 0.00, 0.00, 0.00, 0.00, 0.2750, 5.00, 5, 'products/aIUpWkuLQBEHntgMJotzh7MjhtP8bLkL2E4GdXw4.jpg', 1, '2026-01-06 19:55:14', '2026-01-06 19:55:14', 1, '18', NULL),
(92, 1, 6, '85 Saal ki Khiza', '391', 'مدافعان حرم کمانڈر محمد جمالی شہید کی شریکِ حیات مریم جمالی کی یاداشتیں ', NULL, 0.00, 0.00, 0.00, 0.00, 0.2050, 6.00, 5, 'products/h32EPzL0NfW1Ebf6NAFmI8izG9MkInVkSdzgX65L.jpg', 1, '2026-01-06 19:58:00', '2026-01-06 19:58:37', 1, '18', NULL),
(93, 1, 9, 'Ahqamy Musafar', '392', 'آیت اللہ سیستانی کے فتاوی کے مطابق ', NULL, 0.00, 0.00, 0.00, 0.00, 0.8500, 2.00, 5, 'products/OvA6baNRZJZDIX05pWJd5io5B5m9MEnMWQiSYSG0.jpg', 1, '2026-01-06 20:00:41', '2026-01-06 20:00:41', 1, '18', NULL),
(94, 1, 9, '12 Ayma ke Imamat Pr Nasoos e Sariha', '393', 'بارہ آئمہ پر نصوصِ صریحہ', NULL, 0.00, 0.00, 0.00, 0.00, 0.3150, 2.00, 5, 'products/omGjVaEENOpVsCIrKC8k7sYTYGkFS11avCiNnXmY.jpg', 1, '2026-01-06 20:02:45', '2026-01-06 20:08:10', 1, '18', NULL),
(95, 1, 9, 'Ahlybiat a.s ki Wasehty', '394', 'آئمہ اہلبیت علیہم السلام کی وصیتیں اور مومنین کے باہمی حقوق\r\nعلامہ شیخ صدوق ', NULL, 0.00, 0.00, 0.00, 0.00, 0.4050, 2.00, 1, 'products/ZoKsoXvYrrumyrASARZiqCMbzZzNfgq4qDHduv8K.jpg', 1, '2026-01-06 20:05:05', '2026-01-09 01:53:37', 1, '18', NULL),
(96, 1, 5, 'Nida Abaya-Zip', '395', 'Elegant aur comfortable nida fabric se tayyar ki gayi yeh abaya front zip ke sath hai, jo daily aur formal wear dono ke liye perfect hai. 62 inch length puri coverage aur graceful look deti hai — simple, classy aur bohat attractive', NULL, 3800.00, 3300.00, 3000.00, 2800.00, 0.4000, 0.00, 0, 'products/yTUk3svFVOiNWiGzgzlREdkbIPPj2HaTwakVRJsh.jpg', 1, '2026-01-07 07:25:52', '2026-03-11 17:13:42', 1, '', ''),
(97, 1, 9, 'Amamat ahil biyat', '396', 'حدیثِ ثقلین اور غدیر کی روشنی میں \r\nقرآن اور احادیث صحیح سے امامت اہل بیت علیہم السلام کا اثبات اور شبہات کا مدلل و مسکت جواب ', NULL, 0.00, 0.00, 0.00, 0.00, 0.6500, 1.00, 0, 'products/1konIO8kVpvMuhl9tVOYX4fCxz9qhVNSSkHO8gky.jpg', 1, '2026-01-09 00:24:38', '2026-01-09 00:53:40', 1, '19', NULL),
(98, 1, 9, 'Ruh Anis', '397', 'میر انیس کے بہترین مرثیوں اور رباعیوں کا مجموعہ ', NULL, 0.00, 0.00, 0.00, 0.00, 0.4400, 1.00, 0, 'products/ipSm4a0UFVqLSi6hiRks02HHZH2yNilOBzsLyiMT.jpg', 1, '2026-01-09 00:32:24', '2026-01-09 00:37:04', 1, '19', NULL),
(99, 1, 9, 'Almujaz', '398', 'اصول فقہ ', NULL, 0.00, 0.00, 0.00, 0.00, 0.3050, 2.00, 1, 'products/pYIv9acxYP2nEQNzuStQud0jpJH6HlwZDnm82pDo.jpg', 1, '2026-01-09 01:05:12', '2026-01-09 01:05:12', 1, '19', NULL),
(100, 1, 9, 'Sert Amam Zin Alabidin a.s', '399', 'امام زین العابدین علیہ السلام کی زندگی پر کتاب', NULL, 0.00, 0.00, 0.00, 0.00, 0.3150, 1.00, 0, 'products/noch3GG2MEZAiWT2alD2o7iskqihq2cW9zeZIFYT.jpg', 1, '2026-01-09 01:20:35', '2026-01-09 01:20:35', 1, '19', NULL),
(101, 1, 9, 'Moujazat Hazrat Imam Hussain ', '400', 'کرامات امام حسین علیہ السلام بعد از شھادت', NULL, 0.00, 0.00, 0.00, 0.00, 0.2900, 1.00, 0, 'products/Wyp0kqGsMf0xqvubrqUl8QsTtnoLxYo5cmwk8cpt.jpg', 1, '2026-01-09 01:36:17', '2026-01-09 01:36:17', 1, '19', NULL),
(102, 1, 9, 'Maraft Imam zamana Ajj', '401', 'معرفت امام زمانہ عج اور ہماری ذمہداریاں \r\nعلامہ سید افتخار حسین نقوی', NULL, 0.00, 0.00, 0.00, 0.00, 0.4950, 1.00, 0, 'products/owJtdu8x9j28mIrIOWKAfIGvn4Vmi8tZ8nhpylCl.jpg', 1, '2026-01-09 01:39:42', '2026-01-09 01:39:42', 1, '19', NULL),
(103, 1, 9, 'Ali To Ali Hay', '402', '', NULL, 0.00, 0.00, 0.00, 0.00, 0.4650, 1.00, 0, 'products/CBPbSAXfKVgEX5sOjdO14KA1clYtbXqJllZqna0e.jpg', 1, '2026-01-09 01:41:55', '2026-01-09 01:41:55', 1, '19', NULL),
(104, 1, 9, 'Ahakam Nakah', '403', 'احکام نکاح اور ازدواجی زندگی کے مسائل بمطابق فتاویٰ آیت اللہ سیستانی ', NULL, 0.00, 0.00, 0.00, 0.00, 0.4050, 2.00, 1, 'products/8N3qs4nLPYe0aMKadX34mKPdTMhzfDRP47rNqPbO.jpg', 1, '2026-01-09 01:47:19', '2026-01-09 01:47:19', 1, '19', NULL),
(105, 1, 9, 'Quran Fahmi ', '404', 'قرآن فہمی و معصوم شناسی\r\nپروفیسر علامہ عبدالحکیم بوترابی ', NULL, 0.00, 0.00, 0.00, 0.00, 0.2550, 1.00, 0, 'products/c7qkZaZlDQeEcX3ROAgYHsxBafp4us2L97UgjbEf.jpg', 1, '2026-01-09 01:52:46', '2026-01-09 01:52:46', 1, '19 ', NULL),
(106, 1, 9, 'Masali Khanwadah ', '405', 'مثالی خانوادہ قرآن و سنت کی نظر میں', NULL, 0.00, 0.00, 0.00, 0.00, 0.3350, 1.00, 0, 'products/fnSgXFvjn5WLLw05nApuQNf9u1oWjUG518TnRZfK.jpg', 1, '2026-01-09 17:02:25', '2026-01-09 17:02:25', 1, '19', NULL),
(107, 1, 6, 'Zandan Se Pare Rangi Chaman', '406', 'رہبر معظم سید علی خامنہ ائ کی اسلامی انقلاب کے دوران قید و بند اور شہر بدری کے واقعات پر مبنی یاداشتیں ', NULL, 0.00, 0.00, 0.00, 0.00, 0.3650, 1.00, 0, 'products/fxMVquXLycpcY10NKOInhzuRq2PRGiSjniVAYjes.jpg', 1, '2026-01-09 17:06:31', '2026-01-09 17:06:31', 1, '19', NULL),
(108, 1, 9, 'Akhalaqiyat ', '407', 'اخلاقیات یعنی اصولِ زندگی', NULL, 0.00, 0.00, 0.00, 0.00, 0.0950, 2.00, 1, NULL, 1, '2026-01-09 17:10:20', '2026-01-09 17:10:20', 1, '19', NULL),
(109, 1, 9, 'Ahakam Haqooq Amwat', '408', 'مولانا سید رضی عباس ہمدانی ', NULL, 0.00, 0.00, 0.00, 0.00, 0.0900, 2.00, 1, 'products/oKrrrp7dlAPAwBpEgPgUMH6VkmDJxmMipt3WdZuf.jpg', 1, '2026-01-09 17:13:54', '2026-01-09 17:13:54', 1, '19', NULL),
(110, 1, 6, 'Dukhtari shina', '409', 'شہید سردار حاج ستار ابراہیمی کی یاداشتیں ', NULL, 0.00, 0.00, 0.00, 0.00, 0.3200, 1.00, 0, 'products/3LpIIuplUqldwuUfm2hs6hm7uOdPlRS3OoYLO7ro.jpg', 1, '2026-01-09 17:17:51', '2026-01-09 17:17:51', 1, '19', NULL),
(111, 1, 6, '50 Salah Bandgi', '410', 'شہدائے اسلام کے وصیت نامے', NULL, 0.00, 0.00, 0.00, 0.00, 0.2920, 1.00, 2, 'products/4K1ZF236A7c8DmwEmqR7PYurtNUfGBsXUgoPoSNS.jpg', 1, '2026-01-09 17:20:44', '2026-01-09 17:20:44', 1, '19', NULL),
(112, 1, 6, 'Sarzamin Aftab Ki Mahajr', '411', '', NULL, 0.00, 0.00, 0.00, 0.00, 0.2200, 5.00, 2, 'products/J6YzJqZA6wn4bzp8LdKNZhiVRURiDjPL82kZSsax.jpg', 1, '2026-01-09 17:23:09', '2026-01-09 17:23:09', 1, '19', NULL),
(113, 1, 6, 'Ser w Salok Maktabi Salimani', '412', '', NULL, 0.00, 0.00, 0.00, 0.00, 0.3100, 1.00, 0, 'products/TMsMXwOzQsqujV8lvZfWq1DqoOprVz674MnpNWEE.jpg', 1, '2026-01-09 17:25:39', '2026-01-09 17:25:39', 1, '19', NULL),
(114, 1, 6, 'Mula Salih', '413', '', NULL, 0.00, 0.00, 0.00, 0.00, 0.3100, 1.00, 0, 'products/x82UXbQw1lMgNSU4ksuITaQiu5JkvkpuvG6q7nC2.jpg', 1, '2026-01-09 17:27:56', '2026-01-09 17:27:56', 1, '19', NULL),
(115, 1, 9, 'Wasiyat Naamah', '414', 'قرآن و احادیث و عقل کی روشنی میں', NULL, 0.00, 0.00, 0.00, 0.00, 0.0550, 1.00, 0, 'products/pUi4oCRvcexBFjT6uuP1yRbLCtc4Ua0cmzzxpVRQ.jpg', 1, '2026-01-09 17:30:27', '2026-01-09 17:30:27', 1, '19', NULL),
(116, 1, 9, 'Serti Hazrat Fatmah s.a', '415', 'عصرِ حاضر کی خواتین کی ذمہداری سیرتِ حضرت فاطمہ سلام اللہ علیہا کی روشنی میں', NULL, 0.00, 0.00, 0.00, 0.00, 0.0700, 1.00, 0, 'products/tjMmR4GJhEi69DG3EWpRzXZOvmK4znzdX6cmZqf0.jpg', 1, '2026-01-09 17:33:52', '2026-01-09 17:33:52', 1, '19', NULL),
(117, 1, 9, 'Katab Wazaif', '416', 'کتاب وظائف برائے مرحومین ', NULL, 0.00, 0.00, 0.00, 0.00, 0.0400, 1.00, 0, 'products/wDtUqNxVnZheOcmLMJGYf153dEqFrv9yJp0SbhG2.jpg', 1, '2026-01-09 17:36:19', '2026-01-09 17:36:19', 1, '19', NULL),
(118, 1, 9, 'Min Phar Aao Ga', '417', 'ان شاء اللّٰہ میں پھر آؤ گا سفر نامہ', NULL, 0.00, 0.00, 0.00, 0.00, 0.2650, 1.00, 0, 'products/RVVHcUdCn6zhJEs8Yiy8JXllQDqpBD2rsfLB9Ofb.jpg', 1, '2026-01-09 17:38:36', '2026-01-09 17:38:36', 1, '19', NULL),
(119, 1, 9, 'Amam Sajad a.s Bargah Mabud Min', '418', '', NULL, 0.00, 0.00, 0.00, 0.00, 0.1650, 1.00, 0, 'products/kXgtkA2wuJMIPTmtACO3jFb7VOycUxWLeEpSj7Iq.jpg', 1, '2026-01-09 17:40:45', '2026-01-09 17:40:45', 1, '19', NULL),
(120, 1, 6, 'Imam khameeni', '419', 'امام خمینی شخصیت و افکار', NULL, 0.00, 0.00, 0.00, 0.00, 0.2600, 2.00, 1, 'products/BnOdNaZyT66c1bf01BPLo0IRNv9Yl75eIaBjq8qB.jpg', 1, '2026-01-09 17:43:04', '2026-01-09 17:43:04', 1, '19', NULL),
(121, 1, 9, 'Hakomat Mahadi', '420', '', NULL, 0.00, 0.00, 0.00, 0.00, 0.7100, 12.00, 5, 'products/Dm5q4bFodsVVGbnCwkE3cUmGvxi7oWEb44gbcBaC.jpg', 1, '2026-01-09 17:47:03', '2026-01-09 17:47:03', 1, '20', NULL),
(122, 1, 6, 'Amad Maghuniya', '421', 'لبنان کی اسلامی مزاحمتی تنظیم حزب اللہ کی عالمی شہرت یافتہ شخصیت اور مجاہد شہید عماد مغنیہ کی زندگی کے کچھ اہم واقعات ', NULL, 0.00, 0.00, 0.00, 0.00, 0.5300, 13.00, 5, 'products/nbjjsfsIOaKgM6ve9NyHODcdz3bFL4GunVs7Nki9.jpg', 1, '2026-01-09 17:50:05', '2026-01-09 17:50:05', 1, '21', NULL),
(123, 1, 9, 'katab Alsarf', '422', '', NULL, 0.00, 0.00, 0.00, 0.00, 0.4000, 2.00, 1, 'products/rsuJY5hMM23bF2W0QUC62HUiyVxnYRD9Gr34YHds.jpg', 1, '2026-01-13 19:46:48', '2026-01-13 19:46:48', 1, '22', NULL),
(124, 1, 9, 'Sharah Matah Aamil', '423', '', NULL, 0.00, 0.00, 0.00, 0.00, 0.2200, 3.00, 1, 'products/uk6tTNY6pzyTiQ0tTcvLez6IX0KfahAJZAHeDHOM.jpg', 1, '2026-01-13 19:49:06', '2026-01-13 19:49:06', 1, '22', NULL),
(125, 1, 9, 'Allah Ke Piyare', '424', '', NULL, 0.00, 0.00, 0.00, 0.00, 0.4000, 1.00, 0, 'products/GbtZxPNJDMYDTrPsL7sTZcGWgn0KybCCoWnYn9KI.jpg', 1, '2026-01-13 19:50:52', '2026-01-13 19:50:52', 1, '', NULL),
(126, 1, 9, 'Mubahilah', '425', '', NULL, 0.00, 0.00, 0.00, 0.00, 0.3450, 1.00, 0, 'products/XETnMd6hs2Hv4N8xpfV4NmJdtG2hnZRNdjIdoEME.jpg', 1, '2026-01-13 19:53:01', '2026-01-13 19:53:01', 1, '22', NULL),
(127, 1, 9, 'Sorah Kosar Ki Taqabli Tafser', '426', '', NULL, 0.00, 0.00, 0.00, 0.00, 0.4450, 1.00, 0, 'products/twvsGk6XOwm9PpnohUAJ0HGquULBRxmWgDkNwB93.jpg', 1, '2026-01-13 19:54:48', '2026-01-13 19:54:48', 1, '22', NULL),
(128, 1, 9, 'Mansabi Amamat', '427', '', NULL, 0.00, 0.00, 0.00, 0.00, 0.3050, 1.00, 0, 'products/7rODglprSHyBCSQ0VxdIy5vZEXyQpA4QfrAAQnLX.jpg', 1, '2026-01-13 19:56:31', '2026-01-13 19:56:31', 1, '22', NULL),
(129, 1, 9, 'Maktobati Ali ', '428', '', NULL, 0.00, 0.00, 0.00, 0.00, 0.2600, 1.00, 0, 'products/A45xICpcOx8df4r6A6ucDuVTv46ths9ZAPhUzfCh.jpg', 1, '2026-01-13 19:58:20', '2026-01-13 19:58:20', 1, '22', NULL),
(130, 1, 9, 'Najati Dahndah', '429', 'حزب اللہ کے جنرل سیکرٹری شیخ الشریم قاسم ', NULL, 0.00, 0.00, 0.00, 0.00, 0.3950, 3.00, 1, 'products/v9Dh2Z8TdHcZ2LzRbqlLXPzoNPPUN0wQoSwqbBOQ.jpg', 1, '2026-01-13 20:00:51', '2026-01-13 20:00:51', 1, '22', NULL),
(131, 1, 9, 'Khandan Ka Akhalaq', '430', 'حضرت آیت اللہ ابراہیم امینی ', NULL, 0.00, 0.00, 0.00, 0.00, 0.3800, 1.00, 0, 'products/nkULKN2cfkOO0aMyQAMeIWyF9glzABQS9c0kHh9h.jpg', 1, '2026-01-13 20:02:51', '2026-01-13 20:02:51', 1, '22', NULL),
(132, 1, 9, 'Saheefah Haqaiq', '431', '', NULL, 0.00, 0.00, 0.00, 0.00, 0.5500, 1.00, 0, 'products/x71VG9qJuPWHFvqBBMqFI6bRruGVj9sErSDYp1Zu.jpg', 1, '2026-01-13 20:04:27', '2026-01-13 20:04:27', 1, '22', NULL),
(133, 1, 9, 'Loh w Qalam Tire Hen', '432', '', NULL, 0.00, 0.00, 0.00, 0.00, 0.3800, 1.00, 0, 'products/Rwk0N1FJ53Wkfcgk5pclOvFibrg3MZwuy5raKJgL.jpg', 1, '2026-01-13 20:05:56', '2026-01-13 20:05:56', 1, '22', NULL),
(134, 1, 9, 'Asul Aqaid', '433', 'آیت اللہ ناصر مکارم شیرازی ', NULL, 0.00, 0.00, 0.00, 0.00, 0.3900, 1.00, 0, 'products/rUtp0COIhgw2EGfIMGbLIEZ1pucQK6q7Vn6Pm3Zd.jpg', 1, '2026-01-13 20:07:22', '2026-01-13 20:07:22', 1, '22', NULL),
(135, 1, 9, 'Majrab Taawese w Amaliyat', '434', '', NULL, 0.00, 0.00, 0.00, 0.00, 0.3150, 1.00, 0, 'products/CWlh1PQx7meQAv1Lh1UWrI3TpHpE7IU8PlZXnsmz.jpg', 1, '2026-01-13 20:10:46', '2026-01-13 20:10:46', 1, '22', NULL),
(136, 1, 9, 'Moujazat Masumin a.s', '435', '', NULL, 0.00, 0.00, 0.00, 0.00, 0.2300, 2.00, 1, 'products/FiDiIYKM4ZOem1heAPzFfN48DcmKZVwOSOgnrVEX.jpg', 1, '2026-01-13 20:14:55', '2026-01-13 20:14:55', 1, '22', NULL),
(137, 1, 9, 'Taareq Ashorah', '436', '', NULL, 0.00, 0.00, 0.00, 0.00, 0.4150, 1.00, 0, 'products/r7UmX8HpoEaB4P69RjKR8qD7bcqhw3fcQv04uonW.jpg', 1, '2026-01-13 20:17:05', '2026-01-13 20:17:05', 1, '22', NULL),
(138, 1, 9, 'Manasabati Quran', '437', '', NULL, 0.00, 0.00, 0.00, 0.00, 0.3900, 3.00, 1, 'products/ln0AhVJUGsXx0t3CgyVQyjrOnZs8ZdTgNCOb4YO1.jpg', 1, '2026-01-13 20:19:32', '2026-01-13 20:23:07', 1, '23', NULL),
(139, 1, 9, 'Mukhtasr Alhakam ', '438', 'بمطابق فتویٰ آیت اللہ بشیر حسین نجفی ', NULL, 0.00, 0.00, 0.00, 0.00, 0.2400, 1.00, 0, 'products/pt61X5wOep1wqrfdGzHYp2KfCgatZFCRyhYkxMb8.jpg', 1, '2026-01-13 20:22:23', '2026-01-13 20:22:23', 1, '23', NULL),
(140, 1, 9, 'Dastor Zandegi', '439', '', NULL, 0.00, 0.00, 0.00, 0.00, 0.5500, 1.00, 0, 'products/q8oZWJmo1TieTUSdKINLWZAYPMNe1iwWPQnULnjM.jpg', 1, '2026-01-13 20:24:46', '2026-01-13 20:24:46', 1, '23', NULL),
(141, 1, 9, 'Emtiazat Alooye', '440', '', NULL, 0.00, 0.00, 0.00, 0.00, 0.3300, 1.00, 0, 'products/eq78zfLi5ModYrkSRnWjSNq5kvYnZo9MSzrLgejs.jpg', 1, '2026-01-13 20:26:41', '2026-01-13 20:26:41', 1, '23', NULL),
(142, 1, 9, 'Alm Kalam w Alm Filsafah', '441', 'آیت اللہ شہید مرتضیٰ مطہری ', NULL, 0.00, 0.00, 0.00, 0.00, 0.3000, 5.00, 2, 'products/2sKDTe9nfirVgoRAj4Uw8Sqog2gY3w9uv3W02yDj.jpg', 1, '2026-01-13 20:29:55', '2026-01-13 20:34:11', 1, '23', NULL),
(143, 1, 9, 'Zandgi Ke Sanahri Asul', '442', 'امام رضا کی نگاہ میں ', NULL, 0.00, 0.00, 0.00, 0.00, 0.1450, 15.00, 5, 'products/fCcJOX3J3T955Nst5DAspkkFwKDSP06KwCGP5x8C.jpg', 1, '2026-01-13 20:38:08', '2026-01-13 22:47:49', 1, '23', NULL),
(144, 1, 9, 'Sarf Maqdamati', '443', '', NULL, 0.00, 0.00, 0.00, 0.00, 0.3300, 8.00, 2, 'products/Y85ZiLU5bXt6k2Qms0wu8lbEBzXYvaNyOc4C7fHV.jpg', 1, '2026-01-13 20:40:09', '2026-01-13 20:40:09', 1, '23', NULL),
(145, 1, 9, 'Taalim Alquran ', '444', 'اہم موضوعات پر زبانی یاد کرنے کے آیات لئے', NULL, 0.00, 0.00, 0.00, 0.00, 0.1550, 1.00, 0, 'products/ZM4glEK5N9rLMd9HMZRt89YbJRnzDfIaWQ6gb1XN.jpg', 1, '2026-01-13 22:49:27', '2026-01-13 22:49:27', 1, '25', NULL),
(146, 1, 9, 'Taalim Algartah Alarbiya', '445', '', NULL, 0.00, 0.00, 0.00, 0.00, 0.2550, 7.00, 2, 'products/senUmSHVzY9lsaCJcvNwjifrh3BgA975HKTzsUPL.jpg', 1, '2026-01-13 22:51:20', '2026-01-13 22:54:18', 1, '25', NULL),
(147, 1, 9, 'Eawamil w Sharh Eawamil', '446', '', NULL, 0.00, 0.00, 0.00, 0.00, 0.1550, 10.00, 2, 'products/Q9FAg6pBioZLcocNf0x6CmRKi5mKc6Ki38oRPBkM.jpg', 1, '2026-01-13 22:53:26', '2026-01-13 22:53:26', 1, '25', NULL),
(148, 1, 9, 'Sarfi Mer', '447', '', NULL, 0.00, 0.00, 0.00, 0.00, 0.1400, 23.00, 5, 'products/Qpj0fx8UsH1LNrwIfrQVKxpyeSKgaLrhxEFMlaYY.jpg', 1, '2026-01-13 22:56:10', '2026-01-13 22:56:10', 1, '25', NULL),
(149, 1, 4, 'Surah Al-Baqarah', '448', '', NULL, 0.00, 0.00, 0.00, 0.00, 0.3000, 1.00, 0, 'products/XYPlEmyqKSsCQkBCQToC4xr927wKF15t4fWLVRQl.jpg', 1, '2026-01-13 22:58:40', '2026-01-13 22:58:40', 1, '25', NULL),
(150, 1, 9, 'Tabsirat Almutaealimyn', '450', '', NULL, 0.00, 0.00, 0.00, 0.00, 0.2200, 8.00, 2, 'products/zrI347hyfO0ngKdUG7oKvgyUn78yglJwhAUaVofK.jpg', 1, '2026-01-13 23:01:37', '2026-01-13 23:01:37', 1, '25', NULL),
(151, 1, 9, 'Guldastah Afikar', '451', '', NULL, 0.00, 0.00, 0.00, 0.00, 0.7200, 1.00, 0, 'products/rlz6WfBzrehsGtswuhkxKNPaOMG2T2BrNZRQH1wu.jpg', 1, '2026-01-13 23:04:37', '2026-01-13 23:04:37', 1, '26', NULL),
(152, 1, 9, 'Tajaliyat', '452', '', NULL, 0.00, 0.00, 0.00, 0.00, 0.3500, 1.00, 0, 'products/CWRCdgY6np6G0hcgIiz4ENfWhBYByD0mIooaP9vH.jpg', 1, '2026-01-13 23:06:24', '2026-01-13 23:06:24', 1, '26', NULL),
(153, 1, 9, 'Aao Imam Zamana Ko Pehchane ', '453', '', NULL, 0.00, 0.00, 0.00, 0.00, 0.3500, 1.00, 0, 'products/Ew5g7ujbxIOkEyebiDxadBfO0M1IXTqavSy1qigP.jpg', 1, '2026-01-14 18:31:33', '2026-01-14 18:31:33', 1, '26', NULL),
(154, 1, 9, 'Mazlomah kienat', '454', '', NULL, 0.00, 0.00, 0.00, 0.00, 0.2900, 1.00, 0, 'products/94opuf45CThfhHkF9rTtQwBGlPSuiIMVALryZtDh.jpg', 1, '2026-01-14 18:33:38', '2026-01-14 18:33:38', 1, '26', NULL),
(155, 1, 9, 'Alhammad Ki Karn', '455', 'حضرت فاطمتہ الزہرا سلام اللہ علیہا کی شخصیت پر ایک منفرد کتاب', NULL, 0.00, 0.00, 0.00, 0.00, 0.2950, 1.00, 0, 'products/3QKw1mpruCBQLA6D61jtPH84mNjZE79SBWrzrIZz.jpg', 1, '2026-01-14 18:35:44', '2026-01-14 18:35:44', 1, '26', NULL),
(156, 1, 9, 'Islam Min Khwatin Ke Haquq ', '456', 'شہید مرتضیٰ مطہری ', NULL, 0.00, 0.00, 0.00, 0.00, 0.5600, 1.00, 0, 'products/aqnjW9jp6NreJdeKUrLUfNm4spmfAvWWQsZjDrxm.jpg', 1, '2026-01-14 18:38:27', '2026-01-14 18:38:27', 1, '26', NULL),
(157, 1, 9, 'Badayatah Alhakmatah ', '457', 'علامہ سید محمد حسین طباطبائی ', NULL, 0.00, 0.00, 0.00, 0.00, 0.5400, 1.00, 0, 'products/DXx4hPOJYKCGdqhzFRaF8eVeLDwA0XhzhZ1C62yT.jpg', 1, '2026-01-14 18:40:34', '2026-01-14 18:40:34', 1, '26', NULL),
(158, 1, 9, 'Suni Kutb Hadis', '458', 'سنی کتب حدیث کے شیعہ رافضی راوی', NULL, 0.00, 0.00, 0.00, 0.00, 0.6550, 1.00, 0, 'products/UgOcKYFg5yMXY7yoYfgr3EFn5VloCkzySZ65jHoF.jpg', 1, '2026-01-14 18:43:07', '2026-01-14 18:43:07', 1, '26', NULL),
(159, 1, 9, 'Taarekh Mazarat', '459', '', NULL, 0.00, 0.00, 0.00, 0.00, 0.8800, 1.00, 0, 'products/jjcpO6b6Q8oMPJ2MLvYo7MJpNU42Mp4gCKJa1ja2.jpg', 1, '2026-01-14 18:44:43', '2026-01-14 18:44:43', 1, '26', NULL),
(160, 1, 6, 'Islobi Siyast', '460', 'شہید علامہ عارف الحسینی ', NULL, 0.00, 0.00, 0.00, 0.00, 0.8500, 1.00, 0, 'products/lYKr9ZV4e78JT9XRaBfVD2NU14h9hAENhTux78Cs.jpg', 1, '2026-01-14 18:46:54', '2026-01-14 18:46:54', 1, '26', NULL),
(161, 1, 6, 'Peghami Naur', '461', 'شہید علامہ عارف الحسینی ', NULL, 0.00, 0.00, 0.00, 0.00, 0.7600, 2.00, 1, 'products/XmxgPFEW2qf5LfIDBEBML9EaHN4ZlBabJhW50J0u.jpg', 1, '2026-01-14 18:48:37', '2026-01-14 18:48:37', 1, '26', NULL),
(162, 1, 6, 'Misaqe khun', '462', 'شہید علامہ عارف الحسینی ', NULL, 0.00, 0.00, 0.00, 0.00, 0.7100, 1.00, 0, 'products/FZZInHCIoS0REzjwuROOjF226Mqz0DD4oBe4EKRQ.jpg', 1, '2026-01-14 18:51:08', '2026-01-14 18:51:08', 1, '26', NULL),
(163, 1, 9, 'Tajaliyati Hussain a.s', '463', '', NULL, 0.00, 0.00, 0.00, 0.00, 0.7050, 1.00, 0, 'products/eNhHAQqQdts5pib4kDWGEuh5PEGS1x5VyskyGtKe.jpg', 1, '2026-01-14 18:53:40', '2026-01-14 18:53:40', 1, '26', NULL),
(164, 1, 9, 'Gader Ka Qarani Taswur', '464', '', NULL, 0.00, 0.00, 0.00, 0.00, 0.3150, 1.00, 0, 'products/vQ6mfUquuIGtM7b4gstFvVfffIMuZ3zeI2nOG9KT.jpg', 1, '2026-01-14 18:56:08', '2026-01-14 18:56:08', 1, '26', NULL),
(165, 1, 9, 'Filsafah Din', '465', '', NULL, 0.00, 0.00, 0.00, 0.00, 0.4700, 1.00, 0, 'products/ar5VDMpGY2a5LA0S4qYDFwNcFs3h4WUeASJXIAPn.jpg', 1, '2026-01-14 18:57:54', '2026-01-14 18:57:54', 1, '26', NULL),
(166, 1, 9, 'Muntazir Khawateen Ka Kirdar', '466', 'Muntazir Khawateen Ka Kirdar\r\nKhamosh sabr, mazboot hosla aur umeed ki roshni—muntazir khawateen waqt ke imtihan mein waqar ke sath sabit qadam rehti hain aur apne yaqeen se taqdeer ka rukh badal deti hain', NULL, 350.00, 290.00, 270.00, 215.00, 0.1000, 9.00, 0, 'products/aafweQbnM65bFS9D9Fig2T8kV7wVZfNXyxYXTc9i.jpg', 1, '2026-01-15 07:26:59', '2026-01-15 07:40:32', 1, '', NULL),
(167, 1, 9, 'Tazakarẗ Altahar', '467', 'آئمہ اطہار کے حالاتِ زندگی \r\nآیت اللہ شیخ مفید', NULL, 0.00, 0.00, 0.00, 0.00, 0.8500, 2.00, 1, 'products/wihD7vlO1ekDWGwpy6qOmPDHZXKjpf2ogGBlVABh.jpg', 1, '2026-01-15 19:55:39', '2026-01-15 19:55:39', 1, '27', NULL),
(168, 1, 9, 'Nasim Behsht', '468', 'آیت اللہ شیخ صدوق ', NULL, 0.00, 0.00, 0.00, 0.00, 1.0500, 1.00, 0, 'products/GGGghhv5pZBjuoAI2TjcEsHXYzKFUvmilPYur9hl.jpg', 1, '2026-01-15 19:57:27', '2026-01-15 19:57:27', 1, '27', NULL),
(169, 1, 9, 'Saheefah Kamlah', '469', 'علامہ مفتی جعفر حسین ', NULL, 0.00, 0.00, 0.00, 0.00, 1.0100, 6.00, 2, 'products/kC5GBB6UQ00ZrnA0HGf4gQtoD85pxQNLqB7KcYUG.jpg', 1, '2026-01-15 20:00:29', '2026-01-15 20:00:29', 1, '27', NULL),
(170, 1, 9, 'Tabi Alsaadiq', '470', '', NULL, 0.00, 0.00, 0.00, 0.00, 0.5450, 1.00, 0, 'products/YjwkVJV7dEAzPY71WCB2gPvBpgOgyU754goR8kj5.jpg', 1, '2026-01-15 20:01:59', '2026-01-15 20:01:59', 1, '27', NULL),
(171, 1, 7, 'Namaz Jafaria', '471', '', NULL, 0.00, 0.00, 0.00, 0.00, 0.4850, 11.00, 5, 'products/KSP6FaShGkrEop3N3leNMWDmc9BGE5gzPTwtXoMy.jpg', 1, '2026-01-15 20:03:51', '2026-01-15 20:03:51', 1, '28', NULL),
(172, 1, 11, 'Customized Pen', '472', 'Customized Pen', NULL, 250.00, 190.00, 170.00, 120.00, 0.0300, 8.00, 0, 'products/fBwcSnTwTqtxi4fVDQ1DiUZ9vigX38A6yzozCvxQ.jpg', 1, '2026-01-15 20:55:18', '2026-01-17 19:54:11', 1, '', NULL),
(173, 1, 7, 'Namazi Jafaria Jadid', '473', '', NULL, 0.00, 0.00, 0.00, 0.00, 0.4850, 8.00, 2, 'products/IFasCf1SwMdmGA4oJONyq149TxhIQocoymJRfs4H.jpg', 1, '2026-01-15 22:03:01', '2026-01-15 22:03:01', 1, '29', NULL),
(174, 1, 9, 'Maqtal Mufid', '474', 'سید الشہداء حضرت امام حسین علیہ السلام کے اصحاب اور اقربا کے مصائب پر مشتمل جامع کتاب', NULL, 0.00, 0.00, 0.00, 0.00, 0.3650, 1.00, 0, 'products/fDS4ZjMIh5ZCsnH3Mwhn8qOaTi5XhceDpFCwvJYY.jpg', 1, '2026-01-15 22:05:14', '2026-01-15 22:05:14', 1, '29', NULL),
(175, 1, 9, 'Khursheed Moodat', '475', '', NULL, 0.00, 0.00, 0.00, 0.00, 0.4450, 1.00, 0, 'products/fv8G2UTVBtc82q6frxNaevOIVj8OfeuN449ImL15.jpg', 1, '2026-01-15 22:06:44', '2026-01-15 22:06:44', 1, '28', NULL),
(176, 1, 9, 'Mufti Muhamud Se Maliye', '476', '', NULL, 0.00, 0.00, 0.00, 0.00, 0.5500, 1.00, 0, 'products/H5ae7qS2DSQPn6ApMn05zBNGWlWzQS7c1ZyyjDh4.jpg', 1, '2026-01-15 22:09:42', '2026-01-15 22:09:42', 1, '29', NULL),
(177, 1, 9, 'Haasel Murad', '477', '', NULL, 0.00, 0.00, 0.00, 0.00, 0.4400, 1.00, 0, 'products/5dXiwBmaoVCdbR3A1pmL1KNV45EMbj8jlVMDDpru.jpg', 1, '2026-01-15 22:10:56', '2026-01-15 22:10:56', 1, '29', NULL),
(178, 1, 9, 'Tozia Almasile 2024', '478', 'آیت اللہ سید علی خامنہ ائ کی توضیح المسائل ', NULL, 0.00, 0.00, 0.00, 0.00, 0.7250, 8.00, 2, 'products/kZnK9tv3CBrYTtxurqCbZlfgdupSOTGErRmyvuqO.jpg', 1, '2026-01-15 22:15:13', '2026-01-15 22:15:13', 1, '30', NULL),
(179, 1, 9, 'Tozia Almasile 2025', '479', 'آیت اللہ سید علی خامنہ ائ کے فتاویٰ کے مطابق ', NULL, 0.00, 0.00, 0.00, 0.00, 0.5050, 17.00, 5, 'products/kI8hBPfslsjXDFJiQcpyWAXh5UP5Ym1wBPmhVQeT.jpg', 1, '2026-01-16 06:40:29', '2026-01-16 06:40:29', 1, '30,31', NULL),
(180, 1, 7, 'Zad Aleabad Liywm Aleimad', '480', 'دعاؤں کا مجموعہ ', NULL, 0.00, 0.00, 0.00, 0.00, 0.6600, 1.00, 0, 'products/DsLtw2OWS2gcvefPe0RMzhr4gClUJwlglnFD5kZs.jpg', 1, '2026-01-16 06:43:03', '2026-01-16 06:43:03', 1, '31', NULL),
(181, 1, 6, 'Shahdaye Malt Jafaria Karachi ', '481', '', NULL, 0.00, 0.00, 0.00, 0.00, 1.3900, 1.00, 0, 'products/1idxmezeaMjEiOYq8NhtKkEZ0Hvv4JSrU2v6vPRl.jpg', 1, '2026-01-16 06:46:04', '2026-01-16 06:46:04', 1, '32', NULL),
(182, 1, 9, 'Aazmt Fatima Aur Qraan ', '482', '', NULL, 0.00, 0.00, 0.00, 0.00, 0.6600, 1.00, 0, 'products/hQTtxCDB07FEBdEFDOSCehsMihmGw3t64dEGcnsQ.jpg', 1, '2026-01-16 06:52:09', '2026-01-16 06:52:09', 1, '32', NULL),
(183, 1, 9, 'Maassomin Ka Taaarf ', '483', 'بچوں کے لئے ', NULL, 0.00, 0.00, 0.00, 0.00, 0.6200, 1.00, 0, 'products/pn7uJwXoBQ0SGR5lEFTTtQfFwz49Ojte75oZXD5V.jpg', 1, '2026-01-16 06:55:45', '2026-01-16 06:55:45', 1, '32', NULL),
(184, 1, 9, 'Mnask Haj', '484', 'آیت اللہ سیستانی کے فتویٰ کے مطابق ', NULL, 0.00, 0.00, 0.00, 0.00, 0.9950, 1.00, 0, 'products/JwRg0jmcXTHpTQiasvm3YdRVHoZVqHg6P0xOuLpc.jpg', 1, '2026-01-16 06:58:47', '2026-01-16 06:58:47', 1, '32', NULL),
(185, 1, 9, 'Hussain Wars Anbiaء ', '485', 'استادِ محترم سید جواد نقوی ', NULL, 0.00, 0.00, 0.00, 0.00, 0.6600, 1.00, 0, 'products/n8Kq9G7FVrxuofJhqhB3ZQMIZrNE9RdMQIrNVyKP.jpg', 1, '2026-01-16 07:02:31', '2026-01-16 07:02:31', 1, '32', NULL),
(186, 1, 9, 'Ddhaaii So Salh Insan', '486', 'رہبر معظم سید علی خامنہ ائ ', NULL, 0.00, 0.00, 0.00, 0.00, 0.6100, 2.00, 1, 'products/oD3O483oGsuSU5ogObsitbsFwZfOeGcDIPAlJO9P.jpg', 1, '2026-01-16 07:04:18', '2026-01-16 07:04:18', 1, '32', NULL),
(187, 1, 9, 'Bian Mism', '487', 'بیان میسم شیعہ کامیاب ہے', NULL, 0.00, 0.00, 0.00, 0.00, 0.2650, 2.00, 0, 'products/VKR1dtNoTkzdUuwprwbUWZbvjAu867W8BFrgvy4f.jpg', 1, '2026-01-16 07:06:47', '2026-01-16 07:06:47', 1, '32', NULL),
(188, 1, 9, 'Sir o Slok ', '488', 'آیت اللہ مطہری ', NULL, 0.00, 0.00, 0.00, 0.00, 0.3400, 2.00, 0, 'products/TjYnDfU3LIyyMh1UGDBDertCKIkA9ijZf24bPTYc.jpg', 1, '2026-01-16 07:09:27', '2026-01-16 07:09:27', 1, '32', NULL),
(189, 1, 9, 'Intizar e Subah', '489', '', NULL, 450.00, 370.00, 320.00, 200.00, 0.5050, 19.00, 0, 'products/Kb8xL2DZhmfUtpE0SSA2h5TEr4VZaTWiVH5nEp7P.jpg', 1, '2026-01-16 07:11:04', '2026-03-07 17:07:24', 1, '32', '1'),
(190, 1, 9, 'Shamaa Zindagi', '490', 'شمع زندگی از امام علی علیہ السلام \r\nنہج البلاغہ سے 365 اقوال کی شرح', NULL, 0.00, 0.00, 0.00, 0.00, 0.5600, 1.00, 0, 'products/kcUA5ASTi3qxTsoOus1mRZgBDv5JwjWCP6tbDS2g.jpg', 1, '2026-01-16 07:13:29', '2026-01-16 07:13:29', 1, '32', NULL),
(191, 1, 9, 'Tuhfh Muntzrin ', '491', 'زندگی نامہ امام زمانہ عج ', NULL, 0.00, 0.00, 0.00, 0.00, 0.4600, 1.00, 0, 'products/67Xr1iW7kmp1VWzeu4jbRMFoFMr5t01gYep3IcPc.jpg', 1, '2026-01-16 07:15:22', '2026-01-16 07:15:22', 1, '32', NULL),
(192, 1, 7, 'Muntkhb Mfatih', '492', '', NULL, 0.00, 0.00, 0.00, 0.00, 0.3900, 1.00, 0, 'products/ibIxCbG4V3nYUy7EQ5EnES1sscq8zmJf5DBT9h8A.jpg', 1, '2026-01-16 07:17:12', '2026-01-16 07:17:12', 1, '32', NULL),
(193, 1, 9, 'aAmamt o Wlait', '493', 'رہبر معظم سید علی خامنہ ائ ', NULL, 0.00, 0.00, 0.00, 0.00, 0.1500, 1.00, 0, 'products/q2lS37Iu47dBVobOilUO3QWG4ovcMu9XZJolefHT.jpg', 1, '2026-01-18 08:10:23', '2026-01-18 08:10:23', 1, '33', NULL),
(194, 1, 9, 'Door e Hazr Ke Msaail ', '494', 'دور حاضر کے مسائل اور ان کا حل', NULL, 0.00, 0.00, 0.00, 0.00, 0.9500, 1.00, 0, 'products/dyqf5ZQr6UQhInMClXrNPpANLF6y4O71JGOZ07OA.jpg', 1, '2026-01-18 08:12:34', '2026-01-18 08:12:34', 1, '33', NULL),
(195, 1, 9, 'Aamozsh e Ahkam', '495', 'احکام کی تعلیم ', NULL, 0.00, 0.00, 0.00, 0.00, 0.3050, 1.00, 0, 'products/9W5Cy6qPhylt75gGlavSc4KMRW6TH4WioWEIWkY9.jpg', 1, '2026-01-18 08:14:34', '2026-01-18 08:14:34', 1, '33', NULL),
(196, 1, 9, 'Tobh Kya Hai', '496', 'توبہ کیسے قبول ہوتی ہے؟؟ \r\nشہید مرتضیٰ مطہری ', NULL, 0.00, 0.00, 0.00, 0.00, 0.8500, 1.00, 0, 'products/AqSGyKFfekxUQvejZaXnwHR3Us48uJnldgKwVg21.jpg', 1, '2026-01-18 08:17:07', '2026-01-18 08:17:07', 1, '33', NULL),
(197, 1, 9, 'Khlassۃ Almntiq ', '497', '', NULL, 0.00, 0.00, 0.00, 0.00, 0.1600, 1.00, 0, 'products/cnrIVDdOCRJ8EQwLdG2rKgpTunwCsVxDcv8PKc9r.jpg', 1, '2026-01-18 08:19:04', '2026-01-18 08:19:04', 1, '33', NULL),
(198, 1, 9, 'Hqiqt Alfqraء ', '498', '', NULL, 0.00, 0.00, 0.00, 0.00, 0.2450, 1.00, 0, 'products/FBJqIxbhMC9h8LENRtZWLQZvdxrGm6ACVcguTTq4.jpg', 1, '2026-01-18 08:21:28', '2026-01-18 08:21:28', 1, '33', NULL),
(199, 1, 9, 'Mssbah Alassol ', '499', 'اردو ترجمہ مبادی الاصول فقہ', NULL, 0.00, 0.00, 0.00, 0.00, 0.1200, 6.00, 1, 'products/lReloEHPUAWZVSY20KdJm6PUXB8F0BzXFehmYWVI.jpg', 1, '2026-01-18 08:23:52', '2026-01-18 08:34:17', 1, '33', NULL),
(200, 1, 9, 'Elm Mntiq ', '500', 'شہید مرتضیٰ مطہری ', NULL, 0.00, 0.00, 0.00, 0.00, 0.8000, 8.00, 1, 'products/C2DGqeIsdLM6iOxmbvA9gbrhklLVkGxNE2P4beXI.jpg', 1, '2026-01-18 08:25:34', '2026-01-18 08:33:06', 1, '33', NULL),
(201, 1, 9, 'Usool Fiqh ', '501', 'شہید مرتضیٰ مطہری ', NULL, 0.00, 0.00, 0.00, 0.00, 0.9500, 9.00, 1, 'products/Z1ORBMrY6MreqUkpWdBtCeL92fVOPUcrCEpooZ4W.jpg', 1, '2026-01-18 08:27:49', '2026-01-18 08:27:49', 1, '33', NULL),
(202, 1, 9, 'Islami Aalom Ka Taaarf', '502', 'شہید مرتضیٰ مطہری ', NULL, 0.00, 0.00, 0.00, 0.00, 0.1100, 6.00, 1, 'products/I74O8B2KxkBwdMUJJsBBYX3mtxGH4drwrpcvX6W4.jpg', 1, '2026-01-18 08:30:02', '2026-01-18 08:30:02', 1, '33', NULL),
(203, 1, 9, 'Noaaiy Salhin ', '503', '', NULL, 0.00, 0.00, 0.00, 0.00, 0.3800, 6.00, 2, 'products/BR5Lr1pRwf3dPUv8GBuHE7nltJI2br7lBUmYp46H.jpg', 1, '2026-01-18 08:31:44', '2026-01-18 08:31:44', 1, '33', NULL),
(204, 1, 9, 'Mhrmat e Islam ', '504', '', NULL, 0.00, 0.00, 0.00, 0.00, 0.6450, 1.00, 0, 'products/IqeuCKWPP4Hn0XpNQ1L6WurNcZ5xVitWbdsHfFXS.jpg', 1, '2026-01-18 08:37:07', '2026-01-18 08:37:07', 1, '34', NULL),
(205, 1, 9, 'Wahdt ', '505', 'استاد محترم سید جواد نقوی ', NULL, 0.00, 0.00, 0.00, 0.00, 0.5650, 1.00, 0, 'products/xdVYNtLdsn0d0Lv1iGEfBJRiw1ZA1F5Dol9gOOlz.jpg', 1, '2026-01-18 08:38:49', '2026-01-18 08:38:49', 1, '34', NULL),
(206, 1, 6, 'Saqi Ishq Wafa', '506', '', NULL, 0.00, 0.00, 0.00, 0.00, 0.1950, 1.00, 0, NULL, 1, '2026-01-18 08:41:06', '2026-01-18 08:41:06', 1, '34', NULL),
(207, 1, 9, 'Nahj Alblaghh Ke Phowl', '507', 'علامہ محسن علی نجفی ', NULL, 0.00, 0.00, 0.00, 0.00, 0.1150, 1.00, 0, 'products/z7Vu5ep4WQRFJoVIoAn1Cm8KgsusOGjpuUOdeaMt.jpg', 1, '2026-01-18 08:43:21', '2026-01-18 08:43:21', 1, '34', NULL),
(208, 1, 9, 'Subah Muntzir ', '508', 'وہ صبح ــــ زمانہ جس کے انتظار میں ہے', NULL, 0.00, 0.00, 0.00, 0.00, 0.1250, 1.00, 0, 'products/psf1t0Z9TGpPfmA86rUt80Eba5U3Hh4ybJdwmEWn.jpg', 1, '2026-01-18 08:45:21', '2026-01-18 08:45:21', 1, '34', NULL),
(209, 1, 9, 'Sarf e Mir ', '509', '', NULL, 0.00, 0.00, 0.00, 0.00, 0.1750, 6.00, 2, 'products/wAoKZz9POpm9PZVs9ESfBhI2qkVL28uASBlxp0Nh.jpg', 1, '2026-01-18 08:47:08', '2026-01-18 08:47:08', 1, '34', NULL),
(210, 1, 9, 'Mukhtssr Alahkam ', '510', '', NULL, 0.00, 0.00, 0.00, 0.00, 0.2450, 5.00, 1, 'products/r8XGYUNiedF5eiBK57nfMnwASCPC3z2jFTZbARKw.jpg', 1, '2026-01-18 08:49:26', '2026-01-18 08:49:26', 1, '34', NULL),
(211, 1, 9, 'Qwaaad e Nazrh ', '511', 'تعلیم تلاوت قرآن کریم قواعدِ ناظرہ ', NULL, 0.00, 0.00, 0.00, 0.00, 0.0900, 2.00, 0, 'products/NL13xulPyeD1v9J7565vbnMOAqU7o1gl4W6ETalC.jpg', 1, '2026-01-18 08:52:20', '2026-01-18 08:52:20', 1, '34', NULL),
(212, 1, 9, 'Ktab Sharh Amaslh ', '512', '', NULL, 0.00, 0.00, 0.00, 0.00, 0.1000, 4.00, 1, 'products/S8epAohPwv1uZXYpbrKV1GFZrjxWg2L8UF7cz3uq.jpg', 1, '2026-01-18 08:54:00', '2026-01-18 08:54:00', 1, '34', NULL),
(213, 1, 9, 'Elm e Falsfh ', '513', 'شہید مرتضیٰ مطہری ', NULL, 0.00, 0.00, 0.00, 0.00, 0.1150, 6.00, 1, 'products/m2Kpdpuis51wssuhhrymgDhK8fqOeHpkd5ntH0FW.jpg', 1, '2026-01-18 08:55:51', '2026-01-18 08:55:51', 1, '34', NULL),
(214, 1, 9, 'Tafhim Alqraan ', '514', '', NULL, 0.00, 0.00, 0.00, 0.00, 0.1800, 6.00, 1, 'products/ZwrfWDAiNT4oZtyHRZlxgcVNFJMweP9lQ99Pcdpo.jpg', 1, '2026-01-18 08:57:05', '2026-01-18 08:57:05', 1, '34', NULL),
(215, 1, 9, 'Adab e Maaashart ', '515', '', NULL, 0.00, 0.00, 0.00, 0.00, 0.1300, 10.00, 1, 'products/NsMvTAjYGXbtSxU7ftZf6lSUyHPqOCpfatUiTHEV.jpg', 1, '2026-01-18 08:58:37', '2026-01-18 08:58:37', 1, '34', NULL),
(216, 1, 9, 'Intzar Imam', '516', 'آیت اللہ شہید باقر الصدر ', NULL, 0.00, 0.00, 0.00, 0.00, 0.1650, 1.00, 0, 'products/Gdrl4Ge6fMoZadOo06YebB3sAJGEooupVLHKagfT.jpg', 1, '2026-01-18 09:01:34', '2026-01-18 09:01:34', 1, '34', NULL),
(217, 1, 9, 'Khums Ka Bian', '517', 'آیت اللہ سیستانی کے فتویٰ کے مطابق ', NULL, 0.00, 0.00, 0.00, 0.00, 0.2300, 1.00, 0, 'products/DKFAZk3aExSzGAzNu50ZNrPygiSywipg9NI7WuC3.jpg', 1, '2026-01-18 09:03:22', '2026-01-18 09:03:22', 1, '34', NULL),
(218, 1, 4, 'AL Quran alkareem', '518', 'Quran Majeed', NULL, 1000.00, 900.00, 880.00, 770.00, 0.8500, 10.00, 0, 'products/qoSAvHmnsZbc4zVClaxx6kEZWVFLszllfoDNcuyp.jpg', 1, '2026-01-18 21:48:34', '2026-01-19 00:50:27', 1, '', NULL),
(219, 1, 9, 'Teen Mint Qayamat mn', '519', 'Teen Mint Qayamat mn', NULL, 350.00, 300.00, 270.00, 220.00, NULL, 8.00, 0, 'products/pYTnH9gHhndyuLul0kUyDXU3Uyhc88xJqYYI0dXT.jpg', 1, '2026-01-19 02:32:43', '2026-01-19 03:13:33', 1, '', NULL),
(220, 1, 6, 'Syed Azeez', '520', 'Syed Azeez', NULL, 350.00, 320.00, 300.00, 250.00, NULL, 9.00, 0, 'products/QZ8pdRwMYLzhW8XS4B9xUC2ug3kximyaiQHNqAqG.jpg', 1, '2026-01-19 02:56:05', '2026-01-19 03:13:33', 1, '', NULL),
(221, 1, 9, 'Saheeheen Ka Ek Tehqeeqi Matalaa', '521', 'اہلسنت کی دو کتب کی تحقیق \r\nمصنف محمد صادق نجمی\r\n جلد اول اور دوئم \r\n', NULL, 0.00, 0.00, 0.00, 0.00, 1.0800, 1.00, 0, 'products/WJ0b3TRCwcRI3G27Axqk6FDwc8osgJ2hutp34EZw.jpg', 1, '2026-01-24 18:24:55', '2026-01-24 18:24:55', 1, '35', NULL),
(222, 1, 9, 'Saheeheen Ka Ek Tehqeeqi Matalaa', '522', '', NULL, 0.00, 0.00, 0.00, 0.00, 0.8050, 3.00, 0, 'products/bIuAzeNLKu0CONPwzZ0MTJZtKAQ79jUbJXIw1ooL.jpg', 1, '2026-01-24 18:26:40', '2026-01-24 18:26:40', 1, '35', NULL),
(223, 1, 9, 'Wo Khabar Azeem Kiya Hay', '523', '', NULL, 0.00, 0.00, 0.00, 0.00, 0.3200, 3.00, 0, 'products/VrOOYm0sUAqXz81oNNY0ygJpK77oqsmIrmn6iMSu.jpg', 1, '2026-01-24 18:29:13', '2026-01-24 18:29:13', 1, '35', NULL),
(224, 1, 9, 'Zakhairah Akhirat', '524', '', NULL, 0.00, 0.00, 0.00, 0.00, 0.2900, 1.00, 0, 'products/jrs1OkNpgtIz1qiAFom5ZSyN9QxuyAuBY6HHwrZi.jpg', 1, '2026-01-24 18:30:57', '2026-01-24 18:30:57', 1, '35', NULL);
INSERT INTO `products` (`id`, `branch_id`, `category_id`, `name`, `barcode`, `description`, `price`, `sale_price`, `resale_price`, `wholesale_price`, `cost_price`, `weight`, `stock_quantity`, `reorder_level`, `image`, `is_active`, `created_at`, `updated_at`, `track_inventory`, `rank`, `unit_id`) VALUES
(225, 1, 9, 'Ald u radun', '525', 'توقیعات المہدی المنتظر ', NULL, 0.00, 0.00, 0.00, 0.00, 0.4350, 2.00, 0, 'products/2z4e7gCBOvRHo0L218oQ2rR4uGpE5aTwq6veBRaS.jpg', 1, '2026-01-24 18:34:35', '2026-01-24 18:34:35', 1, '35', NULL),
(226, 1, 9, 'Shwahidi Tahrif', '526', '', NULL, 0.00, 0.00, 0.00, 0.00, 0.2550, 1.00, 0, 'products/PxV69eBOByqWHjaTDxsmB1ksc5TvFZgZd2N9aYhA.jpg', 1, '2026-01-24 18:36:38', '2026-01-24 18:36:38', 1, '35', NULL),
(227, 1, 9, 'Insan', '527', 'عھد الٰہی کے روبرو ', NULL, 0.00, 0.00, 0.00, 0.00, 0.5200, 1.00, 0, 'products/E6bYEpWUxhimNQyFzcqI38sFOF6Aruqz77O7pO2X.jpg', 1, '2026-01-24 18:38:29', '2026-01-24 18:38:29', 1, '35', NULL),
(228, 1, 9, 'Islam or Dahsht Gardi', '528', '', NULL, 0.00, 0.00, 0.00, 0.00, 0.4850, 1.00, 0, 'products/cKWpdFHlPZRJzHEFoB0j3O247XL98U6irKmokkl9.jpg', 1, '2026-01-24 18:41:18', '2026-01-24 18:41:18', 1, '35', NULL),
(229, 1, 7, 'Manajat Masumin', '529', '', NULL, 0.00, 0.00, 0.00, 0.00, 0.3850, 1.00, 0, 'products/U03ZF5rDiUg7bpOzF0EhwXIPzbvLxZIvZcjkmKK1.jpg', 1, '2026-01-24 18:43:11', '2026-01-24 18:43:11', 1, '35', NULL),
(230, 1, 9, 'Aane Wale Anqalab Ki Tasver', '530', '', NULL, 0.00, 0.00, 0.00, 0.00, 0.0900, 1.00, 0, 'products/v5NdwxhgSmbTupiPzA74a6t1I1GnN5xdRS3HSsiJ.jpg', 1, '2026-01-24 18:45:20', '2026-01-24 18:45:20', 1, '35', NULL),
(231, 1, 9, 'Naqosh Faqiya', '531', '', NULL, 0.00, 0.00, 0.00, 0.00, 0.3750, 22.00, 5, 'products/pNy6LQZUvJ48zh5G5vOCIJYYM6nN9nLVJmu6OWXT.jpg', 1, '2026-01-24 18:47:45', '2026-01-24 18:47:45', 1, '36', NULL),
(232, 1, 9, 'Ali Uswah Wahaddat', '532', 'اُسوہ امیر المومنین مولا علی علیہ السلام کے بارے میں علمی و منطقی تجزیہ جس پہلے پیش نہیں کیا گیا', NULL, 0.00, 0.00, 0.00, 0.00, 1.0550, 1.00, 0, 'products/HDflFk6rAmLte2LHSjr39xiUCt1lzIn9z3HV5UMN.jpg', 1, '2026-01-24 18:52:48', '2026-01-24 18:52:48', 1, '37', NULL),
(233, 1, 9, 'Insan e Kamil', '533', 'شہید مرتضیٰ مطہری ', NULL, 0.00, 0.00, 0.00, 0.00, 0.5100, 1.00, 0, 'products/dPN7Mx2ELubq20R3ZY1QPvDXY66XwfkLDLAfhdL5.jpg', 1, '2026-01-24 18:55:01', '2026-01-24 18:55:01', 1, '37', NULL),
(234, 1, 9, 'Katabu Al Biadatah', '534', 'بدعت کا صحیح تصور', NULL, 0.00, 0.00, 0.00, 0.00, 0.6450, 1.00, 0, 'products/1Q0uDGJldwjf4DzE6eupMFr2rLWMNPJh3Lcu4P8e.jpg', 1, '2026-01-24 18:58:19', '2026-01-24 18:58:19', 1, '37', NULL),
(235, 1, 4, 'Dars Quran', '535', '', NULL, 0.00, 0.00, 0.00, 0.00, 0.5100, 1.00, 0, 'products/Pehv48W6gn3nUYo24Q3eeGo9gihQjYKijtkCBIIs.jpg', 1, '2026-01-24 19:12:38', '2026-01-24 19:12:38', 1, '37', NULL),
(236, 1, 9, 'Ahsn Alaemal', '536', '', NULL, 0.00, 0.00, 0.00, 0.00, 0.5050, 1.00, 0, 'products/3ktAoaELNMfkcRmJZxhn8EoPqKM0ffJiRP7ji0or.jpg', 1, '2026-01-24 19:14:32', '2026-01-24 19:14:32', 1, '37', NULL),
(237, 1, 9, 'Ahsn Alaemal', '537', '', NULL, 0.00, 0.00, 0.00, 0.00, 0.5050, 1.00, 0, NULL, 1, '2026-01-24 19:17:24', '2026-01-24 19:17:24', 1, '37', NULL),
(238, 1, 9, 'Maweud Aumm', '538', '', NULL, 0.00, 0.00, 0.00, 0.00, 0.2550, 9.00, 2, 'products/ISuqgfyOms681UNyFpt8FEl2s4gpiiyi3SDzJVXh.jpg', 1, '2026-01-24 19:19:01', '2026-01-24 19:19:01', 1, '37', NULL),
(239, 1, 9, 'Ahil Biyat Safinẗ Alnjaẗ', '539', '', NULL, 0.00, 0.00, 0.00, 0.00, 0.2350, 26.00, 5, 'products/MtJFNqGm3wCr5vrTl7BfpUWRetv2N2aCkvFqYWAC.jpg', 1, '2026-01-25 17:49:15', '2026-01-25 17:49:15', 1, '40', NULL),
(240, 1, 9, 'Rdi Dahsht Gardi w Hamayat Taqlid', '540', '', NULL, 0.00, 0.00, 0.00, 0.00, 0.5050, 1.00, 0, 'products/6jeQYgvKBjuaDYtYaBDdsEBtXRz5Q93xAL0EVY8y.jpg', 1, '2026-01-25 17:51:52', '2026-01-25 17:51:52', 1, '40', NULL),
(241, 1, 9, 'Maraft Ki Janb Ek Qadam', '541', '', NULL, 0.00, 0.00, 0.00, 0.00, 0.3700, 1.00, 0, 'products/SHu0eYYN4dV4DPP7nowdIDvfpJcOUBEyWJFpsMw1.jpg', 1, '2026-01-25 17:53:34', '2026-01-25 17:53:34', 1, '40', NULL),
(242, 1, 9, 'Khutbat', '542', '', NULL, 0.00, 0.00, 0.00, 0.00, 0.3050, 1.00, 0, 'products/08FMpGwVJUsg6CVx1o5FHBr2YpNZobUst6HXCbkV.jpg', 1, '2026-01-25 17:55:06', '2026-01-25 17:55:06', 1, '40', NULL),
(243, 1, 9, 'Akhalaq Ahilbiyat', '543', '', NULL, 0.00, 0.00, 0.00, 0.00, 0.1550, 1.00, 0, 'products/mESbNchRWNFLDGYa62ws9DS0lWiTJHuSci0CkLVU.jpg', 1, '2026-01-25 17:57:12', '2026-01-25 17:57:12', 1, '40', NULL),
(244, 1, 9, 'Elam w Mantegh Usol', '544', '', NULL, 0.00, 0.00, 0.00, 0.00, 0.2050, 1.00, 0, 'products/HAzQn6tQ0edsRa4fM9T4S47bTv3B9vUI1ZOXrnS0.jpg', 1, '2026-01-25 17:59:30', '2026-01-25 17:59:30', 1, '40', NULL),
(245, 1, 9, 'Hadai Tul alsirin', '545', 'زائرین کی رہمنائی کے لئے ایک نایاب تحفہ ', NULL, 0.00, 0.00, 0.00, 0.00, 0.4000, 1.00, 0, 'products/See8Q2GTmjoGjaK53lwjMiyzXomm4sSKVUNwwMw0.jpg', 1, '2026-01-25 18:02:46', '2026-01-25 18:02:46', 1, '40', NULL),
(246, 1, 9, 'Akal Ka Safina', '546', 'حقیقت کے متلاشی کا سفر', NULL, 0.00, 0.00, 0.00, 0.00, 0.3450, 1.00, 0, 'products/ln7nS8M312es8BtoW8gl2wVpiwoFE7OTkqOKMWSn.jpg', 1, '2026-01-25 18:04:35', '2026-01-25 18:04:35', 1, '40', NULL),
(247, 1, 9, 'Waqaat w Mashahidat', '547', 'خواتین و حضرات اور بچوں کے لئے دلچسپ علمی و ادبی و اصلاحی واقعات کا بہترین مجموعہ ', NULL, 0.00, 0.00, 0.00, 0.00, 0.3200, 1.00, 0, 'products/ASHBzSRWOcfBj4E3ajdWd4arS7PjjEC6YHegbMvC.jpg', 1, '2026-01-25 18:07:02', '2026-01-25 18:07:02', 1, '40', NULL),
(248, 1, 9, 'Anqalabi Husani Ke Siyasi Awamil', '548', '', NULL, 0.00, 0.00, 0.00, 0.00, 0.3650, 1.00, 0, 'products/ABkfI5jZ6cK8d1J8EfrwyAxQ7NwBTP1AarRWAls5.jpg', 1, '2026-01-25 18:10:41', '2026-01-25 18:10:41', 1, '41', NULL),
(249, 1, 9, 'Gader Khum or Khutbah Gader', '549', '', NULL, 0.00, 0.00, 0.00, 0.00, 0.4150, 1.00, 0, 'products/veLxpqOC3xbqRFH5qNybUJMeqbPzrjWes7vWyZ4N.jpg', 1, '2026-01-25 18:12:34', '2026-01-25 18:12:34', 1, '41', NULL),
(250, 1, 9, 'Anbiyaye Karam', '550', '', NULL, 0.00, 0.00, 0.00, 0.00, 0.5250, 1.00, 0, 'products/j69Qw3YvAFpmaEAcpC2Xw7d8hzUPnr2ulL3EXaMo.jpg', 1, '2026-01-25 18:14:35', '2026-01-25 18:14:35', 1, '41', NULL),
(251, 1, 9, 'Zandgani Ke Qawanin', '551', 'قرآن کی روشنی میں', NULL, 0.00, 0.00, 0.00, 0.00, 0.3800, 1.00, 0, 'products/Yiru8hXKtUvqFjxU62uzPxiECsgLfgrIqXAjFf3K.jpg', 1, '2026-01-25 18:16:08', '2026-01-25 18:16:08', 1, '41', NULL),
(252, 1, 6, 'Aadab Karwan', '552', 'شہید علامہ عارف الحسینی کے خطابات ', NULL, 0.00, 0.00, 0.00, 0.00, 0.5100, 1.00, 0, 'products/3zMouyCW7emwm8PBz5jR4EjG7cuVXy6bSSNER47p.jpg', 1, '2026-01-25 18:18:05', '2026-01-25 18:18:05', 1, '41', NULL),
(253, 1, 6, 'suchi kahaniyan (jild 1,2)', '553', 'سچی کہانیاں جلد اول اور دوم \r\nشہید مرتضیٰ مطہری ', NULL, 0.00, 0.00, 0.00, 0.00, 0.3900, 2.00, 0, 'products/0CmXUG8lRy9SRlkfNYik1I1ujsW1SVmiEtoShcca.jpg', 1, '2026-01-25 18:20:42', '2026-01-25 18:23:05', 1, '41', NULL),
(254, 1, 9, 'Hadees Halilah', '554', 'وجودِ خدا کے عقلی٫ منطقی اور سائنسی دلائل ', NULL, 0.00, 0.00, 0.00, 0.00, 0.4650, 1.00, 0, 'products/Bk5xSAA65IAYqqnhQoIc3nCZMAGawu3AgDLRgsSH.jpg', 1, '2026-01-25 18:25:25', '2026-01-25 18:25:25', 1, '41', NULL),
(255, 1, 6, 'Aqtasaduna (Jild 1)', '555', 'شہید علامہ باقر الصدر ', NULL, 0.00, 0.00, 0.00, 0.00, 0.3650, 1.00, 0, 'products/ESl89zfKd9FgAMhIknywzpBM9DPWjgY5DKSTCvQJ.jpg', 1, '2026-01-25 18:28:42', '2026-01-25 18:28:42', 1, '41', NULL),
(256, 1, 6, 'Aqtasaduna (Jild 2)', '556', 'شہید علامہ باقر الصدر ', NULL, 0.00, 0.00, 0.00, 0.00, 0.4100, 1.00, 0, 'products/pcGXVgQ985RXacf9x5nFUWxsTd6lAS3GoO9qReQo.jpg', 1, '2026-01-25 18:30:21', '2026-01-25 18:30:21', 1, '41', NULL),
(257, 1, 9, 'Shuor Ki Dastak', '557', '', NULL, 0.00, 0.00, 0.00, 0.00, 0.3450, 1.00, 0, 'products/ifZuXSZn0MikhTRWux0dDet6fdIPHnL0JCtWhmqE.jpg', 1, '2026-01-25 18:32:36', '2026-01-25 18:32:36', 1, '41', NULL),
(258, 1, 9, 'Taareq Farun', '558', '', NULL, 0.00, 0.00, 0.00, 0.00, 0.4200, 1.00, 0, 'products/CFOoWkAMYSgMMwXNmeZ1Zp7zn0oPtftWFBEn6sTk.jpg', 1, '2026-01-25 18:34:35', '2026-01-25 18:34:35', 1, '41', NULL),
(259, 1, 9, 'Aqeedah Khtam Nabot', '559', 'عقیدہ ختم نبوت اور فتنہ قادیانیت \r\nڈاکٹر طاھر القادری ', NULL, 0.00, 0.00, 0.00, 0.00, 0.5100, 1.00, 0, 'products/w2tYiW5HK6nai96KX9lGaFvIZDpILwzSV0eDrEte.jpg', 1, '2026-01-25 18:36:40', '2026-01-25 18:36:40', 1, '41', NULL),
(260, 1, 9, 'Farieb', '560', 'مصری دانشور صالح الوردانی کی شیعہ مذہب قبول کرنے کی داستان', NULL, 0.00, 0.00, 0.00, 0.00, 0.3100, 1.00, 0, 'products/96w6S99FzTA0PMwDKVkmEres6k5AjRsVzsPSiKx1.jpg', 1, '2026-01-25 18:38:52', '2026-01-25 18:38:52', 1, '41', NULL),
(261, 1, 7, 'Saheefah Abudiyat', '561', 'شرح دعائے کمیل ', NULL, 0.00, 0.00, 0.00, 0.00, 0.5150, 1.00, 0, 'products/XYrjLSCllconql1V38pjIuPKXbKUDSk19IVD520C.jpg', 1, '2026-01-25 18:40:30', '2026-01-25 18:40:30', 1, '41', NULL),
(262, 1, 9, 'Phar Us Ne Khuda Ko Paliya', '562', '', NULL, 0.00, 0.00, 0.00, 0.00, 0.2600, 1.00, 0, 'products/BCcdsjircHffS8Bk2oz2r0ICsvr6bez3td52c4N4.jpg', 1, '2026-01-25 18:46:56', '2026-01-25 18:46:56', 1, '41', NULL),
(263, 1, 9, 'Majalis Johari', '563', '', NULL, 0.00, 0.00, 0.00, 0.00, 0.4150, 1.00, 0, 'products/SkoVYZnfN9EPtwOzWUxib9eMqtOBhKJWH7Y8l08Z.jpg', 1, '2026-01-25 18:48:40', '2026-01-25 18:48:40', 1, '41', NULL),
(264, 1, 6, 'Min Zindah Hon', '564', 'معصومہ آبادی کے قلم سے زندان کی یادیں', NULL, 0.00, 0.00, 0.00, 0.00, 0.5600, 1.00, 0, 'products/hGOsm3JUzY90Mr9t0N16TeuFp69HJrF2POONGZBa.jpg', 1, '2026-01-25 18:53:06', '2026-01-25 18:53:06', 1, '41', NULL),
(265, 1, 9, 'ilhadi Rasty', '565', 'ILHADI RASTY', NULL, 0.00, 0.00, 0.00, 0.00, 0.1350, 1.00, 0, 'products/6tBr2lJfzA2XTabfZla3fXEab5OJV7pZSJxmRN3j.jpg', 1, '2026-02-06 07:24:44', '2026-02-06 19:56:46', 1, '45', NULL),
(266, 1, 9, 'Jihad', '566', 'Jihad Written by Ustad Shaheed Murtaza Mathari', NULL, 0.00, 0.00, 0.00, 0.00, 0.0900, 1.00, 0, 'products/upMHbITtY7ADtkS3JA0h3UTL9LVqXbrgRBwoQZzB.jpg', 1, '2026-02-06 07:35:23', '2026-02-06 19:57:36', 1, '45', NULL),
(267, 1, 9, 'Kamiyab Zindagi', '567', 'Kamiyab Zindagi Written by Abbas Madarsi', NULL, 0.00, 0.00, 0.00, 0.00, 0.0950, 2.00, 0, 'products/J5ZAV8Fs78ZKVxes1ONwacttgvM3su330iotM1Eh.jpg', 1, '2026-02-06 20:01:48', '2026-02-06 20:01:48', 1, '45', NULL),
(268, 1, 9, 'Panjpara', '568', 'Panjpara an Intresting Islamic book', NULL, 0.00, 0.00, 0.00, 0.00, 0.2000, 6.00, 0, 'products/aYgbhqqsGb2AMxvwnHze8YXGwsriNCppUStHsazj.jpg', 1, '2026-02-06 20:05:48', '2026-02-06 20:05:48', 1, '45', NULL),
(269, 1, 9, 'Dastoor-e-Zindagi', '569', 'Dastoor-e-Zindagi Written by Ghulam Mufti Jaffar Hussain', NULL, 0.00, 0.00, 0.00, 0.00, 0.0600, 17.00, 0, 'products/rOS6r9LwU4iTv2eVXy83rDXLeyRryQFmWnTr4TOB.jpg', 1, '2026-02-06 20:08:59', '2026-02-06 20:08:59', 1, '45', NULL),
(270, 1, 9, 'Ahkam-e-Deen', '570', 'Ahkam-e-Deen Written by Sayeda Fatima Naqvi', NULL, 0.00, 0.00, 0.00, 0.00, 0.2550, 1.00, 0, 'products/iGqWyiA95kjzWaMQkAcAjB71TGmAQyAyMd75CChg.jpg', 1, '2026-02-06 20:11:38', '2026-02-06 20:12:47', 1, '45', NULL),
(271, 1, 9, 'Islam ny Orat Ko Kia Dia?', '571', 'Detailed Discussion on Islam ny Orat Ko Kia Dia?', NULL, 0.00, 0.00, 0.00, 0.00, 0.1050, 2.00, 0, 'products/PFmciPrBE95HVxCWJ3TFI9K1l9ZkSHOqYGi0IpDv.jpg', 1, '2026-02-06 20:35:15', '2026-02-06 20:35:15', 1, '45', NULL),
(272, 1, 9, 'Misali Maa', '572', 'Misali Maa is best for New Mothers and Children also', NULL, 0.00, 0.00, 0.00, 0.00, 0.0750, 1.00, 0, 'products/tIgbAIvLzL6WstdxOhtjCitExSbW2zGyXnE2KKWz.jpg', 1, '2026-02-06 20:38:09', '2026-02-06 20:38:57', 1, '45', NULL),
(273, 1, 9, 'Hayat-e-Insan K 6 Marhaly', '573', 'Hayat-e-Insan K 6 Marhaly written by Allama Javad Hussaini Al Ali Shahar Wadi', NULL, 151.20, 134.40, 126.00, 120.00, 0.2950, 1.00, 5, 'products/fbGPjvNMjJlimykjOpTvsDcuKhdyzWxg7RKeo19E.jpg', 1, '2026-02-06 20:42:05', '2026-02-09 11:57:04', 1, '45', ''),
(274, 1, 9, 'Dosti or Dost', '574', 'Dosti or Dost Wrriten by Ayat ullah Sayed Muhammad Hussain Fazal Allah', NULL, 0.00, 0.00, 0.00, 0.00, 0.1200, 2.00, 0, 'products/AMZnj8B9PX4gvTrZaTgpGFeSvL5rupZ32LaJye9P.jpg', 1, '2026-02-06 20:45:09', '2026-02-06 20:45:09', 1, '45', NULL),
(275, 1, 9, 'Khush Bakht Gharana', '575', 'Khush Bakht Gharana Written by Majeed Rasheed Purr', NULL, 0.00, 0.00, 0.00, 0.00, 0.1050, 1.00, 0, 'products/jmKImLfXHMDebxgoegLC46aiNmmxfWw3V1j2rltC.jpg', 1, '2026-02-06 20:49:36', '2026-02-06 20:49:36', 1, '45', NULL),
(276, 1, 9, 'Khutba Tul Mutaqeen', '576', 'Khutba Tul Mutaqeen Written by Allam Mufti Jafir Hussain Ali', NULL, 0.00, 0.00, 0.00, 0.00, 0.0400, 1.00, 0, 'products/Pa8OjBB4ELLmdlUDSPgYM7tEwl8yhKAwRMszGwvM.jpg', 1, '2026-02-06 20:55:48', '2026-02-06 20:55:48', 1, '45', NULL),
(277, 1, 9, 'Shuwair-e-Hussaini', '577', 'Shuwair-e-Hussaini Written by Al-Sheikh Hafiz Basheer Hussain', NULL, 0.00, 0.00, 0.00, 0.00, 0.1850, 1.00, 0, 'products/l4ZiAC4NH5Llap7338NHDUnl4omxIXPxDbdsOst8.jpg', 1, '2026-02-06 21:03:01', '2026-02-06 21:03:01', 1, '45', NULL),
(278, 1, 9, 'Behtareen Ishq', '578', 'Behtareen Ishq ', NULL, 0.00, 0.00, 0.00, 0.00, 0.0950, 1.00, 0, 'products/3mYbno7UGxk8r2HPTnDUH87StQdbhLHbyGfE8Sdo.jpg', 1, '2026-02-06 21:05:04', '2026-02-06 21:05:04', 1, '45', NULL),
(279, 1, 9, 'Manazirat Dhagana', '579', '', NULL, 0.00, 0.00, 0.00, 0.00, 0.1600, 1.00, 0, 'products/B4Sxij290kQPyXY8KjAXgnHChCsCbrNuClCpEkuS.jpg', 1, '2026-02-06 21:07:26', '2026-02-06 21:07:26', 1, '45', NULL),
(280, 1, 9, 'Rohani Bemariyan', '580', 'Rohani Bemariyan Written by Sayed Muhammad Mehdi Shams-ud-Deen', NULL, 0.00, 0.00, 0.00, 0.00, 0.0750, 1.00, 0, 'products/BN72Fp6CCuszkMqjkf06X6rzHBIfgsN8iponogUK.jpg', 1, '2026-02-06 21:12:47', '2026-02-06 21:12:47', 1, '45', NULL),
(281, 1, 9, 'Dor-e-Hazir K Msail or Unka Hal', '581', 'Dor-e-Hazir K Msail or Unka Hal a Discriptive Book on Daily Issues', NULL, 0.00, 0.00, 0.00, 0.00, 0.0900, 4.00, 0, 'products/lqZlPhhJmdjVM4GdY0yb6xJB85SvzFPwsYiQgoZy.jpg', 1, '2026-02-07 04:22:55', '2026-02-07 04:22:55', 1, '45', NULL),
(282, 1, 9, 'Sarf-e-Bhai', '582', 'Sarf-e-Bhai Written by Allama Bahaundin Amli Almatoufi', NULL, 0.00, 0.00, 0.00, 0.00, 0.0600, 1.00, 0, 'products/5WUucNJkVtyE9MpBKD1xd7hjewWUqHfTDMthKeMz.jpg', 1, '2026-02-07 04:26:50', '2026-02-07 04:26:50', 1, '45', NULL),
(283, 1, 9, 'Seerat-e-Taiba', '583', 'Seerat-e-Taiba Written by Muhammad Nawaz', NULL, 0.00, 0.00, 0.00, 0.00, 0.3350, 1.00, 0, 'products/fuvGyIcuGZoFgCa7kcQsBoeD1ZEbbu0p2FrlHdUE.jpg', 1, '2026-02-07 04:29:02', '2026-02-07 04:29:02', 1, '45', NULL),
(284, 1, 9, 'Ehal-e-Bait as Sahaba ra Ki Nazar Main', '584', 'Ehal-e-Bait as Sahaba ra Ki Nazar Main Written by Molana Muhammad Ayub Basri', NULL, 0.00, 0.00, 0.00, 0.00, 0.6500, 1.00, 0, 'products/ykXdqXi58lS5UIrcL29wlF0bwWYYZsrDNVywzfEn.jpg', 1, '2026-02-07 04:32:33', '2026-02-07 04:32:33', 1, '45', NULL),
(285, 1, 9, 'Jan\'nee Ki Batain', '585', 'Jan\'nee Ki Batain Written by Raza Farhadiyan', NULL, 0.00, 0.00, 0.00, 0.00, 0.1150, 2.00, 0, 'products/fPeMxzrglcYCetsD5u3de3iBxcGwRlajz3Rjq1DU.jpg', 1, '2026-02-07 04:35:34', '2026-02-07 04:35:34', 1, '45', NULL),
(286, 1, 9, 'Khums', '586', 'Khums including 100 Problems ', NULL, 0.00, 0.00, 0.00, 0.00, 0.0650, 2.00, 0, 'products/nfARYHf8lIO9uLXyxOoMffTWSEwlNIxhBi6QREvj.jpg', 1, '2026-02-07 04:40:37', '2026-02-07 04:40:37', 1, '45', NULL),
(287, 1, 11, 'Customized Mobile Cover', '588', 'Customized Mobilw Cover', NULL, 1250.00, 1100.00, 1050.00, 850.00, 0.1000, 1.00, 0, 'products/CuGtJsVivb0UpPihhy2pOhV32YtM7sDWLpeLQnA6.png', 1, '2026-02-11 11:34:03', '2026-03-10 18:22:17', 1, 'O1', '1'),
(288, 1, 8, 'Islamic Calendar 2026', '587', 'Islamic Calendar 2026 of Anjuman Wazeefa Saddat o Momineen', NULL, 250.00, 200.00, 180.00, 160.00, 0.1500, 30.00, 0, 'products/FKiM9hJMe4sxshTe6vkO8UtwiiPWKnvzzMBjj156.jpg', 1, '2026-02-11 16:01:28', '2026-02-11 16:38:03', 1, 'C1', '1'),
(289, 1, 9, 'Adab e Zindagi', '589', '*📘 کتاب: آدابِ زندگی*\r\n*مصنف: علامہ محمد باقر مجلسیؒ*\r\nیہ کتاب ایک مختصر مگر نہایت جامع رہنمائے حیات ہے جس میں روزمرہ زندگی کے ہر اہم پہلو کو اسلامی تعلیمات کی روشنی میں بہترین انداز سے بیان کیا گیا ہے۔ علامہ مجلسیؒ جیسی عظیم علمی شخصیت کی یہ تصنیف ایک مسلمان کے عملی طرزِ زندگی کو سنوارنے میں اہم کردار ادا کرتی ہے۔\r\n*کتاب میں شامل موضوعات:*\r\n👕 لباس پہننے کے آداب\r\n🍽 کھانے پینے کے آداب\r\n💍 شادی کے آداب\r\n✈️ سفر کے آداب\r\n🚪 گھر سے نکلنے کے آداب\r\n🛌 سونے کے آداب\r\n🚻 بیت الخلاء کے آداب\r\n🩺 مختلف بیماریوں اور ان کے مجرب علاج\r\n🤝 ہمسایوں، یتیموں اور دینی بھائیوں کے حقوق وغیرہ وغیرہ\r\nیہ کتاب ہر عمر کے افراد کے لیے نہایت مفید ہے، خاص طور پر وہ حضرات جو اپنی عملی زندگی کو اسلامی آداب کے مطابق گزارنا چاہتے ہیں۔\r\n`📄 کل صفحات: 111`\r\n*🔖 ہدیہ: فقط 299 روپے*\r\n`For More:`\r\n🛍المفید اسلامی ثقافتی مرکز (بھکر)🕊\r\n🌐: www.almufeed.com.pk\r\nhttps://chat.whatsapp.com/K1ilNEtgnpGFiS94q94NMo', NULL, 299.00, 220.00, 200.00, 185.00, 0.1500, 9.00, 0, 'products/3fCIfcVSL2LOFOz0MoIHhmufT2xCI3m5WIX2tFsD.jpg', 1, '2026-02-11 16:26:53', '2026-02-11 16:31:33', 1, '01', '1'),
(290, 1, 6, 'Shaheed Abbas Mosvi', '590', '*📘 عبدُالصالح – شہید عباس موسوی*\r\nیہ کتاب لبنان کی مزاحمتی تاریخ کے ایک عظیم کردار شہید سید عباس موسویؒ کی پُراثر اور ایمان افروز زندگی کو مختصر مگر جامع انداز میں پیش کرتی ہے۔\r\nشہید عباس موسوی نہ صرف ایک جید عالمِ دین تھے بلکہ حزب اللہ لبنان کے دوسرے جنرل سیکرٹری کی حیثیت سے انہوں نے ظلم و استکبار کے خلاف مزاحمت کی روشن مثال قائم کی۔\r\n*📖 اس کتاب میں آپ پڑھیں گے:*\r\n✔️ شہید عباس موسویؒ کی علمی و فکری تربیت\r\n✔️ ان کی دینی، سماجی اور انقلابی خدمات\r\n✔️ حزب اللہ لبنان میں ان کا تاریخی کردار\r\n✔️ حق کی راہ میں دی گئی عظیم قربانی اور شہادت\r\nیہ کتاب نوجوانوں، طلبہ اور مزاحمتی فکر سے وابستہ ہر قاری کے لیے ایک بہترین تحفہ ہے۔\r\n📄 کل صفحات: 98\r\n*🎁 ہدیہ صرف: 299 روپے*\r\n📚 آج ہی حاصل کریں اور ایک عبدِ صالح کی سیرت سے اپنے دل و فکر کو منور کریں۔\r\n\r\n`For More:`\r\n*🛍المفید اسلامی ثقافتی مرکز(بھکر)🕊*\r\n\r\n*📲: 03004466912*\r\n*🌐: www.almufeed.com.pk*\r\n\r\nhttps://chat.whatsapp.com/K1ilNEtgnpGFiS94q94NMo', NULL, 299.00, 199.00, 150.00, 115.00, 0.1500, 9.00, 0, 'products/MEcn1Ry6UuXjDgxqRCiAtiCUiKPkXYM2QegHtfqG.png', 1, '2026-02-11 16:35:48', '2026-03-06 20:02:41', 1, '01', '1'),
(291, 1, 12, 'Bachon ka Nahjul Balagha VIP', '591', '*## 📘 بچوں کا نہج البلاغہ*\r\n\r\n *### 🌟 بچوں کے دلوں میں حکمتِ علیؑ کے چراغ روشن کریں 🌟* \r\n\r\n**نہج البلاغہ**، حضرت علی ابن ابی طالب علیہ السلام کی وہ بے مثال کتاب ہے جو حکمت، علم، عدل، اور اخلاق کا خزانہ ہے۔ یہ کتاب صرف بڑوں کے لیے نہیں، بلکہ بچوں کے لیے بھی اتنی ہی اہم ہے – کیونکہ بچپن ہی وہ عمر ہے جہاں عقل، کردار، اور شخصیت کی بنیاد رکھی جاتی ہے۔\r\n\r\n**\"بچوں کا نہج البلاغہ\"** اس عظیم کتاب کا سادہ، مختصر، اور بچوں کی ذہنی سطح کے مطابق خوبصورت ترجمہ اور خلاصہ ہے، تاکہ ہمارے ننھے فرشتے بھی امام علیؑ کی ہدایات سے روشناس ہو سکیں۔\r\n\r\n---\r\n\r\n *### 📚 کتاب کی خصوصیات:* \r\n\r\n✅ **آسان زبان میں حکمت:**\r\nمشکل الفاظ کے بجائے سادہ جملے، تاکہ بچے آسانی سے سمجھ سکیں۔\r\n\r\n✅ **رنگین تصاویر کے ساتھ سبق آموز باتیں:**\r\nہر بات کے ساتھ خوبصورت تصویری وضاحت، جو بچوں کی دلچسپی کو بڑھائے۔\r\n\r\n✅ **روزمرہ مثالوں کے ذریعے سمجھانے کا انداز:**\r\nامام علیؑ کے اقوال کو کہانیوں اور دلچسپ واقعات کے ذریعے پیش کیا گیا ہے۔\r\n\r\n✅ **اخلاقی اور تعلیمی پیغامات:**\r\nبچے سچ بولنا، عدل کرنا، بڑوں کی عزت اور علم کی قدر کرنا سیکھیں گے۔\r\n\r\n✅ **ذہن اور کردار سازی:**\r\nیہ کتاب صرف مطالعہ کے لیے نہیں بلکہ ایک مکمل تربیتی راہ ہے۔\r\n\r\n---\r\n\r\n*### 🧠 کیوں ضروری ہے بچوں کے لیے نہج البلاغہ؟*\r\n\r\n* کیونکہ امام علیؑ کا کلام عقل کو جلا دیتا ہے۔\r\n* کیونکہ بچے وہ پودے ہیں جنہیں ابتدائی عمر میں سیدھا اگایا جا سکتا ہے۔\r\n* کیونکہ آج کی دنیا میں کردار، سچائی، اور اخلاق کی روشنی سب سے زیادہ ضروری ہے۔\r\n\r\n---\r\n\r\n*### 🎁 یہ کتاب اُن بچوں کے لیے ہے جو:*\r\n\r\n✅ نیکی کا راستہ اپنانا چاہتے ہیں\r\n✅ سیکھنے اور سمجھنے کی جستجو رکھتے ہیں\r\n✅ اسلام اور اہل بیتؑ سے محبت رکھتے ہیں\r\n✅ زندگی میں امام علیؑ کی روشنی میں چلنا چاہتے ہیں\r\n\r\n---\r\n\r\n *📖 \"بچوں کا نہج البلاغہ\" — وہ چراغ ہے جو ننھے دلوں میں روشنی کرے گا۔**\r\n *💡 آج ہی اس قیمتی تحفے کو اپنے بچوں کودیں!*\r\n\r\n*ہدیہ صرف 299 روپے*😍\r\n\r\n`For More:`\r\n*💬: wa.me/almufeed*\r\n*📲: 03007951919*\r\n*🌐: www.almufeed.com.pk*\r\n\r\nhttps://chat.whatsapp.com/Lq4mUtujjyM1yDywQEKEAa', NULL, 300.00, 250.00, 230.00, 220.00, 0.2500, 49.00, 0, 'products/X2txK4n2A8VyQTWg46OHn4nCBt1sjtFgk5gXP2Qo.jpg', 1, '2026-02-11 16:49:18', '2026-02-11 16:54:26', 1, '01', '1'),
(292, 1, 12, 'Asool e Deen Kidz ', '592', '📚 `اصولِ دین (6 کتابوں کا سیٹ` \r\n🌹 *معصوم دلوں میں ایمان کی شمع جلانے والا نایاب تحفہ*\r\n*چھوٹے بچوں کے ذہن میں دین کی بنیادیں مضبوط کرنے کے لیے تیار کردہ چھ کتابوں پر مشتمل یہ خوبصورت سیٹ*\r\n `توحید، عدل، نبوت، امامت اور قیامت`  \r\n*جیسے عظیم اصولوں کو آسان، محبت بھرے اور دلنشین انداز میں سکھاتا ہے۔*\r\n\r\n📚 *ہر کتاب رنگین تصاویر، نرم الفاظ اور سبق آموز کہانیوں کے ذریعے نہ صرف عقائد سمجھاتی ہے، بلکہ بچوں کے دلوں میں دین کی خوشبو بکھیرتی ہے۔*\r\n\r\n📚 *یہ سیٹ آپ کے بچوں کے لیے دین سے محبت اور یقین کی پہلی روشن سیڑھی ثابت ہوگا۔*\r\n\r\n♥️ *اپنے بچوں کو دینِ اسلام کے سنہری اصولوں سے روشناس کرائیں — ایک خوبصورت، بابرکت آغاز کے ساتھ!*\r\n\r\n🏷️  قیمت : ~1399~ 1200  روپے\r\n\r\n `For More:`\r\n*💬: wa.me/almufeed*\r\n*📲: 03007951919*\r\n*🌐: www.almufeed.com.pk*\r\n\r\nhttps://chat.whatsapp.com/K1ilNEtgnpGFiS94q94NMo', NULL, 1200.00, 1000.00, 950.00, 850.00, 0.6000, 0.00, 0, 'products/DzDwkxHTvRzz8JPGUFXXK1iSRn6bfaH8teamxywM.jpg', 1, '2026-02-11 16:51:32', '2026-02-11 16:54:26', 1, '01', '13'),
(293, 1, 6, 'Mujhy ksi Cheez Ka Khof Na Tha', '593', '*📘مجھے کسی چیز کا خوف نہ تھا*\r\n`از چیزی نماترسیدم`\r\n(مجھے کسی چیز کا خوف نہ تھا)\r\nیہ کتاب محض ایک سوانح نہیں بلکہ\r\nسردار قاسم سلیمانی کی اپنی زبانی لکھی گئی یادداشتیں ہیں —\r\nایسے خیالات اور احساسات جو براہِ راست دل سے نکلے اور دل تک پہنچتے ہیں۔\r\n*✨ کتاب کی سب سے خاص بات*\r\nاس میں سردار قاسم سلیمانی کے اپنے ہاتھ کی لکھی ہوئی اصل تحریریں شامل ہیں، جو آپ کو ان کی فکر، جذبے اور روحانی کیفیت کے بالکل قریب لے جاتی ہیں۔\r\n*📖 اس کتاب میں ایک ایسے انسان کو جاننے کا موقع ملتا ہے جو:*\r\n▪️ خوف سے آزاد\r\n▪️ مقصد پر ثابت قدم\r\n▪️ قربانی کا پیکر\r\n▪️ سادہ مزاج مگر گہری سوچ کا حامل\r\n▪️ توکل، جرأت اور اخلاص کی عملی تصویر تھا\r\nیہ کتاب حوصلہ، یقین اور استقامت کا وہ پیغام ہے جو ہر صاحبِ فکر قاری کو ضرور پڑھنا چاہیے۔\r\n*📌 اہم خصوصیات*\r\n✔ سردار قاسم سلیمانی کی اپنی تحریر\r\n✔ ہاتھ سے لکھی ہوئی اصل یادداشتیں\r\n✔ فکری و روحانی پہلوؤں کا احاطہ\r\n✔ دل کو چھو لینے والا انداز\r\n*💰 ہدیہ فقط: 399 روپے*\r\n\r\n`For More:`\r\n*🛍المفید اسلامی ثقافتی مرکز(بھکر)🕊*\r\n*FB:* https://www.facebook.com/share/1C7Fuc4gzU/ \r\n\r\n*📲: +923004466912*\r\n*🌐: www.almufeed.com.pk*\r\n\r\nhttps://chat.whatsapp.com/K1i', NULL, 400.00, 330.00, 300.00, 270.00, 0.1650, 81.00, 0, 'products/Br3HpfWZ9DFUtxsltXsKpmlOE1LLzQ7o5baOW9xC.jpg', 1, '2026-02-14 02:36:59', '2026-02-14 02:36:59', 1, '01', '1'),
(294, 1, 9, 'Kehkashan-e-Neesti', '594', 'Kehkashan-e-Neesti written by Ayat Ullah Sayed Ali Qazi TabaTabai', NULL, 0.00, 0.00, 0.00, 0.00, 0.5000, 1.00, 0, 'products/KPcUmEJvEMOCTOlRYoHxVExrCKRiw0gPVhEtWUCW.jpg', 1, '2026-02-17 23:11:29', '2026-02-17 23:12:40', 1, '46', '1'),
(295, 1, 9, 'Masail-e-Tabiyah', '595', 'Masail-e-Tabiyah written by Nasir Abbas Najfi', NULL, 0.00, 0.00, 0.00, 0.00, 0.1550, 1.00, 0, 'products/igDkYHW1qwkSk5tILH2tWdkAs4xf2eOUpt2nITFX.jpg', 1, '2026-02-17 23:16:54', '2026-02-17 23:16:54', 1, '46', '1'),
(296, 1, 9, 'Insan Pak h', '596', 'Insan Pak h written by Allama Sheikh Shabeer Hussain Mesemi', NULL, 0.00, 0.00, 0.00, 0.00, 0.2700, 1.00, 0, 'products/755ICR6m8hzsXRtqiEr6zHn53Z7BEUfggNuIzs7Z.jpg', 1, '2026-02-17 23:22:27', '2026-02-17 23:22:27', 1, '46', '1'),
(297, 1, 9, 'Ahkam-e-Musafir', '597', 'Ahkam-e-Musafir written by Nasir Abbas Najfi', NULL, 0.00, 0.00, 0.00, 0.00, 0.0800, 1.00, 0, 'products/2fDb1vaBXwj2TIMMajsgAExDYWvDjHfKoj0qDgge.jpg', 1, '2026-02-17 23:28:13', '2026-02-17 23:28:13', 1, '', '1'),
(298, 1, 9, 'Azmat-e-Mehrab', '598', 'Azmat-e-Mehrab written by iRfan Haider Naqvi', NULL, 0.00, 0.00, 0.00, 0.00, 0.0950, 14.00, 0, 'products/OgmiZREChB4GPt0yvDqgOq2xRIcyI2KVUNEJSTI9.jpg', 1, '2026-02-17 23:31:03', '2026-02-17 23:31:03', 1, '46', '1'),
(299, 1, 9, 'Sirf Meer', '599', 'Sirf Meer written by Meer Sayed Shareef JarJani', NULL, 0.00, 0.00, 0.00, 0.00, 0.1950, 6.00, 0, 'products/dXgdxarihvgcmU9nZFpjjuxYSIaXSbu3iwaG3C3B.jpg', 1, '2026-02-17 23:33:29', '2026-02-17 23:33:29', 1, '46', '1'),
(300, 1, 9, 'Noori-o-Rohani Ehtakaf', '600', 'Noori-o-Rohani Ehtakaf written by Peer Zada Sayed Muhammad Usman Ghori', NULL, 0.00, 0.00, 0.00, 0.00, 0.1250, 1.00, 0, 'products/PtKzNTzl0hOBfmI0sRLiRQ4YtbueX8K3gE9jC1ms.jpg', 1, '2026-02-17 23:37:39', '2026-02-17 23:37:39', 1, '46', '1'),
(301, 1, 9, 'Taib-e-Habib Ullah', '601', 'Taib-e-Habib Ullah written Sayed Nazar Abbas Hassani Najfi', NULL, 0.00, 0.00, 0.00, 0.00, 0.2150, 5.00, 0, 'products/Y0SdhojcWOuff7aFOAHOeeDk3pIrUP8kq4jbVH1y.jpg', 1, '2026-02-17 23:52:42', '2026-02-17 23:52:42', 1, '46', '1'),
(302, 1, 9, 'Qayam-e-Ashora', '602', 'Qayam-e-Ashora written by ', NULL, 0.00, 0.00, 0.00, 0.00, 0.2700, 2.00, 0, 'products/1wLmZIKxWiPhfEgpw1FpmMH3zv2C7Vt2RneD7kgk.jpg', 1, '2026-02-17 23:56:01', '2026-02-17 23:56:01', 1, '46', '1'),
(303, 1, 9, 'Ehkam-e-Shuayer-e-Hussaini', '603', 'Ehkam-e-Shuayer-e-Hussaini written by Sayed Nazar Abbas Hassani Naqvi', NULL, 0.00, 0.00, 0.00, 0.00, 0.1850, 4.00, 0, 'products/EXvgtkrtk8kCwx3VVqMQuYOaQzqOxhmdeLE81pmP.jpg', 1, '2026-02-18 00:02:27', '2026-02-18 00:02:27', 1, '46', '1'),
(304, 1, 9, 'Fateh Mubeeb', '604', 'Fateh Mubeeb written by Saad Mohsin Al-Tai', NULL, 0.00, 0.00, 0.00, 0.00, 0.6000, 1.00, 0, 'products/9OMuxMMycBhqkLMDcGHnyaWuI1h18ElKrBdijKaY.jpg', 1, '2026-02-28 17:52:30', '2026-03-01 05:02:17', 1, '', '1'),
(305, 1, 9, 'Nahu Meer ', '605', 'Nahu Meer written by Dr. Allama Sakhawat Hussain ', NULL, 0.00, 0.00, 0.00, 0.00, NULL, 7.00, 0, 'products/sZSz0TkhSEZ9G3eV0Jyjk7XrqLmHrpNE4G9onhRW.jpg', 1, '2026-03-01 06:44:36', '2026-03-06 20:48:44', 1, '', '1'),
(306, 1, 13, 'Qaba Ulema e Karam', '606', '', NULL, 9000.00, 8000.00, 7800.00, 7000.00, 1.0000, 0.00, 0, 'products/k6b42iCOgtzzEijZSzGIaUkHGaUvfm7NbLhm5TIM.jpg', 1, '2026-03-03 02:24:31', '2026-03-03 02:40:04', 1, '', '1'),
(307, 1, 7, 'Jay Namaz Mehrab Shape', '607', '', NULL, 2200.00, 1800.00, 1750.00, 1500.00, 1.0000, 1.00, 0, 'products/XfHJYDFAeqKUJhPbslmeUNXDmbHG5cY7ZaZYkObb.jpg', 1, '2026-03-03 02:25:28', '2026-03-03 02:42:05', 1, '', '1'),
(308, 1, 6, 'Noor e Wilayat', '608', '', NULL, 150.00, 120.00, 100.00, 70.00, 0.0800, 34.00, 0, 'products/GrJXiBEYb0n3jRPVatD6xIdRMu1pnu1bV4yAWEhK.jpg', 1, '2026-03-07 03:05:44', '2026-03-10 16:18:05', 1, '', '1'),
(309, 1, 5, 'Stoler Set', '609', '', NULL, 750.00, 670.00, 630.00, 550.00, 0.2000, 9.00, 0, 'products/W9XF0DH3002Xo5a70SNRVFIn5h9F0vpkjLhK2ojI.jpg', 1, '2026-03-07 05:34:04', '2026-03-07 06:20:15', 1, '', '13'),
(310, 1, 5, 'Asteen irani - Button', '610', '', NULL, 400.00, 350.00, 300.00, 230.00, 0.0500, 4.00, 0, 'products/VjPHrtVVQ6pysqaJVEGRmTh2CFuI14ulslEIeX8x.jpg', 1, '2026-03-07 05:41:23', '2026-03-07 06:20:15', 1, '', '1'),
(311, 1, 5, 'Long Shape Asteen - Button', '611', '', NULL, 300.00, 275.00, 240.00, 200.00, 0.0500, 10.00, 0, 'products/XdxkC0UJ8bInZucNcBPOkgQOyH1WJEYGj8H4gPWI.jpg', 1, '2026-03-07 06:03:00', '2026-03-07 06:24:42', 1, '', '1'),
(312, 1, 5, 'Irani Asteen - Fancy', '612', '', NULL, 450.00, 360.00, 320.00, 270.00, 0.0500, 122.00, 0, 'products/8wlkiIyJYXEdPhhzY0IGiyHceKYHED8zhct4xeMy.jpg', 1, '2026-03-07 06:12:12', '2026-03-07 06:24:13', 1, '', '1'),
(313, 1, 6, 'Aftab e Fuqahat', '613', '', NULL, 250.00, 175.00, 150.00, 100.00, 0.1700, 42.00, 0, 'products/A4dVqpom7fUXV2F9RbRs8QYQTkmA3UU9kGn4oqrk.jpg', 1, '2026-03-07 06:28:47', '2026-03-11 12:45:44', 1, '', '1'),
(314, 1, 9, 'Fatima tu Zahra sa', '614', '', NULL, 200.00, 150.00, 120.00, 100.00, 0.1000, 0.00, 0, NULL, 1, '2026-03-07 06:30:11', '2026-03-07 06:32:00', 1, '', '1'),
(315, 1, 5, 'Hijab Pin Muqadas Names', '615', '', NULL, 50.00, 40.00, 35.00, 30.00, 0.0050, 56.00, 0, 'products/jVvTBv9OD03HClGy0k2scIJjvmQJ2DqA73Op8cyw.jpg', 1, '2026-03-07 06:45:40', '2026-03-11 17:08:15', 1, '', '1'),
(316, 1, 14, 'Hirz (Taweez)', '616', '', NULL, 200.00, 150.00, 120.00, 100.00, 0.0100, 39.00, 0, 'products/2hk2fh0VSxgxgagYszwzr17vh6T5MDEIH8hxXUVj.jpg', 1, '2026-03-07 06:49:25', '2026-03-07 15:47:01', 1, '', '1'),
(317, 1, 11, 'Rehbar e Muazam Pic Bachpan', '617', '', NULL, 250.00, 220.00, 200.00, 150.00, 0.1000, 4.00, 0, 'products/Kcst3hISEmWegINS1fTpoY8S6gchOwsFJRyW5zEB.jpg', 1, '2026-03-07 16:40:52', '2026-03-07 16:49:10', 1, '', '1'),
(318, 1, 9, 'Masbah al Asool', '618', 'Masbah al Asool written by Abdul Hadi al Fazli', NULL, 0.00, 0.00, 0.00, 0.00, NULL, 1.00, 0, 'products/41WY7NEcrzLcE0PALHNdaAmeGsOW1qyECUcQX249.jpg', 1, '2026-03-07 17:19:36', '2026-03-07 17:19:36', 1, '', '1'),
(319, 1, 9, 'Hamary Aqaid', '619', 'Hamary Aqaid written by Ayat ullah Nasir Makaram Sherazi', NULL, 0.00, 0.00, 0.00, 0.00, NULL, 10.00, 0, 'products/qJJTlrgedQqpV5ShsyDgBZxLZK3Xdyq4Ad9GRnQw.jpg', 1, '2026-03-07 17:23:10', '2026-03-07 17:23:10', 1, '', '1'),
(320, 1, 9, 'ilm-e-Mantaq', '620', 'ilm-e-Mantaq written by Ayat ullah Shaheed Murtaza Mutaheri', NULL, 0.00, 0.00, 0.00, 0.00, NULL, 10.00, 0, 'products/W7uL9rkuLb0HWLuxSbgLuYxeDYVH8Ixcwvj0rzwO.jpg', 1, '2026-03-07 17:27:28', '2026-03-07 17:27:28', 1, '', '1'),
(321, 1, 9, 'iMam Mehdi', '621', 'iMam Mehdi written by Ali Muhammad Ali Dukhel', NULL, 0.00, 0.00, 0.00, 0.00, NULL, 2.00, 0, 'products/Ludq8YKsNn668v6xnBSKg98RTDR4cywwbpBoKuLc.jpg', 1, '2026-03-07 17:32:06', '2026-03-07 17:32:06', 1, '', '1'),
(322, 1, 9, 'Shareka Tul Hussain as Zainab as Uliyal Maqam', '622', '', NULL, 500.00, 400.00, 350.00, 300.00, NULL, 0.00, 0, 'products/q93A7zecN8R1CKdm2mNMWOo9EproA91duqaU3UhI.jpg', 1, '2026-03-07 18:18:43', '2026-03-07 19:00:54', 1, '', '1'),
(323, 1, 9, 'Mojzat e Hazrat Imam Hussain as', '623', 'Mojzat e Hazrat Imam Hussain as written by Allama Abdul Rasool Al-Gafari', NULL, 600.00, 500.00, 450.00, 400.00, NULL, 0.00, 0, 'products/vPxcUQInEvS3tbCM4IlJ5bxiaR8w1SSOkzKg4b0e.jpg', 1, '2026-03-07 18:22:01', '2026-03-07 19:00:54', 1, '', '1'),
(324, 1, 9, 'Dhai Soo Sala Insan', '624', 'Dhai Soo Sala Insan written by Rehbr-e-Muazam Sayed Ali Khamnai ', NULL, 700.00, 600.00, 530.00, 450.00, NULL, 0.00, 0, 'products/N9FTN6KqRDJ5gvNTPUQ3QyK8F1Lqr3CLGUAJjOiW.jpg', 1, '2026-03-07 18:36:05', '2026-03-07 19:00:54', 1, '', '1'),
(325, 1, 9, 'iNkalab-e-Hussain', '625', 'iNkalab-e-Hussain written by Al-Shiekh Muhammad Mehdi Shams ud Deen', NULL, 600.00, 550.00, 500.00, 430.00, NULL, 0.00, 0, 'products/fDUObXdYAYFq8RCm7zY916pVg6GTfx1Wl4FkAQ0P.jpg', 1, '2026-03-07 18:46:21', '2026-03-07 19:00:54', 1, '', '1'),
(326, 1, 9, 'iMam Zain ul Abideen ', '626', 'iMam Zain ul Abideen written by Hassan Zafar Naqvi', NULL, 600.00, 500.00, 450.00, 400.00, NULL, 0.00, 0, 'products/32Ly0LmLLZXwvy3SneyL8Wt6UUvaZ8ezJSRzeOJ5.jpg', 1, '2026-03-07 18:50:32', '2026-03-07 19:00:54', 1, '', '1'),
(327, 1, 9, 'Hussain Shahkar Afreenish', '627', '', NULL, 350.00, 300.00, 250.00, 200.00, 0.3000, 26.00, 0, NULL, 1, '2026-03-07 18:57:17', '2026-03-07 19:00:54', 1, '', '1'),
(328, 1, 9, 'Bahlol Dana', '628', '', NULL, 250.00, 200.00, 150.00, 120.00, 0.1000, 4.00, 0, NULL, 1, '2026-03-07 19:10:21', '2026-03-07 19:12:07', 1, '', '1'),
(329, 1, 11, 'Customized Shirt (14-16)', '629', '', NULL, 600.00, 500.00, 380.00, 250.00, 0.1000, 10.00, 0, NULL, 1, '2026-03-08 07:51:58', '2026-03-08 07:51:58', 1, '', '1'),
(330, 1, 11, 'Customized Shirt (18-20)', '630', '', NULL, 650.00, 550.00, 400.00, 250.00, 0.1000, 10.00, 0, NULL, 1, '2026-03-08 07:53:05', '2026-03-08 07:53:05', 1, '', '1'),
(331, 1, 11, 'Customized Shirt (22-24)', '631', '', NULL, 700.00, 600.00, 430.00, 250.00, 0.1000, 5.00, 0, NULL, 1, '2026-03-08 07:54:16', '2026-03-11 12:45:44', 1, '', '1'),
(332, 1, 11, 'Customized Shirt (S,M,L)', '632', '', NULL, 800.00, 700.00, 550.00, 400.00, 0.0100, 4.00, 0, NULL, 1, '2026-03-08 07:57:18', '2026-03-11 12:45:43', 1, '', '1'),
(333, 1, 11, 'Customized Picture With Frame A4', '633', '', NULL, 650.00, 550.00, 450.00, 400.00, 0.5000, 11.00, 0, NULL, 1, '2026-03-08 07:58:56', '2026-03-11 12:45:43', 1, '', '1'),
(334, 1, 7, 'Hadia Karbla Green (Sajdagah Tasbeeh)', '634', '', NULL, 450.00, 400.00, 320.00, 280.00, 0.1000, 0.00, 0, NULL, 1, '2026-03-08 08:12:51', '2026-03-11 12:45:43', 1, '', '9'),
(335, 1, 6, 'Seerat e Salihana', '635', '', NULL, 350.00, 300.00, 250.00, 190.00, 0.1000, 15.00, 0, NULL, 1, '2026-03-08 08:15:02', '2026-03-11 12:53:45', 1, '', '1'),
(336, 1, 9, 'Ehkam-e-Deen', '636', 'Ehkam-e-Deen written by Sayeda Tahira Fatima Naqvi', NULL, 0.00, 0.00, 0.00, 0.00, 0.3900, 3.00, 0, 'products/F8Za8w5LOhM1JX3s4yCzuuH1RogpRVkS48zuaWBU.jpg', 1, '2026-03-10 03:09:55', '2026-03-10 03:09:55', 1, '', '1'),
(337, 1, 9, 'Qawaid Nazra Tilawat', '637', 'Qawaid Nazra Tilawat written by Ali Jabebi-Muhammad Raza Shaheed', NULL, 0.00, 0.00, 0.00, 0.00, NULL, 10.00, 0, 'products/uJYCqWW49hZzY4ASMa2GM5j6FJthl3MUwm9tzTAF.jpg', 1, '2026-03-10 03:13:24', '2026-03-10 03:13:24', 1, '', '1'),
(338, 1, 9, 'Asool-e-Fiqah', '638', 'Asool-e-Fiqah written by Ayat Ullah Shaheed Murtaza Muthari', NULL, 0.00, 0.00, 0.00, 0.00, NULL, 10.00, 0, 'products/h2jm1hTVoa170R4qot8GKJJLCleTFWpqphsjMyhY.jpg', 1, '2026-03-10 03:17:07', '2026-03-10 03:17:07', 1, '', '1'),
(339, 1, 9, 'Aqaid-e-iMamia', '639', 'Aqaid-e-iMamia written by Ayatulah Allama Al-Shiekh Muhammad Raza Muzafar', NULL, 0.00, 0.00, 0.00, 0.00, NULL, 9.00, 0, 'products/63cnwoDIUXRrUOCMinKeZLKEfdR1ceeu0Ga54Bjl.jpg', 1, '2026-03-10 03:20:15', '2026-03-10 03:20:15', 1, '', '1'),
(340, 1, 9, 'Kitab Sharh-e-Amsala', '640', 'Kitab Sharh-e-Amsala', NULL, 0.00, 0.00, 0.00, 0.00, NULL, 5.00, 0, 'products/dUmoypi8gNF5TdIFWnbNw46fg0qufeSy4ezuo1oD.jpg', 1, '2026-03-10 03:23:02', '2026-03-10 03:23:02', 1, '', '1'),
(341, 1, 9, 'Rehnumayan-e-iSlam', '641', 'Rehnumayan-e-iSlam written by Ayatullah Sayed Ali Naqi Naqvi', NULL, 0.00, 0.00, 0.00, 0.00, NULL, 5.00, 0, 'products/LhK1KhEgD6iSLFHvJatZ64qQT3Arvh7kNau2y7ph.jpg', 1, '2026-03-10 03:25:50', '2026-03-10 03:25:50', 1, '', '1'),
(342, 1, 9, 'Tozeh-ul-Masayil', '642', 'Tozeh-ul-Masayil written by Sayed Ali Hussaini Khamnai+ Majmoa', NULL, 0.00, 0.00, 0.00, 0.00, NULL, 5.00, 0, 'products/zVmAq7PRi56fjXD3QQGbgc4lbErk6VKR1s7ofESQ.jpg', 1, '2026-03-10 03:29:55', '2026-03-10 03:29:55', 1, '', '1'),
(343, 1, 9, 'Hasil-e-Murad', '643', 'Hasil-e-Murad written by Al-Shiekh Zain-u-din Bin Ali AL-Amli Al-Maroof Bil Shaeed Ul Sani', NULL, 0.00, 0.00, 0.00, 0.00, 0.4500, 3.00, 0, 'products/PIlIp3DSN9NuX6cVKS0UvngPbqmWfQaEvjQJyxCK.jpg', 1, '2026-03-10 03:33:59', '2026-03-10 03:33:59', 1, '', '1'),
(344, 1, 9, 'Rishat-e-Qalam', '644', 'Rishat-e-Qalam written by Molana Sayed Talmeez Hassnain Rizvi ', NULL, 0.00, 0.00, 0.00, 0.00, 0.5150, 2.00, 0, 'products/6rudOTHtZgFDKJJGp00yyDWtT1Gkay042786I4JS.jpg', 1, '2026-03-10 03:44:36', '2026-03-10 03:44:36', 1, '', '1'),
(345, 1, 9, 'Mehman-e-Khuda', '645', 'Mehman-e-Khuda written by Dr. Kazim Kumail', NULL, 0.00, 0.00, 0.00, 0.00, 0.3050, 5.00, 0, 'products/bFkxrZjizVbAXdUQWGdp5jr7J9UoaXkbvgmxQPWQ.jpg', 1, '2026-03-10 03:46:48', '2026-03-10 03:46:48', 1, '', '1'),
(346, 1, 9, 'Asbatul Imamat', '646', 'Asbatul Imamat written by Al-Shiekh Muhammad Hussain Al-Najfi', NULL, 0.00, 0.00, 0.00, 0.00, 0.7550, 2.00, 0, 'products/wOPBp2dsTsNtf0sBgnhCjIra7hoqPqtsVOMveELk.jpg', 1, '2026-03-10 03:49:46', '2026-03-10 03:49:46', 1, '', '1'),
(347, 1, 9, 'Jannat-ul-Mawa', '647', 'Jannat-ul-Mawa written by Hujatul iSlam wal Muslimeen Dr. Sayed Talmeez Hassnain Rizvi', NULL, 0.00, 0.00, 0.00, 0.00, 0.4200, 2.00, 0, 'products/eTDF7ekf3cL595a0JWcbjyBlvMtOJnc4Wm2Yg9wZ.jpg', 1, '2026-03-10 03:54:00', '2026-03-10 03:54:00', 1, '', '1'),
(348, 1, 9, 'Seerat-e-Masomen', '648', 'Seerat-e-Masomen written by Ayatullah Al-Uzma Shiekh Waheed Khurasani', NULL, 0.00, 0.00, 0.00, 0.00, 0.6500, 1.00, 0, 'products/6AKLh1NlWouNCt5WE2uchPaJem5J5tBb9PjpoSZD.jpg', 1, '2026-03-10 04:00:38', '2026-03-10 05:54:15', 1, '', '1'),
(349, 1, 9, 'iQbal ( Bargah-e-Asmat o Taharat Main )', '649', 'iQbal ( Bargah-e-Asmat o Taharat Main ) written by Sayed Talmeez Hassnain Rizvi', NULL, 0.00, 0.00, 0.00, 0.00, 0.4950, 2.00, 0, 'products/OrRzuwa1p9f2vzjFKFZj9kwoOgO2hfgPka07mWRm.jpg', 1, '2026-03-10 04:02:11', '2026-03-10 05:59:33', 1, '', '1'),
(350, 1, 9, 'Dosti ( Aehlbait ki Nazar Main )', '650', 'Dosti ( Aehlbait ki Nazar Main ) written by Allama Muhammad Haideri', NULL, 0.00, 0.00, 0.00, 0.00, 0.4100, 1.00, 0, 'products/YMNcnnMONSZnekjvpK3vFLehRPH8V1c29i0EOc3D.jpg', 1, '2026-03-10 05:57:59', '2026-03-10 05:57:59', 1, '', '1'),
(351, 1, 11, 'Customized Bedge', '651', '', NULL, 200.00, 150.00, 125.00, 105.00, NULL, 70.00, 50, NULL, 1, '2026-03-10 06:29:33', '2026-03-11 12:46:06', 1, '', '1'),
(352, 1, 8, 'Itar Haram e Rizvi', '652', '', NULL, 750.00, 650.00, 630.00, 570.00, 0.1000, 0.00, 0, NULL, 1, '2026-03-10 15:54:21', '2026-03-10 15:59:52', 1, '', '1'),
(353, 1, 15, 'Alam Ya Aba Abdillah Irani ', '653', '', NULL, 700.00, 600.00, 550.00, 500.00, 0.1300, 4.00, 0, NULL, 1, '2026-03-10 15:57:52', '2026-03-10 15:59:52', 1, '', '1'),
(354, 1, 12, 'Sachy Rehnuma', '654', '', NULL, 1400.00, 1200.00, 900.00, 780.00, 0.4000, 4.00, 3, 'products/FsIS3d2Ho7EHTKTVq3PolRyMDpeeYr20GOW9THkg.jpg', 1, '2026-03-10 17:09:38', '2026-03-11 12:49:34', 1, '', '1'),
(355, 1, 7, 'Wazaif ul Abrar-JTI', '655', '', NULL, 800.00, 650.00, 610.00, 580.00, 0.2500, 4.00, 0, 'products/TqQ74a3Vm7jb1XXWtza4DAy2HANfzuOIr0Zw1RX0.jpg', 1, '2026-03-10 17:18:31', '2026-03-10 17:21:14', 1, '', '1'),
(356, 1, 6, 'Jihad Mughnia (والنجم)', '656', '', NULL, 350.00, 300.00, 280.00, 230.00, 0.1500, 239.00, 0, 'products/Iutn50gwSjV7ZgVDOFq5TnCITUx4KZuW0xF0U3dY.jpg', 1, '2026-03-10 17:31:56', '2026-03-10 17:39:45', 1, '', '1'),
(357, 1, 11, 'Customized KeyChain Double Side', '657', '', NULL, 300.00, 230.00, 150.00, 70.00, 0.0200, 9.00, 0, NULL, 1, '2026-03-10 18:56:26', '2026-03-10 18:59:29', 1, '', '1'),
(358, 1, 5, 'Nuqab (Poshia)', '658', '', NULL, 250.00, 200.00, 175.00, 140.00, 0.0500, 19.00, 0, 'products/TL5ZM8UhBRgjJncaoP3WaXXYaFrzQlzOZOfaan32.jpg', 1, '2026-03-11 16:49:32', '2026-03-11 17:08:15', 1, '', '1'),
(359, 1, 5, 'Hijab Pin - Nazr e Bad', '659', '', NULL, 100.00, 70.00, 50.00, 35.00, 0.0050, 99.00, 0, 'products/T16s2Ij3ZTuDiMTDntlxufYYozgJPFm59viPPqnW.jpg', 1, '2026-03-11 16:59:32', '2026-03-11 17:08:15', 1, '', '1'),
(360, 3, 16, 'Airpods Pro 2', '', '', NULL, 0.00, 0.00, 0.00, 1100.00, NULL, 2.00, 0, NULL, 1, '2026-03-12 08:35:46', '2026-03-12 08:36:03', 1, '', ''),
(401, 3, 17, 'Mobile Q2165', '1818', '', NULL, 2700.00, 2500.00, 2250.00, 2000.00, 0.2500, 1.00, 0, NULL, 1, '2026-03-12 12:14:41', '2026-03-12 12:14:41', 1, '', '1'),
(413, 1, 7, 'Sajda Gah - 1.5\"', '660', '', NULL, 30.00, 20.00, 14.00, 9.00, 0.0200, 100.00, 50, NULL, 1, '2026-03-12 15:45:10', '2026-03-12 15:45:10', 1, '', '1'),
(415, 1, 5, 'Nida abaya - Button', '661', '', NULL, 3800.00, 3150.00, 2950.00, 2800.00, 0.5000, 5.00, 0, NULL, 1, '2026-03-12 15:58:04', '2026-03-12 15:58:04', 1, '', '1'),
(416, 1, 11, 'Watch Customized ', '662', '', NULL, 1750.00, 1500.00, 1300.00, 1100.00, 0.1500, 1.00, 0, NULL, 1, '2026-03-13 16:18:54', '2026-03-13 16:18:54', 1, '', '1');

-- --------------------------------------------------------

--
-- Table structure for table `product_variants`
--

CREATE TABLE `product_variants` (
  `id` bigint UNSIGNED NOT NULL,
  `product_id` bigint UNSIGNED NOT NULL,
  `variant_name` varchar(255) COLLATE utf8mb4_unicode_ci NOT NULL,
  `variant_value` varchar(255) COLLATE utf8mb4_unicode_ci NOT NULL,
  `price_adjustment` decimal(10,2) NOT NULL DEFAULT '0.00',
  `stock` int NOT NULL DEFAULT '0',
  `created_at` timestamp NULL DEFAULT NULL,
  `updated_at` timestamp NULL DEFAULT NULL
) ENGINE=InnoDB DEFAULT CHARSET=utf8mb4 COLLATE=utf8mb4_unicode_ci;

-- --------------------------------------------------------

--
-- Table structure for table `purchases`
--

CREATE TABLE `purchases` (
  `id` bigint UNSIGNED NOT NULL,
  `branch_id` bigint UNSIGNED DEFAULT NULL,
  `supplier_id` bigint UNSIGNED NOT NULL,
  `invoice_number` varchar(255) COLLATE utf8mb4_unicode_ci NOT NULL,
  `total_amount` decimal(10,2) NOT NULL,
  `paid_amount` decimal(10,2) NOT NULL DEFAULT '0.00',
  `payment_status` enum('paid','partial','unpaid') COLLATE utf8mb4_unicode_ci NOT NULL DEFAULT 'unpaid',
  `purchase_date` date NOT NULL,
  `notes` text COLLATE utf8mb4_unicode_ci,
  `created_at` timestamp NULL DEFAULT NULL,
  `updated_at` timestamp NULL DEFAULT NULL
) ENGINE=InnoDB DEFAULT CHARSET=utf8mb4 COLLATE=utf8mb4_unicode_ci;

-- --------------------------------------------------------

--
-- Table structure for table `purchase_items`
--

CREATE TABLE `purchase_items` (
  `id` bigint UNSIGNED NOT NULL,
  `purchase_id` bigint UNSIGNED NOT NULL,
  `product_id` bigint UNSIGNED NOT NULL,
  `quantity` int NOT NULL,
  `unit_price` decimal(10,2) NOT NULL,
  `total_price` decimal(10,2) NOT NULL,
  `created_at` timestamp NULL DEFAULT NULL,
  `updated_at` timestamp NULL DEFAULT NULL
) ENGINE=InnoDB DEFAULT CHARSET=utf8mb4 COLLATE=utf8mb4_unicode_ci;

-- --------------------------------------------------------

--
-- Table structure for table `receipts`
--

CREATE TABLE `receipts` (
  `id` bigint UNSIGNED NOT NULL,
  `order_id` bigint UNSIGNED NOT NULL,
  `receipt_number` varchar(255) COLLATE utf8mb4_unicode_ci NOT NULL,
  `content` text COLLATE utf8mb4_unicode_ci NOT NULL,
  `created_at` timestamp NULL DEFAULT NULL,
  `updated_at` timestamp NULL DEFAULT NULL
) ENGINE=InnoDB DEFAULT CHARSET=utf8mb4 COLLATE=utf8mb4_unicode_ci;

-- --------------------------------------------------------

--
-- Table structure for table `refunds`
--

CREATE TABLE `refunds` (
  `id` bigint UNSIGNED NOT NULL,
  `order_id` bigint UNSIGNED NOT NULL,
  `user_id` bigint UNSIGNED NOT NULL,
  `amount` decimal(10,2) NOT NULL,
  `reason` text COLLATE utf8mb4_unicode_ci NOT NULL,
  `status` varchar(255) COLLATE utf8mb4_unicode_ci NOT NULL DEFAULT 'pending',
  `created_at` timestamp NULL DEFAULT NULL,
  `updated_at` timestamp NULL DEFAULT NULL
) ENGINE=InnoDB DEFAULT CHARSET=utf8mb4 COLLATE=utf8mb4_unicode_ci;

-- --------------------------------------------------------

--
-- Table structure for table `roles`
--

CREATE TABLE `roles` (
  `id` bigint UNSIGNED NOT NULL,
  `name` varchar(255) COLLATE utf8mb4_unicode_ci NOT NULL,
  `guard_name` varchar(255) COLLATE utf8mb4_unicode_ci NOT NULL,
  `created_at` timestamp NULL DEFAULT NULL,
  `updated_at` timestamp NULL DEFAULT NULL
) ENGINE=InnoDB DEFAULT CHARSET=utf8mb4 COLLATE=utf8mb4_unicode_ci;

--
-- Dumping data for table `roles`
--

INSERT INTO `roles` (`id`, `name`, `guard_name`, `created_at`, `updated_at`) VALUES
(1, 'admin', 'web', '2025-06-23 18:41:58', '2025-06-23 18:41:58'),
(2, 'manager', 'web', '2025-06-23 18:41:58', '2025-06-23 18:41:58'),
(3, 'cashier', 'web', '2025-06-23 18:41:58', '2025-06-23 18:41:58'),
(4, 'employee', 'web', '2025-06-23 18:41:58', '2025-06-23 18:41:58'),
(5, 'super_admin', 'web', '2026-03-12 02:53:17', '2026-03-12 02:53:17');

-- --------------------------------------------------------

--
-- Table structure for table `role_has_permissions`
--

CREATE TABLE `role_has_permissions` (
  `permission_id` bigint UNSIGNED NOT NULL,
  `role_id` bigint UNSIGNED NOT NULL
) ENGINE=InnoDB DEFAULT CHARSET=utf8mb4 COLLATE=utf8mb4_unicode_ci;

--
-- Dumping data for table `role_has_permissions`
--

INSERT INTO `role_has_permissions` (`permission_id`, `role_id`) VALUES
(1, 1),
(2, 1),
(3, 1),
(4, 1),
(5, 1),
(6, 1),
(7, 1),
(8, 1),
(9, 1),
(10, 1),
(11, 1),
(12, 1),
(13, 1),
(14, 1),
(15, 1),
(16, 1),
(17, 1),
(18, 1),
(19, 1),
(20, 1),
(21, 1),
(22, 1),
(23, 1),
(24, 1),
(25, 1),
(26, 1),
(27, 1),
(1, 2),
(2, 2),
(3, 2),
(4, 2),
(6, 2),
(7, 2),
(8, 2),
(10, 2),
(12, 2),
(1, 3),
(2, 3),
(6, 3),
(12, 3),
(1, 4),
(8, 4),
(1, 5),
(2, 5),
(3, 5),
(4, 5),
(5, 5),
(6, 5),
(7, 5),
(8, 5),
(9, 5),
(10, 5),
(11, 5),
(12, 5),
(13, 5),
(14, 5),
(15, 5),
(16, 5),
(17, 5),
(18, 5),
(19, 5),
(20, 5),
(21, 5),
(22, 5),
(23, 5),
(24, 5),
(25, 5),
(26, 5),
(27, 5);

-- --------------------------------------------------------

--
-- Table structure for table `sessions`
--

CREATE TABLE `sessions` (
  `id` varchar(255) COLLATE utf8mb4_unicode_ci NOT NULL,
  `user_id` bigint UNSIGNED DEFAULT NULL,
  `ip_address` varchar(45) COLLATE utf8mb4_unicode_ci DEFAULT NULL,
  `user_agent` text COLLATE utf8mb4_unicode_ci,
  `payload` longtext COLLATE utf8mb4_unicode_ci NOT NULL,
  `last_activity` int NOT NULL
) ENGINE=InnoDB DEFAULT CHARSET=utf8mb4 COLLATE=utf8mb4_unicode_ci;

--
-- Dumping data for table `sessions`
--

INSERT INTO `sessions` (`id`, `user_id`, `ip_address`, `user_agent`, `payload`, `last_activity`) VALUES
('ghVeBREcGDmcVqgbQqZ5cqkl6pwm4eG0ID27Iagw', 2, '127.0.0.1', 'Mozilla/5.0 (Macintosh; Intel Mac OS X 10_15_7) AppleWebKit/537.36 (KHTML, like Gecko) Chrome/145.0.0.0 Safari/537.36', 'YTo2OntzOjY6Il90b2tlbiI7czo0MDoiQVkzSDhLMmxqYlZKTkcxN3VqN3g1VGZCbVRVMXFPNXJhbnlOUzJvUSI7czozOiJ1cmwiO2E6MDp7fXM6OToiX3ByZXZpb3VzIjthOjI6e3M6MzoidXJsIjtzOjU5OiJodHRwOi8vMTI3LjAuMC4xOjgwMDAvYWRtaW4vcG9zL3Byb2R1Y3RzP3BhZ2U9MSZwZXJfcGFnZT0zMCI7czo1OiJyb3V0ZSI7czoxODoiYWRtaW4ucG9zLnByb2R1Y3RzIjt9czo2OiJfZmxhc2giO2E6Mjp7czozOiJvbGQiO2E6MDp7fXM6MzoibmV3IjthOjA6e319czo1MDoibG9naW5fd2ViXzU5YmEzNmFkZGMyYjJmOTQwMTU4MGYwMTRjN2Y1OGVhNGUzMDk4OWQiO2k6MjtzOjk6ImJyYW5jaF9pZCI7aToxO30=', 1773653181),
('UAAGVZVmVsXMY1jWeCG4nV9aSoqgzfzwBK0VQskM', 2, '127.0.0.1', 'Mozilla/5.0 (Macintosh; Intel Mac OS X 10_15_7) AppleWebKit/537.36 (KHTML, like Gecko) Chrome/145.0.0.0 Safari/537.36', 'YTo1OntzOjY6Il90b2tlbiI7czo0MDoid2RYeEQwNnpoM2JwbDVWWVU4RTJ6SHp2SXEwNlJibmxrQ3BueDB4ZiI7czo5OiJfcHJldmlvdXMiO2E6Mjp7czozOiJ1cmwiO3M6NDM6Imh0dHA6Ly8xMjcuMC4wLjE6ODAwMC9hZG1pbi9wb3MvcmVjZWlwdC8xNjYiO3M6NToicm91dGUiO3M6MTc6ImFkbWluLnBvcy5yZWNlaXB0Ijt9czo2OiJfZmxhc2giO2E6Mjp7czozOiJvbGQiO2E6MDp7fXM6MzoibmV3IjthOjA6e319czo1MDoibG9naW5fd2ViXzU5YmEzNmFkZGMyYjJmOTQwMTU4MGYwMTRjN2Y1OGVhNGUzMDk4OWQiO2k6MjtzOjk6ImJyYW5jaF9pZCI7aToxO30=', 1773603905);

-- --------------------------------------------------------

--
-- Table structure for table `shifts`
--

CREATE TABLE `shifts` (
  `id` bigint UNSIGNED NOT NULL,
  `employee_id` bigint UNSIGNED NOT NULL,
  `date` date NOT NULL,
  `start_time` time NOT NULL,
  `end_time` time DEFAULT NULL,
  `notes` text COLLATE utf8mb4_unicode_ci,
  `created_at` timestamp NULL DEFAULT NULL,
  `updated_at` timestamp NULL DEFAULT NULL
) ENGINE=InnoDB DEFAULT CHARSET=utf8mb4 COLLATE=utf8mb4_unicode_ci;

-- --------------------------------------------------------

--
-- Table structure for table `suppliers`
--

CREATE TABLE `suppliers` (
  `id` bigint UNSIGNED NOT NULL,
  `branch_id` bigint UNSIGNED DEFAULT NULL,
  `name` varchar(255) COLLATE utf8mb4_unicode_ci NOT NULL,
  `email` varchar(255) COLLATE utf8mb4_unicode_ci DEFAULT NULL,
  `phone` varchar(255) COLLATE utf8mb4_unicode_ci NOT NULL,
  `address` text COLLATE utf8mb4_unicode_ci,
  `company_name` varchar(255) COLLATE utf8mb4_unicode_ci DEFAULT NULL,
  `created_at` timestamp NULL DEFAULT NULL,
  `updated_at` timestamp NULL DEFAULT NULL
) ENGINE=InnoDB DEFAULT CHARSET=utf8mb4 COLLATE=utf8mb4_unicode_ci;

--
-- Dumping data for table `suppliers`
--

INSERT INTO `suppliers` (`id`, `branch_id`, `name`, `email`, `phone`, `address`, `company_name`, `created_at`, `updated_at`) VALUES
(6, 1, 'Alamdar Bhai', '', '+923335234311', 'Islam Abad', 'M Ali Book Depot ISB', '2025-06-27 14:56:46', '2025-12-19 21:13:48'),
(7, 1, 'M Ali (Balagh ul Quran)', '', '+923455396506', 'Jamia Al Kosar Islamabad', 'Al Koser Balagh ul QUran', '2025-12-19 21:15:46', '2025-12-19 21:15:46'),
(8, 1, 'ALMufeed', '', '+923004466912', '', 'ALMufeed', '2026-01-18 07:09:11', '2026-01-18 07:09:11');

-- --------------------------------------------------------

--
-- Table structure for table `supplier_payments`
--

CREATE TABLE `supplier_payments` (
  `id` bigint UNSIGNED NOT NULL,
  `payment_number` varchar(255) COLLATE utf8mb4_unicode_ci NOT NULL,
  `supplier_id` bigint UNSIGNED NOT NULL,
  `purchase_id` bigint UNSIGNED DEFAULT NULL,
  `branch_id` bigint UNSIGNED DEFAULT NULL,
  `amount` decimal(12,2) NOT NULL,
  `payment_date` date NOT NULL,
  `payment_method` varchar(255) COLLATE utf8mb4_unicode_ci NOT NULL DEFAULT 'cash',
  `notes` text COLLATE utf8mb4_unicode_ci,
  `created_by` bigint UNSIGNED DEFAULT NULL,
  `created_at` timestamp NULL DEFAULT NULL,
  `updated_at` timestamp NULL DEFAULT NULL
) ENGINE=InnoDB DEFAULT CHARSET=utf8mb4 COLLATE=utf8mb4_unicode_ci;

-- --------------------------------------------------------

--
-- Table structure for table `units`
--

CREATE TABLE `units` (
  `id` bigint UNSIGNED NOT NULL,
  `name` varchar(255) COLLATE utf8mb4_unicode_ci NOT NULL,
  `abbreviation` varchar(255) COLLATE utf8mb4_unicode_ci DEFAULT NULL,
  `description` text COLLATE utf8mb4_unicode_ci,
  `is_active` tinyint(1) NOT NULL DEFAULT '1',
  `created_at` timestamp NULL DEFAULT NULL,
  `updated_at` timestamp NULL DEFAULT NULL
) ENGINE=InnoDB DEFAULT CHARSET=utf8mb4 COLLATE=utf8mb4_unicode_ci;

--
-- Dumping data for table `units`
--

INSERT INTO `units` (`id`, `name`, `abbreviation`, `description`, `is_active`, `created_at`, `updated_at`) VALUES
(1, 'Piece', 'pcs', 'Single item or unit', 1, '2026-02-08 13:37:32', '2026-02-08 13:37:32'),
(2, 'Dozen', 'dz', '12 pieces', 1, '2026-02-08 13:37:32', '2026-02-08 13:37:32'),
(3, 'Kilogram', 'kg', 'Weight measurement', 1, '2026-02-08 13:37:32', '2026-02-08 13:37:32'),
(4, 'Gram', 'g', 'Weight measurement', 1, '2026-02-08 13:37:32', '2026-02-08 13:37:32'),
(7, 'Meter', 'm', 'Length measurement', 1, '2026-02-08 13:37:32', '2026-02-08 13:37:32'),
(8, 'Centimeter', 'cm', 'Length measurement', 1, '2026-02-08 13:37:32', '2026-02-08 13:37:32'),
(9, 'Box', 'box', 'Complete box', 1, '2026-02-08 13:37:32', '2026-02-08 13:37:32'),
(10, 'Packet', 'pkt', 'Packet of items', 1, '2026-02-08 13:37:32', '2026-02-08 13:37:32'),
(11, 'Carton', 'ctn', 'Carton box', 1, '2026-02-08 13:37:32', '2026-02-08 13:37:32'),
(12, 'Pair', 'pr', 'Two items together', 1, '2026-02-08 13:37:32', '2026-02-08 13:37:32'),
(13, 'Set', 'set', 'Complete set of items', 1, '2026-02-08 13:37:32', '2026-02-08 13:37:32'),
(14, 'Bottle', 'btl', 'Bottle container', 1, '2026-02-08 13:37:32', '2026-02-08 13:37:32'),
(16, 'Roll', 'roll', 'Roll of material', 1, '2026-02-08 13:37:32', '2026-02-08 13:37:32'),
(17, 'Sheet', 'sheet', 'Single sheet', 1, '2026-02-08 13:37:32', '2026-02-08 13:37:32'),
(18, 'Bag', 'bag', 'Bag of items', 1, '2026-02-08 13:37:32', '2026-02-08 13:37:32'),
(19, 'Pack', 'pack', 'Pack of items', 1, '2026-02-08 13:37:32', '2026-02-08 13:37:32'),
(20, 'Unit', 'unit', 'Generic unit', 1, '2026-02-08 13:37:32', '2026-02-08 13:37:32');

-- --------------------------------------------------------

--
-- Table structure for table `users`
--

CREATE TABLE `users` (
  `id` bigint UNSIGNED NOT NULL,
  `branch_id` bigint UNSIGNED DEFAULT NULL,
  `name` varchar(255) COLLATE utf8mb4_unicode_ci NOT NULL,
  `email` varchar(255) COLLATE utf8mb4_unicode_ci NOT NULL,
  `password` varchar(255) COLLATE utf8mb4_unicode_ci NOT NULL,
  `user_type` enum('admin','manager','cashier','employee') COLLATE utf8mb4_unicode_ci NOT NULL DEFAULT 'cashier',
  `email_verified_at` timestamp NULL DEFAULT NULL,
  `remember_token` varchar(100) COLLATE utf8mb4_unicode_ci DEFAULT NULL,
  `created_at` timestamp NULL DEFAULT NULL,
  `updated_at` timestamp NULL DEFAULT NULL
) ENGINE=InnoDB DEFAULT CHARSET=utf8mb4 COLLATE=utf8mb4_unicode_ci;

--
-- Dumping data for table `users`
--

INSERT INTO `users` (`id`, `branch_id`, `name`, `email`, `password`, `user_type`, `email_verified_at`, `remember_token`, `created_at`, `updated_at`) VALUES
(1, 2, 'Furqan', 'furqan7853@gmail.com', '$2y$12$oigNiCjBO2ZSNApzOXcJuuf9UaJK.EMuvlNIBOXDmJ3MJ8t84Aoj.', 'cashier', NULL, NULL, '2025-06-23 13:31:02', '2026-03-12 02:54:09'),
(2, NULL, 'Admin', 'admin@gmail.com', '$2y$12$Yh./6bb2oRHY2PEYi.4AgeJeIP98hV1uqd5hd6nSd88GPj4jW0IDe', 'admin', '2025-09-14 14:07:43', 'YfyC45ejFofU5ELjhesX7cYBE9T5D6i3MTUtjIaEA4zpFyL1Yon2wVivUKWh', '2025-09-14 14:07:43', '2026-03-12 01:51:40'),
(6, 2, 'Naseem Abbas', '7747789@gmail.com', '$2y$12$Lrpucmk8ADIvroOVlC4tSe2bmyoD0ksPi85AOIyUsyOE.NuQHoqpS', 'cashier', NULL, 'h1d0y5TJe0Ub0A1Ooxi7tsnAs5dvcXwf3HDvyl4C8PQBFwU4kmpG0ha8oHgL', '2025-09-15 21:15:12', '2026-03-12 02:59:43'),
(7, NULL, 'Ali Kumail', '7212469@gmail.com', '$2y$12$odTKHGvMJcn0G3Hbyt1Y0.F9MGNPdFB9guDh75X/OZr1u/8tR2lfa', 'cashier', NULL, 'O5yxYrjXMt9VQdEc4nX7rt9hJ74JLQFosisLrVQYA92MDfiUxI4DQwqoYYE0', '2025-09-16 02:00:57', '2026-03-12 01:51:40'),
(8, NULL, 'Tehsin Zahra', 'tehsinzahra@gmail.com', '$2y$12$CWXK3ulpFkSN0DPWseEUROwfyDgYLqegGL.G3RSW1Qp7MFFNBlY8e', 'cashier', NULL, '10NgyDA1VoHpSoMgCqZs4OB7j18SIfN0XsDp3fgXLTrAagoF905joXipKetW', '2026-02-03 21:19:25', '2026-03-12 01:51:40'),
(9, 3, 'Mohsin Mehdi', 'km.mobiles1272@gmail.com', '$2y$12$pFF8wLaPB1m5jpLAIXBiKukQXqXbNKNLVnudtAuZnePhvEn4YIwqW', 'cashier', NULL, 'DWk7BXmRCHhfnLe7Fl290adRRG9tKHL68OoaXvEYSQZH4I0YGhirGUaBZf3o', '2026-03-12 08:19:46', '2026-03-12 08:20:19'),
(10, NULL, 'Atwaf Ali ', 'malikmrajput@gmail.com', '$2y$12$y0KimGYcBT2wpLaWInwWNO15kW2LT7/YXmd.2wQr2ZxUiivUOhOLa', 'cashier', NULL, NULL, '2026-03-12 08:47:03', '2026-03-12 08:47:03');

--
-- Indexes for dumped tables
--

--
-- Indexes for table `attendances`
--
ALTER TABLE `attendances`
  ADD PRIMARY KEY (`id`),
  ADD UNIQUE KEY `unique_employee_date_session` (`employee_id`,`date`,`session`),
  ADD KEY `attendances_branch_id_foreign` (`branch_id`);

--
-- Indexes for table `attendance_sessions`
--
ALTER TABLE `attendance_sessions`
  ADD PRIMARY KEY (`id`),
  ADD KEY `attendance_sessions_attendance_id_foreign` (`attendance_id`);

--
-- Indexes for table `branches`
--
ALTER TABLE `branches`
  ADD PRIMARY KEY (`id`),
  ADD UNIQUE KEY `branches_code_unique` (`code`);

--
-- Indexes for table `branch_product_stock`
--
ALTER TABLE `branch_product_stock`
  ADD PRIMARY KEY (`id`),
  ADD UNIQUE KEY `branch_product_stock_branch_id_product_id_unique` (`branch_id`,`product_id`),
  ADD KEY `branch_product_stock_product_id_foreign` (`product_id`);

--
-- Indexes for table `cache`
--
ALTER TABLE `cache`
  ADD PRIMARY KEY (`key`);

--
-- Indexes for table `cache_locks`
--
ALTER TABLE `cache_locks`
  ADD PRIMARY KEY (`key`);

--
-- Indexes for table `categories`
--
ALTER TABLE `categories`
  ADD PRIMARY KEY (`id`),
  ADD KEY `categories_branch_id_foreign` (`branch_id`);

--
-- Indexes for table `credit_ledgers`
--
ALTER TABLE `credit_ledgers`
  ADD PRIMARY KEY (`id`),
  ADD UNIQUE KEY `credit_ledgers_ledger_number_unique` (`ledger_number`),
  ADD KEY `credit_ledgers_customer_id_index` (`customer_id`),
  ADD KEY `credit_ledgers_status_index` (`status`);

--
-- Indexes for table `credit_transactions`
--
ALTER TABLE `credit_transactions`
  ADD PRIMARY KEY (`id`),
  ADD UNIQUE KEY `credit_transactions_transaction_number_unique` (`transaction_number`),
  ADD KEY `credit_transactions_payment_id_foreign` (`payment_id`),
  ADD KEY `credit_transactions_created_by_foreign` (`created_by`),
  ADD KEY `credit_transactions_customer_id_index` (`customer_id`),
  ADD KEY `credit_transactions_credit_ledger_id_index` (`credit_ledger_id`),
  ADD KEY `credit_transactions_order_id_index` (`order_id`),
  ADD KEY `credit_transactions_transaction_type_index` (`transaction_type`),
  ADD KEY `credit_transactions_payment_status_index` (`payment_status`),
  ADD KEY `credit_transactions_due_date_index` (`due_date`),
  ADD KEY `credit_transactions_transaction_date_index` (`transaction_date`);

--
-- Indexes for table `customers`
--
ALTER TABLE `customers`
  ADD PRIMARY KEY (`id`),
  ADD KEY `customers_branch_id_foreign` (`branch_id`);

--
-- Indexes for table `delivery_charge_slabs`
--
ALTER TABLE `delivery_charge_slabs`
  ADD PRIMARY KEY (`id`),
  ADD KEY `delivery_charge_slabs_dispatch_method_id_foreign` (`dispatch_method_id`);

--
-- Indexes for table `dispatch_methods`
--
ALTER TABLE `dispatch_methods`
  ADD PRIMARY KEY (`id`);

--
-- Indexes for table `ecommerce_sync_logs`
--
ALTER TABLE `ecommerce_sync_logs`
  ADD PRIMARY KEY (`id`),
  ADD KEY `ecommerce_sync_logs_user_id_foreign` (`user_id`);

--
-- Indexes for table `employees`
--
ALTER TABLE `employees`
  ADD PRIMARY KEY (`id`),
  ADD KEY `employees_user_id_foreign` (`user_id`),
  ADD KEY `employees_branch_id_foreign` (`branch_id`);

--
-- Indexes for table `expenses`
--
ALTER TABLE `expenses`
  ADD PRIMARY KEY (`id`),
  ADD KEY `expenses_user_id_foreign` (`user_id`);

--
-- Indexes for table `failed_jobs`
--
ALTER TABLE `failed_jobs`
  ADD PRIMARY KEY (`id`),
  ADD UNIQUE KEY `failed_jobs_uuid_unique` (`uuid`);

--
-- Indexes for table `inventory_logs`
--
ALTER TABLE `inventory_logs`
  ADD PRIMARY KEY (`id`),
  ADD KEY `inventory_logs_purchase_id_foreign` (`purchase_id`),
  ADD KEY `inventory_logs_product_id_foreign` (`product_id`),
  ADD KEY `inventory_logs_user_id_foreign` (`user_id`),
  ADD KEY `inventory_logs_branch_id_foreign` (`branch_id`);

--
-- Indexes for table `jobs`
--
ALTER TABLE `jobs`
  ADD PRIMARY KEY (`id`),
  ADD KEY `jobs_queue_index` (`queue`);

--
-- Indexes for table `job_batches`
--
ALTER TABLE `job_batches`
  ADD PRIMARY KEY (`id`);

--
-- Indexes for table `ledger_accounts`
--
ALTER TABLE `ledger_accounts`
  ADD PRIMARY KEY (`id`),
  ADD UNIQUE KEY `ledger_accounts_account_code_unique` (`account_code`),
  ADD KEY `ledger_accounts_created_by_foreign` (`created_by`);

--
-- Indexes for table `ledger_account_entries`
--
ALTER TABLE `ledger_account_entries`
  ADD PRIMARY KEY (`id`),
  ADD UNIQUE KEY `ledger_account_entries_entry_number_unique` (`entry_number`),
  ADD KEY `ledger_account_entries_created_by_foreign` (`created_by`),
  ADD KEY `ledger_account_entries_ledger_account_id_entry_date_index` (`ledger_account_id`,`entry_date`);

--
-- Indexes for table `ledger_entries`
--
ALTER TABLE `ledger_entries`
  ADD PRIMARY KEY (`id`),
  ADD UNIQUE KEY `ledger_entries_entry_number_unique` (`entry_number`),
  ADD KEY `ledger_entries_reference_type_reference_id_index` (`reference_type`,`reference_id`),
  ADD KEY `ledger_entries_user_id_foreign` (`user_id`),
  ADD KEY `ledger_entries_entry_date_account_type_index` (`entry_date`,`account_type`),
  ADD KEY `ledger_entries_transaction_type_index` (`transaction_type`),
  ADD KEY `ledger_entries_party_type_party_id_index` (`party_type`,`party_id`);

--
-- Indexes for table `login_histories`
--
ALTER TABLE `login_histories`
  ADD PRIMARY KEY (`id`),
  ADD KEY `login_histories_user_id_foreign` (`user_id`);

--
-- Indexes for table `migrations`
--
ALTER TABLE `migrations`
  ADD PRIMARY KEY (`id`);

--
-- Indexes for table `model_has_permissions`
--
ALTER TABLE `model_has_permissions`
  ADD PRIMARY KEY (`permission_id`,`model_id`,`model_type`),
  ADD KEY `model_has_permissions_model_id_model_type_index` (`model_id`,`model_type`);

--
-- Indexes for table `model_has_roles`
--
ALTER TABLE `model_has_roles`
  ADD PRIMARY KEY (`role_id`,`model_id`,`model_type`),
  ADD KEY `model_has_roles_model_id_model_type_index` (`model_id`,`model_type`);

--
-- Indexes for table `orders`
--
ALTER TABLE `orders`
  ADD PRIMARY KEY (`id`),
  ADD UNIQUE KEY `orders_order_number_unique` (`order_number`),
  ADD KEY `orders_customer_id_foreign` (`customer_id`),
  ADD KEY `orders_user_id_foreign` (`user_id`),
  ADD KEY `credit_ledger_id` (`credit_ledger_id`),
  ADD KEY `orders_branch_id_foreign` (`branch_id`);

--
-- Indexes for table `order_items`
--
ALTER TABLE `order_items`
  ADD PRIMARY KEY (`id`),
  ADD KEY `order_items_order_id_foreign` (`order_id`),
  ADD KEY `order_items_product_id_foreign` (`product_id`),
  ADD KEY `order_items_variant_id_foreign` (`variant_id`);

--
-- Indexes for table `password_reset_tokens`
--
ALTER TABLE `password_reset_tokens`
  ADD PRIMARY KEY (`email`);

--
-- Indexes for table `payments`
--
ALTER TABLE `payments`
  ADD PRIMARY KEY (`id`),
  ADD KEY `payments_order_id_foreign` (`order_id`),
  ADD KEY `payments_customer_id_foreign` (`customer_id`),
  ADD KEY `payments_created_by_foreign` (`created_by`);

--
-- Indexes for table `payment_methods`
--
ALTER TABLE `payment_methods`
  ADD PRIMARY KEY (`id`);

--
-- Indexes for table `payrolls`
--
ALTER TABLE `payrolls`
  ADD PRIMARY KEY (`id`),
  ADD KEY `payrolls_employee_id_foreign` (`employee_id`),
  ADD KEY `payrolls_branch_id_foreign` (`branch_id`);

--
-- Indexes for table `permissions`
--
ALTER TABLE `permissions`
  ADD PRIMARY KEY (`id`),
  ADD UNIQUE KEY `permissions_name_guard_name_unique` (`name`,`guard_name`);

--
-- Indexes for table `products`
--
ALTER TABLE `products`
  ADD PRIMARY KEY (`id`),
  ADD UNIQUE KEY `products_barcode_unique` (`barcode`),
  ADD KEY `products_category_id_foreign` (`category_id`),
  ADD KEY `products_branch_id_foreign` (`branch_id`);

--
-- Indexes for table `product_variants`
--
ALTER TABLE `product_variants`
  ADD PRIMARY KEY (`id`),
  ADD KEY `product_variants_product_id_foreign` (`product_id`);

--
-- Indexes for table `purchases`
--
ALTER TABLE `purchases`
  ADD PRIMARY KEY (`id`),
  ADD UNIQUE KEY `purchases_invoice_number_unique` (`invoice_number`),
  ADD KEY `purchases_supplier_id_foreign` (`supplier_id`),
  ADD KEY `purchases_branch_id_foreign` (`branch_id`);

--
-- Indexes for table `purchase_items`
--
ALTER TABLE `purchase_items`
  ADD PRIMARY KEY (`id`),
  ADD KEY `purchase_items_purchase_id_foreign` (`purchase_id`),
  ADD KEY `purchase_items_product_id_foreign` (`product_id`);

--
-- Indexes for table `receipts`
--
ALTER TABLE `receipts`
  ADD PRIMARY KEY (`id`),
  ADD UNIQUE KEY `receipts_receipt_number_unique` (`receipt_number`),
  ADD KEY `receipts_order_id_foreign` (`order_id`);

--
-- Indexes for table `refunds`
--
ALTER TABLE `refunds`
  ADD PRIMARY KEY (`id`),
  ADD KEY `refunds_order_id_foreign` (`order_id`),
  ADD KEY `refunds_user_id_foreign` (`user_id`);

--
-- Indexes for table `roles`
--
ALTER TABLE `roles`
  ADD PRIMARY KEY (`id`),
  ADD UNIQUE KEY `roles_name_guard_name_unique` (`name`,`guard_name`);

--
-- Indexes for table `role_has_permissions`
--
ALTER TABLE `role_has_permissions`
  ADD PRIMARY KEY (`permission_id`,`role_id`),
  ADD KEY `role_has_permissions_role_id_foreign` (`role_id`);

--
-- Indexes for table `sessions`
--
ALTER TABLE `sessions`
  ADD PRIMARY KEY (`id`),
  ADD KEY `sessions_user_id_index` (`user_id`),
  ADD KEY `sessions_last_activity_index` (`last_activity`);

--
-- Indexes for table `shifts`
--
ALTER TABLE `shifts`
  ADD PRIMARY KEY (`id`),
  ADD KEY `shifts_employee_id_foreign` (`employee_id`);

--
-- Indexes for table `suppliers`
--
ALTER TABLE `suppliers`
  ADD PRIMARY KEY (`id`),
  ADD KEY `suppliers_branch_id_foreign` (`branch_id`);

--
-- Indexes for table `supplier_payments`
--
ALTER TABLE `supplier_payments`
  ADD PRIMARY KEY (`id`),
  ADD UNIQUE KEY `supplier_payments_payment_number_unique` (`payment_number`),
  ADD KEY `supplier_payments_supplier_id_foreign` (`supplier_id`),
  ADD KEY `supplier_payments_purchase_id_foreign` (`purchase_id`),
  ADD KEY `supplier_payments_branch_id_foreign` (`branch_id`),
  ADD KEY `supplier_payments_created_by_foreign` (`created_by`);

--
-- Indexes for table `units`
--
ALTER TABLE `units`
  ADD PRIMARY KEY (`id`);

--
-- Indexes for table `users`
--
ALTER TABLE `users`
  ADD PRIMARY KEY (`id`),
  ADD UNIQUE KEY `users_email_unique` (`email`),
  ADD KEY `users_branch_id_foreign` (`branch_id`);

--
-- AUTO_INCREMENT for dumped tables
--

--
-- AUTO_INCREMENT for table `attendances`
--
ALTER TABLE `attendances`
  MODIFY `id` bigint UNSIGNED NOT NULL AUTO_INCREMENT, AUTO_INCREMENT=93;

--
-- AUTO_INCREMENT for table `attendance_sessions`
--
ALTER TABLE `attendance_sessions`
  MODIFY `id` bigint UNSIGNED NOT NULL AUTO_INCREMENT, AUTO_INCREMENT=72;

--
-- AUTO_INCREMENT for table `branches`
--
ALTER TABLE `branches`
  MODIFY `id` bigint UNSIGNED NOT NULL AUTO_INCREMENT, AUTO_INCREMENT=4;

--
-- AUTO_INCREMENT for table `branch_product_stock`
--
ALTER TABLE `branch_product_stock`
  MODIFY `id` bigint UNSIGNED NOT NULL AUTO_INCREMENT, AUTO_INCREMENT=1047;

--
-- AUTO_INCREMENT for table `categories`
--
ALTER TABLE `categories`
  MODIFY `id` bigint UNSIGNED NOT NULL AUTO_INCREMENT, AUTO_INCREMENT=29;

--
-- AUTO_INCREMENT for table `credit_ledgers`
--
ALTER TABLE `credit_ledgers`
  MODIFY `id` bigint UNSIGNED NOT NULL AUTO_INCREMENT, AUTO_INCREMENT=8;

--
-- AUTO_INCREMENT for table `credit_transactions`
--
ALTER TABLE `credit_transactions`
  MODIFY `id` bigint UNSIGNED NOT NULL AUTO_INCREMENT;

--
-- AUTO_INCREMENT for table `customers`
--
ALTER TABLE `customers`
  MODIFY `id` bigint UNSIGNED NOT NULL AUTO_INCREMENT, AUTO_INCREMENT=73;

--
-- AUTO_INCREMENT for table `delivery_charge_slabs`
--
ALTER TABLE `delivery_charge_slabs`
  MODIFY `id` bigint UNSIGNED NOT NULL AUTO_INCREMENT, AUTO_INCREMENT=4;

--
-- AUTO_INCREMENT for table `dispatch_methods`
--
ALTER TABLE `dispatch_methods`
  MODIFY `id` bigint UNSIGNED NOT NULL AUTO_INCREMENT, AUTO_INCREMENT=6;

--
-- AUTO_INCREMENT for table `ecommerce_sync_logs`
--
ALTER TABLE `ecommerce_sync_logs`
  MODIFY `id` bigint UNSIGNED NOT NULL AUTO_INCREMENT;

--
-- AUTO_INCREMENT for table `employees`
--
ALTER TABLE `employees`
  MODIFY `id` bigint UNSIGNED NOT NULL AUTO_INCREMENT, AUTO_INCREMENT=9;

--
-- AUTO_INCREMENT for table `expenses`
--
ALTER TABLE `expenses`
  MODIFY `id` bigint UNSIGNED NOT NULL AUTO_INCREMENT;

--
-- AUTO_INCREMENT for table `failed_jobs`
--
ALTER TABLE `failed_jobs`
  MODIFY `id` bigint UNSIGNED NOT NULL AUTO_INCREMENT;

--
-- AUTO_INCREMENT for table `inventory_logs`
--
ALTER TABLE `inventory_logs`
  MODIFY `id` bigint UNSIGNED NOT NULL AUTO_INCREMENT, AUTO_INCREMENT=520;

--
-- AUTO_INCREMENT for table `jobs`
--
ALTER TABLE `jobs`
  MODIFY `id` bigint UNSIGNED NOT NULL AUTO_INCREMENT;

--
-- AUTO_INCREMENT for table `ledger_accounts`
--
ALTER TABLE `ledger_accounts`
  MODIFY `id` bigint UNSIGNED NOT NULL AUTO_INCREMENT, AUTO_INCREMENT=3;

--
-- AUTO_INCREMENT for table `ledger_account_entries`
--
ALTER TABLE `ledger_account_entries`
  MODIFY `id` bigint UNSIGNED NOT NULL AUTO_INCREMENT, AUTO_INCREMENT=4;

--
-- AUTO_INCREMENT for table `ledger_entries`
--
ALTER TABLE `ledger_entries`
  MODIFY `id` bigint UNSIGNED NOT NULL AUTO_INCREMENT, AUTO_INCREMENT=148;

--
-- AUTO_INCREMENT for table `login_histories`
--
ALTER TABLE `login_histories`
  MODIFY `id` bigint UNSIGNED NOT NULL AUTO_INCREMENT;

--
-- AUTO_INCREMENT for table `migrations`
--
ALTER TABLE `migrations`
  MODIFY `id` int UNSIGNED NOT NULL AUTO_INCREMENT, AUTO_INCREMENT=47;

--
-- AUTO_INCREMENT for table `orders`
--
ALTER TABLE `orders`
  MODIFY `id` bigint UNSIGNED NOT NULL AUTO_INCREMENT, AUTO_INCREMENT=167;

--
-- AUTO_INCREMENT for table `order_items`
--
ALTER TABLE `order_items`
  MODIFY `id` bigint UNSIGNED NOT NULL AUTO_INCREMENT, AUTO_INCREMENT=406;

--
-- AUTO_INCREMENT for table `payments`
--
ALTER TABLE `payments`
  MODIFY `id` bigint UNSIGNED NOT NULL AUTO_INCREMENT, AUTO_INCREMENT=58;

--
-- AUTO_INCREMENT for table `payment_methods`
--
ALTER TABLE `payment_methods`
  MODIFY `id` bigint UNSIGNED NOT NULL AUTO_INCREMENT, AUTO_INCREMENT=7;

--
-- AUTO_INCREMENT for table `payrolls`
--
ALTER TABLE `payrolls`
  MODIFY `id` bigint UNSIGNED NOT NULL AUTO_INCREMENT, AUTO_INCREMENT=39;

--
-- AUTO_INCREMENT for table `permissions`
--
ALTER TABLE `permissions`
  MODIFY `id` bigint UNSIGNED NOT NULL AUTO_INCREMENT, AUTO_INCREMENT=28;

--
-- AUTO_INCREMENT for table `products`
--
ALTER TABLE `products`
  MODIFY `id` bigint UNSIGNED NOT NULL AUTO_INCREMENT, AUTO_INCREMENT=417;

--
-- AUTO_INCREMENT for table `product_variants`
--
ALTER TABLE `product_variants`
  MODIFY `id` bigint UNSIGNED NOT NULL AUTO_INCREMENT, AUTO_INCREMENT=4;

--
-- AUTO_INCREMENT for table `purchases`
--
ALTER TABLE `purchases`
  MODIFY `id` bigint UNSIGNED NOT NULL AUTO_INCREMENT, AUTO_INCREMENT=11;

--
-- AUTO_INCREMENT for table `purchase_items`
--
ALTER TABLE `purchase_items`
  MODIFY `id` bigint UNSIGNED NOT NULL AUTO_INCREMENT, AUTO_INCREMENT=26;

--
-- AUTO_INCREMENT for table `receipts`
--
ALTER TABLE `receipts`
  MODIFY `id` bigint UNSIGNED NOT NULL AUTO_INCREMENT;

--
-- AUTO_INCREMENT for table `refunds`
--
ALTER TABLE `refunds`
  MODIFY `id` bigint UNSIGNED NOT NULL AUTO_INCREMENT, AUTO_INCREMENT=2;

--
-- AUTO_INCREMENT for table `roles`
--
ALTER TABLE `roles`
  MODIFY `id` bigint UNSIGNED NOT NULL AUTO_INCREMENT, AUTO_INCREMENT=6;

--
-- AUTO_INCREMENT for table `shifts`
--
ALTER TABLE `shifts`
  MODIFY `id` bigint UNSIGNED NOT NULL AUTO_INCREMENT;

--
-- AUTO_INCREMENT for table `suppliers`
--
ALTER TABLE `suppliers`
  MODIFY `id` bigint UNSIGNED NOT NULL AUTO_INCREMENT, AUTO_INCREMENT=9;

--
-- AUTO_INCREMENT for table `supplier_payments`
--
ALTER TABLE `supplier_payments`
  MODIFY `id` bigint UNSIGNED NOT NULL AUTO_INCREMENT;

--
-- AUTO_INCREMENT for table `units`
--
ALTER TABLE `units`
  MODIFY `id` bigint UNSIGNED NOT NULL AUTO_INCREMENT, AUTO_INCREMENT=22;

--
-- AUTO_INCREMENT for table `users`
--
ALTER TABLE `users`
  MODIFY `id` bigint UNSIGNED NOT NULL AUTO_INCREMENT, AUTO_INCREMENT=11;

--
-- Constraints for dumped tables
--

--
-- Constraints for table `attendances`
--
ALTER TABLE `attendances`
  ADD CONSTRAINT `attendances_branch_id_foreign` FOREIGN KEY (`branch_id`) REFERENCES `branches` (`id`) ON DELETE SET NULL,
  ADD CONSTRAINT `attendances_employee_id_foreign` FOREIGN KEY (`employee_id`) REFERENCES `employees` (`id`);

--
-- Constraints for table `attendance_sessions`
--
ALTER TABLE `attendance_sessions`
  ADD CONSTRAINT `attendance_sessions_attendance_id_foreign` FOREIGN KEY (`attendance_id`) REFERENCES `attendances` (`id`) ON DELETE CASCADE;

--
-- Constraints for table `branch_product_stock`
--
ALTER TABLE `branch_product_stock`
  ADD CONSTRAINT `branch_product_stock_branch_id_foreign` FOREIGN KEY (`branch_id`) REFERENCES `branches` (`id`) ON DELETE CASCADE,
  ADD CONSTRAINT `branch_product_stock_product_id_foreign` FOREIGN KEY (`product_id`) REFERENCES `products` (`id`) ON DELETE CASCADE;

--
-- Constraints for table `categories`
--
ALTER TABLE `categories`
  ADD CONSTRAINT `categories_branch_id_foreign` FOREIGN KEY (`branch_id`) REFERENCES `branches` (`id`) ON DELETE SET NULL;

--
-- Constraints for table `credit_ledgers`
--
ALTER TABLE `credit_ledgers`
  ADD CONSTRAINT `credit_ledgers_customer_id_foreign` FOREIGN KEY (`customer_id`) REFERENCES `customers` (`id`) ON DELETE CASCADE;

--
-- Constraints for table `credit_transactions`
--
ALTER TABLE `credit_transactions`
  ADD CONSTRAINT `credit_transactions_created_by_foreign` FOREIGN KEY (`created_by`) REFERENCES `users` (`id`),
  ADD CONSTRAINT `credit_transactions_credit_ledger_id_foreign` FOREIGN KEY (`credit_ledger_id`) REFERENCES `credit_ledgers` (`id`) ON DELETE CASCADE,
  ADD CONSTRAINT `credit_transactions_customer_id_foreign` FOREIGN KEY (`customer_id`) REFERENCES `customers` (`id`) ON DELETE CASCADE,
  ADD CONSTRAINT `credit_transactions_order_id_foreign` FOREIGN KEY (`order_id`) REFERENCES `orders` (`id`) ON DELETE SET NULL,
  ADD CONSTRAINT `credit_transactions_payment_id_foreign` FOREIGN KEY (`payment_id`) REFERENCES `payments` (`id`) ON DELETE SET NULL;

--
-- Constraints for table `customers`
--
ALTER TABLE `customers`
  ADD CONSTRAINT `customers_branch_id_foreign` FOREIGN KEY (`branch_id`) REFERENCES `branches` (`id`) ON DELETE SET NULL;

--
-- Constraints for table `delivery_charge_slabs`
--
ALTER TABLE `delivery_charge_slabs`
  ADD CONSTRAINT `delivery_charge_slabs_dispatch_method_id_foreign` FOREIGN KEY (`dispatch_method_id`) REFERENCES `dispatch_methods` (`id`) ON DELETE CASCADE;

--
-- Constraints for table `ecommerce_sync_logs`
--
ALTER TABLE `ecommerce_sync_logs`
  ADD CONSTRAINT `ecommerce_sync_logs_user_id_foreign` FOREIGN KEY (`user_id`) REFERENCES `users` (`id`) ON DELETE CASCADE;

--
-- Constraints for table `employees`
--
ALTER TABLE `employees`
  ADD CONSTRAINT `employees_branch_id_foreign` FOREIGN KEY (`branch_id`) REFERENCES `branches` (`id`) ON DELETE SET NULL,
  ADD CONSTRAINT `employees_user_id_foreign` FOREIGN KEY (`user_id`) REFERENCES `users` (`id`) ON DELETE CASCADE;

--
-- Constraints for table `expenses`
--
ALTER TABLE `expenses`
  ADD CONSTRAINT `expenses_user_id_foreign` FOREIGN KEY (`user_id`) REFERENCES `users` (`id`) ON DELETE CASCADE;

--
-- Constraints for table `inventory_logs`
--
ALTER TABLE `inventory_logs`
  ADD CONSTRAINT `inventory_logs_branch_id_foreign` FOREIGN KEY (`branch_id`) REFERENCES `branches` (`id`) ON DELETE SET NULL,
  ADD CONSTRAINT `inventory_logs_product_id_foreign` FOREIGN KEY (`product_id`) REFERENCES `products` (`id`) ON DELETE CASCADE,
  ADD CONSTRAINT `inventory_logs_purchase_id_foreign` FOREIGN KEY (`purchase_id`) REFERENCES `purchases` (`id`) ON DELETE CASCADE,
  ADD CONSTRAINT `inventory_logs_user_id_foreign` FOREIGN KEY (`user_id`) REFERENCES `users` (`id`) ON DELETE CASCADE;

--
-- Constraints for table `ledger_accounts`
--
ALTER TABLE `ledger_accounts`
  ADD CONSTRAINT `ledger_accounts_created_by_foreign` FOREIGN KEY (`created_by`) REFERENCES `users` (`id`) ON DELETE SET NULL;

--
-- Constraints for table `ledger_account_entries`
--
ALTER TABLE `ledger_account_entries`
  ADD CONSTRAINT `ledger_account_entries_created_by_foreign` FOREIGN KEY (`created_by`) REFERENCES `users` (`id`) ON DELETE SET NULL,
  ADD CONSTRAINT `ledger_account_entries_ledger_account_id_foreign` FOREIGN KEY (`ledger_account_id`) REFERENCES `ledger_accounts` (`id`) ON DELETE CASCADE;

--
-- Constraints for table `ledger_entries`
--
ALTER TABLE `ledger_entries`
  ADD CONSTRAINT `ledger_entries_user_id_foreign` FOREIGN KEY (`user_id`) REFERENCES `users` (`id`) ON DELETE SET NULL;

--
-- Constraints for table `login_histories`
--
ALTER TABLE `login_histories`
  ADD CONSTRAINT `login_histories_user_id_foreign` FOREIGN KEY (`user_id`) REFERENCES `users` (`id`);

--
-- Constraints for table `model_has_permissions`
--
ALTER TABLE `model_has_permissions`
  ADD CONSTRAINT `model_has_permissions_permission_id_foreign` FOREIGN KEY (`permission_id`) REFERENCES `permissions` (`id`) ON DELETE CASCADE;

--
-- Constraints for table `model_has_roles`
--
ALTER TABLE `model_has_roles`
  ADD CONSTRAINT `model_has_roles_role_id_foreign` FOREIGN KEY (`role_id`) REFERENCES `roles` (`id`) ON DELETE CASCADE;

--
-- Constraints for table `orders`
--
ALTER TABLE `orders`
  ADD CONSTRAINT `orders_branch_id_foreign` FOREIGN KEY (`branch_id`) REFERENCES `branches` (`id`) ON DELETE SET NULL,
  ADD CONSTRAINT `orders_customer_id_foreign` FOREIGN KEY (`customer_id`) REFERENCES `customers` (`id`) ON DELETE SET NULL,
  ADD CONSTRAINT `orders_user_id_foreign` FOREIGN KEY (`user_id`) REFERENCES `users` (`id`) ON DELETE SET NULL;

--
-- Constraints for table `order_items`
--
ALTER TABLE `order_items`
  ADD CONSTRAINT `order_items_order_id_foreign` FOREIGN KEY (`order_id`) REFERENCES `orders` (`id`) ON DELETE CASCADE,
  ADD CONSTRAINT `order_items_product_id_foreign` FOREIGN KEY (`product_id`) REFERENCES `products` (`id`) ON DELETE CASCADE,
  ADD CONSTRAINT `order_items_variant_id_foreign` FOREIGN KEY (`variant_id`) REFERENCES `product_variants` (`id`) ON DELETE SET NULL;

--
-- Constraints for table `payments`
--
ALTER TABLE `payments`
  ADD CONSTRAINT `payments_created_by_foreign` FOREIGN KEY (`created_by`) REFERENCES `users` (`id`) ON DELETE SET NULL,
  ADD CONSTRAINT `payments_customer_id_foreign` FOREIGN KEY (`customer_id`) REFERENCES `customers` (`id`) ON DELETE SET NULL,
  ADD CONSTRAINT `payments_order_id_foreign` FOREIGN KEY (`order_id`) REFERENCES `orders` (`id`) ON DELETE CASCADE;

--
-- Constraints for table `payrolls`
--
ALTER TABLE `payrolls`
  ADD CONSTRAINT `payrolls_branch_id_foreign` FOREIGN KEY (`branch_id`) REFERENCES `branches` (`id`) ON DELETE SET NULL,
  ADD CONSTRAINT `payrolls_employee_id_foreign` FOREIGN KEY (`employee_id`) REFERENCES `employees` (`id`) ON DELETE CASCADE;

--
-- Constraints for table `products`
--
ALTER TABLE `products`
  ADD CONSTRAINT `products_branch_id_foreign` FOREIGN KEY (`branch_id`) REFERENCES `branches` (`id`) ON DELETE SET NULL,
  ADD CONSTRAINT `products_category_id_foreign` FOREIGN KEY (`category_id`) REFERENCES `categories` (`id`) ON DELETE CASCADE;

--
-- Constraints for table `product_variants`
--
ALTER TABLE `product_variants`
  ADD CONSTRAINT `product_variants_product_id_foreign` FOREIGN KEY (`product_id`) REFERENCES `products` (`id`) ON DELETE CASCADE;

--
-- Constraints for table `purchases`
--
ALTER TABLE `purchases`
  ADD CONSTRAINT `purchases_branch_id_foreign` FOREIGN KEY (`branch_id`) REFERENCES `branches` (`id`) ON DELETE SET NULL,
  ADD CONSTRAINT `purchases_supplier_id_foreign` FOREIGN KEY (`supplier_id`) REFERENCES `suppliers` (`id`) ON DELETE CASCADE;

--
-- Constraints for table `purchase_items`
--
ALTER TABLE `purchase_items`
  ADD CONSTRAINT `purchase_items_product_id_foreign` FOREIGN KEY (`product_id`) REFERENCES `products` (`id`) ON DELETE CASCADE,
  ADD CONSTRAINT `purchase_items_purchase_id_foreign` FOREIGN KEY (`purchase_id`) REFERENCES `purchases` (`id`) ON DELETE CASCADE;

--
-- Constraints for table `receipts`
--
ALTER TABLE `receipts`
  ADD CONSTRAINT `receipts_order_id_foreign` FOREIGN KEY (`order_id`) REFERENCES `orders` (`id`);

--
-- Constraints for table `refunds`
--
ALTER TABLE `refunds`
  ADD CONSTRAINT `refunds_order_id_foreign` FOREIGN KEY (`order_id`) REFERENCES `orders` (`id`) ON DELETE CASCADE,
  ADD CONSTRAINT `refunds_user_id_foreign` FOREIGN KEY (`user_id`) REFERENCES `users` (`id`) ON DELETE CASCADE;

--
-- Constraints for table `role_has_permissions`
--
ALTER TABLE `role_has_permissions`
  ADD CONSTRAINT `role_has_permissions_permission_id_foreign` FOREIGN KEY (`permission_id`) REFERENCES `permissions` (`id`) ON DELETE CASCADE,
  ADD CONSTRAINT `role_has_permissions_role_id_foreign` FOREIGN KEY (`role_id`) REFERENCES `roles` (`id`) ON DELETE CASCADE;

--
-- Constraints for table `shifts`
--
ALTER TABLE `shifts`
  ADD CONSTRAINT `shifts_employee_id_foreign` FOREIGN KEY (`employee_id`) REFERENCES `employees` (`id`);

--
-- Constraints for table `suppliers`
--
ALTER TABLE `suppliers`
  ADD CONSTRAINT `suppliers_branch_id_foreign` FOREIGN KEY (`branch_id`) REFERENCES `branches` (`id`) ON DELETE SET NULL;

--
-- Constraints for table `supplier_payments`
--
ALTER TABLE `supplier_payments`
  ADD CONSTRAINT `supplier_payments_branch_id_foreign` FOREIGN KEY (`branch_id`) REFERENCES `branches` (`id`) ON DELETE SET NULL,
  ADD CONSTRAINT `supplier_payments_created_by_foreign` FOREIGN KEY (`created_by`) REFERENCES `users` (`id`) ON DELETE SET NULL,
  ADD CONSTRAINT `supplier_payments_purchase_id_foreign` FOREIGN KEY (`purchase_id`) REFERENCES `purchases` (`id`) ON DELETE SET NULL,
  ADD CONSTRAINT `supplier_payments_supplier_id_foreign` FOREIGN KEY (`supplier_id`) REFERENCES `suppliers` (`id`) ON DELETE CASCADE;

--
-- Constraints for table `users`
--
ALTER TABLE `users`
  ADD CONSTRAINT `users_branch_id_foreign` FOREIGN KEY (`branch_id`) REFERENCES `branches` (`id`) ON DELETE SET NULL;
COMMIT;

/*!40101 SET CHARACTER_SET_CLIENT=@OLD_CHARACTER_SET_CLIENT */;
/*!40101 SET CHARACTER_SET_RESULTS=@OLD_CHARACTER_SET_RESULTS */;
/*!40101 SET COLLATION_CONNECTION=@OLD_COLLATION_CONNECTION */;
